-- MySQL dump 10.13  Distrib 5.5.57, for Linux (x86_64)
--
-- Host: localhost    Database: zhuye
-- ------------------------------------------------------
-- Server version	5.5.57-log

/*!40101 SET @OLD_CHARACTER_SET_CLIENT=@@CHARACTER_SET_CLIENT */;
/*!40101 SET @OLD_CHARACTER_SET_RESULTS=@@CHARACTER_SET_RESULTS */;
/*!40101 SET @OLD_COLLATION_CONNECTION=@@COLLATION_CONNECTION */;
/*!40101 SET NAMES utf8 */;
/*!40103 SET @OLD_TIME_ZONE=@@TIME_ZONE */;
/*!40103 SET TIME_ZONE='+00:00' */;
/*!40014 SET @OLD_UNIQUE_CHECKS=@@UNIQUE_CHECKS, UNIQUE_CHECKS=0 */;
/*!40014 SET @OLD_FOREIGN_KEY_CHECKS=@@FOREIGN_KEY_CHECKS, FOREIGN_KEY_CHECKS=0 */;
/*!40101 SET @OLD_SQL_MODE=@@SQL_MODE, SQL_MODE='NO_AUTO_VALUE_ON_ZERO' */;
/*!40111 SET @OLD_SQL_NOTES=@@SQL_NOTES, SQL_NOTES=0 */;

--
-- Table structure for table `auth_group`
--

DROP TABLE IF EXISTS `auth_group`;
/*!40101 SET @saved_cs_client     = @@character_set_client */;
/*!40101 SET character_set_client = utf8 */;
CREATE TABLE `auth_group` (
  `id` int(11) NOT NULL AUTO_INCREMENT,
  `name` varchar(80) NOT NULL,
  PRIMARY KEY (`id`),
  UNIQUE KEY `name` (`name`)
) ENGINE=InnoDB DEFAULT CHARSET=utf8;
/*!40101 SET character_set_client = @saved_cs_client */;

--
-- Dumping data for table `auth_group`
--

LOCK TABLES `auth_group` WRITE;
/*!40000 ALTER TABLE `auth_group` DISABLE KEYS */;
/*!40000 ALTER TABLE `auth_group` ENABLE KEYS */;
UNLOCK TABLES;

--
-- Table structure for table `auth_group_permissions`
--

DROP TABLE IF EXISTS `auth_group_permissions`;
/*!40101 SET @saved_cs_client     = @@character_set_client */;
/*!40101 SET character_set_client = utf8 */;
CREATE TABLE `auth_group_permissions` (
  `id` int(11) NOT NULL AUTO_INCREMENT,
  `group_id` int(11) NOT NULL,
  `permission_id` int(11) NOT NULL,
  PRIMARY KEY (`id`),
  UNIQUE KEY `auth_group_permissions_group_id_permission_id_0cd325b0_uniq` (`group_id`,`permission_id`),
  KEY `auth_group_permissio_permission_id_84c5c92e_fk_auth_perm` (`permission_id`),
  CONSTRAINT `auth_group_permissio_permission_id_84c5c92e_fk_auth_perm` FOREIGN KEY (`permission_id`) REFERENCES `auth_permission` (`id`),
  CONSTRAINT `auth_group_permissions_group_id_b120cbf9_fk_auth_group_id` FOREIGN KEY (`group_id`) REFERENCES `auth_group` (`id`)
) ENGINE=InnoDB DEFAULT CHARSET=utf8;
/*!40101 SET character_set_client = @saved_cs_client */;

--
-- Dumping data for table `auth_group_permissions`
--

LOCK TABLES `auth_group_permissions` WRITE;
/*!40000 ALTER TABLE `auth_group_permissions` DISABLE KEYS */;
/*!40000 ALTER TABLE `auth_group_permissions` ENABLE KEYS */;
UNLOCK TABLES;

--
-- Table structure for table `auth_permission`
--

DROP TABLE IF EXISTS `auth_permission`;
/*!40101 SET @saved_cs_client     = @@character_set_client */;
/*!40101 SET character_set_client = utf8 */;
CREATE TABLE `auth_permission` (
  `id` int(11) NOT NULL AUTO_INCREMENT,
  `name` varchar(255) NOT NULL,
  `content_type_id` int(11) NOT NULL,
  `codename` varchar(100) NOT NULL,
  PRIMARY KEY (`id`),
  UNIQUE KEY `auth_permission_content_type_id_codename_01ab375a_uniq` (`content_type_id`,`codename`),
  CONSTRAINT `auth_permission_content_type_id_2f476e4b_fk_django_co` FOREIGN KEY (`content_type_id`) REFERENCES `django_content_type` (`id`)
) ENGINE=InnoDB AUTO_INCREMENT=34 DEFAULT CHARSET=utf8;
/*!40101 SET character_set_client = @saved_cs_client */;

--
-- Dumping data for table `auth_permission`
--

LOCK TABLES `auth_permission` WRITE;
/*!40000 ALTER TABLE `auth_permission` DISABLE KEYS */;
INSERT INTO `auth_permission` VALUES (1,'Can add log entry',1,'add_logentry'),(2,'Can change log entry',1,'change_logentry'),(3,'Can delete log entry',1,'delete_logentry'),(4,'Can add permission',2,'add_permission'),(5,'Can change permission',2,'change_permission'),(6,'Can delete permission',2,'delete_permission'),(7,'Can add group',3,'add_group'),(8,'Can change group',3,'change_group'),(9,'Can delete group',3,'delete_group'),(10,'Can add user',4,'add_user'),(11,'Can change user',4,'change_user'),(12,'Can delete user',4,'delete_user'),(13,'Can add content type',5,'add_contenttype'),(14,'Can change content type',5,'change_contenttype'),(15,'Can delete content type',5,'delete_contenttype'),(16,'Can add session',6,'add_session'),(17,'Can change session',6,'change_session'),(18,'Can delete session',6,'delete_session'),(19,'Can add 大分类',7,'add_category'),(20,'Can change 大分类',7,'change_category'),(21,'Can delete 大分类',7,'delete_category'),(22,'Can add 小分类',8,'add_smallcategory'),(23,'Can change 小分类',8,'change_smallcategory'),(24,'Can delete 小分类',8,'delete_smallcategory'),(25,'Can add 站点',9,'add_site'),(26,'Can change 站点',9,'change_site'),(27,'Can delete 站点',9,'delete_site'),(28,'Can add 背景',10,'add_background'),(29,'Can change 背景',10,'change_background'),(30,'Can delete 背景',10,'delete_background'),(31,'Can add 背景分类',11,'add_backgroundcategory'),(32,'Can change 背景分类',11,'change_backgroundcategory'),(33,'Can delete 背景分类',11,'delete_backgroundcategory');
/*!40000 ALTER TABLE `auth_permission` ENABLE KEYS */;
UNLOCK TABLES;

--
-- Table structure for table `auth_user`
--

DROP TABLE IF EXISTS `auth_user`;
/*!40101 SET @saved_cs_client     = @@character_set_client */;
/*!40101 SET character_set_client = utf8 */;
CREATE TABLE `auth_user` (
  `id` int(11) NOT NULL AUTO_INCREMENT,
  `password` varchar(128) NOT NULL,
  `last_login` datetime DEFAULT NULL,
  `is_superuser` tinyint(1) NOT NULL,
  `username` varchar(150) NOT NULL,
  `first_name` varchar(30) NOT NULL,
  `last_name` varchar(150) NOT NULL,
  `email` varchar(254) NOT NULL,
  `is_staff` tinyint(1) NOT NULL,
  `is_active` tinyint(1) NOT NULL,
  `date_joined` datetime NOT NULL,
  PRIMARY KEY (`id`),
  UNIQUE KEY `username` (`username`)
) ENGINE=InnoDB AUTO_INCREMENT=2 DEFAULT CHARSET=utf8;
/*!40101 SET character_set_client = @saved_cs_client */;

--
-- Dumping data for table `auth_user`
--

LOCK TABLES `auth_user` WRITE;
/*!40000 ALTER TABLE `auth_user` DISABLE KEYS */;
INSERT INTO `auth_user` VALUES (1,'pbkdf2_sha256$100000$3gC9rId7VfCQ$W4VaY+rIgqJO87stv4IQEx20vZDaqh3koTrnBOuyLGQ=','2018-07-17 18:36:15',1,'admin','','','',1,1,'2018-07-14 10:19:41');
/*!40000 ALTER TABLE `auth_user` ENABLE KEYS */;
UNLOCK TABLES;

--
-- Table structure for table `auth_user_groups`
--

DROP TABLE IF EXISTS `auth_user_groups`;
/*!40101 SET @saved_cs_client     = @@character_set_client */;
/*!40101 SET character_set_client = utf8 */;
CREATE TABLE `auth_user_groups` (
  `id` int(11) NOT NULL AUTO_INCREMENT,
  `user_id` int(11) NOT NULL,
  `group_id` int(11) NOT NULL,
  PRIMARY KEY (`id`),
  UNIQUE KEY `auth_user_groups_user_id_group_id_94350c0c_uniq` (`user_id`,`group_id`),
  KEY `auth_user_groups_group_id_97559544_fk_auth_group_id` (`group_id`),
  CONSTRAINT `auth_user_groups_group_id_97559544_fk_auth_group_id` FOREIGN KEY (`group_id`) REFERENCES `auth_group` (`id`),
  CONSTRAINT `auth_user_groups_user_id_6a12ed8b_fk_auth_user_id` FOREIGN KEY (`user_id`) REFERENCES `auth_user` (`id`)
) ENGINE=InnoDB DEFAULT CHARSET=utf8;
/*!40101 SET character_set_client = @saved_cs_client */;

--
-- Dumping data for table `auth_user_groups`
--

LOCK TABLES `auth_user_groups` WRITE;
/*!40000 ALTER TABLE `auth_user_groups` DISABLE KEYS */;
/*!40000 ALTER TABLE `auth_user_groups` ENABLE KEYS */;
UNLOCK TABLES;

--
-- Table structure for table `auth_user_user_permissions`
--

DROP TABLE IF EXISTS `auth_user_user_permissions`;
/*!40101 SET @saved_cs_client     = @@character_set_client */;
/*!40101 SET character_set_client = utf8 */;
CREATE TABLE `auth_user_user_permissions` (
  `id` int(11) NOT NULL AUTO_INCREMENT,
  `user_id` int(11) NOT NULL,
  `permission_id` int(11) NOT NULL,
  PRIMARY KEY (`id`),
  UNIQUE KEY `auth_user_user_permissions_user_id_permission_id_14a6b632_uniq` (`user_id`,`permission_id`),
  KEY `auth_user_user_permi_permission_id_1fbb5f2c_fk_auth_perm` (`permission_id`),
  CONSTRAINT `auth_user_user_permi_permission_id_1fbb5f2c_fk_auth_perm` FOREIGN KEY (`permission_id`) REFERENCES `auth_permission` (`id`),
  CONSTRAINT `auth_user_user_permissions_user_id_a95ead1b_fk_auth_user_id` FOREIGN KEY (`user_id`) REFERENCES `auth_user` (`id`)
) ENGINE=InnoDB DEFAULT CHARSET=utf8;
/*!40101 SET character_set_client = @saved_cs_client */;

--
-- Dumping data for table `auth_user_user_permissions`
--

LOCK TABLES `auth_user_user_permissions` WRITE;
/*!40000 ALTER TABLE `auth_user_user_permissions` DISABLE KEYS */;
/*!40000 ALTER TABLE `auth_user_user_permissions` ENABLE KEYS */;
UNLOCK TABLES;

--
-- Table structure for table `django_admin_log`
--

DROP TABLE IF EXISTS `django_admin_log`;
/*!40101 SET @saved_cs_client     = @@character_set_client */;
/*!40101 SET character_set_client = utf8 */;
CREATE TABLE `django_admin_log` (
  `id` int(11) NOT NULL AUTO_INCREMENT,
  `action_time` datetime NOT NULL,
  `object_id` longtext,
  `object_repr` varchar(200) NOT NULL,
  `action_flag` smallint(5) unsigned NOT NULL,
  `change_message` longtext NOT NULL,
  `content_type_id` int(11) DEFAULT NULL,
  `user_id` int(11) NOT NULL,
  PRIMARY KEY (`id`),
  KEY `django_admin_log_content_type_id_c4bce8eb_fk_django_co` (`content_type_id`),
  KEY `django_admin_log_user_id_c564eba6_fk_auth_user_id` (`user_id`),
  CONSTRAINT `django_admin_log_user_id_c564eba6_fk_auth_user_id` FOREIGN KEY (`user_id`) REFERENCES `auth_user` (`id`),
  CONSTRAINT `django_admin_log_content_type_id_c4bce8eb_fk_django_co` FOREIGN KEY (`content_type_id`) REFERENCES `django_content_type` (`id`)
) ENGINE=InnoDB AUTO_INCREMENT=201 DEFAULT CHARSET=utf8;
/*!40101 SET character_set_client = @saved_cs_client */;

--
-- Dumping data for table `django_admin_log`
--

LOCK TABLES `django_admin_log` WRITE;
/*!40000 ALTER TABLE `django_admin_log` DISABLE KEYS */;
INSERT INTO `django_admin_log` VALUES (1,'2018-07-14 10:21:12','1','常用',1,'[{\"added\": {}}]',7,1),(2,'2018-07-14 10:21:16','2','男生',1,'[{\"added\": {}}]',7,1),(3,'2018-07-14 10:21:20','3','女生',1,'[{\"added\": {}}]',7,1),(4,'2018-07-14 10:21:26','4','生活',1,'[{\"added\": {}}]',7,1),(5,'2018-07-14 10:21:28','5','设计',1,'[{\"added\": {}}]',7,1),(6,'2018-07-14 10:21:32','6','产品',1,'[{\"added\": {}}]',7,1),(7,'2018-07-14 10:21:43','7','职能',1,'[{\"added\": {}}]',7,1),(8,'2018-07-14 10:21:47','8','运营',1,'[{\"added\": {}}]',7,1),(9,'2018-07-14 10:21:50','9','创业',1,'[{\"added\": {}}]',7,1),(10,'2018-07-14 10:21:54','10','Android',1,'[{\"added\": {}}]',7,1),(11,'2018-07-14 10:22:02','11','IOS',1,'[{\"added\": {}}]',7,1),(12,'2018-07-14 10:22:11','12','JavaWeb',1,'[{\"added\": {}}]',7,1),(13,'2018-07-14 10:22:18','13','趣味',1,'[{\"added\": {}}]',7,1),(14,'2018-07-14 10:22:41','1','热门',1,'[{\"added\": {}}]',10,1),(15,'2018-07-14 10:22:48','2','资讯',1,'[{\"added\": {}}]',10,1),(16,'2018-07-14 10:22:55','3','影音',1,'[{\"added\": {}}]',10,1),(17,'2018-07-14 10:23:03','4','邮箱',1,'[{\"added\": {}}]',10,1),(18,'2018-07-14 10:23:13','5','社区',1,'[{\"added\": {}}]',10,1),(19,'2018-07-14 10:23:19','6','办公',1,'[{\"added\": {}}]',10,1),(20,'2018-07-14 10:23:25','7','学习',1,'[{\"added\": {}}]',10,1),(21,'2018-07-14 10:23:30','8','资源',1,'[{\"added\": {}}]',10,1),(22,'2018-07-14 10:23:38','9','百科',1,'[{\"added\": {}}]',10,1),(23,'2018-07-14 10:23:43','10','问答',1,'[{\"added\": {}}]',10,1),(24,'2018-07-14 10:45:19','2','男生',2,'[{\"added\": {\"name\": \"\\u5c0f\\u5206\\u7c7b\", \"object\": \"\\u8db3\\u7403\"}}, {\"added\": {\"name\": \"\\u5c0f\\u5206\\u7c7b\", \"object\": \"\\u7bee\\u7403\"}}, {\"added\": {\"name\": \"\\u5c0f\\u5206\\u7c7b\", \"object\": \"\\u519b\\u4e8b\"}}, {\"added\": {\"name\": \"\\u5c0f\\u5206\\u7c7b\", \"object\": \"\\u6570\\u7801\"}}, {\"added\": {\"name\": \"\\u5c0f\\u5206\\u7c7b\", \"object\": \"\\u6e38\\u620f\"}}, {\"added\": {\"name\": \"\\u5c0f\\u5206\\u7c7b\", \"object\": \"\\u6c7d\\u8f66\"}}, {\"added\": {\"name\": \"\\u5c0f\\u5206\\u7c7b\", \"object\": \"\\u8d22\\u7ecf\"}}, {\"added\": {\"name\": \"\\u5c0f\\u5206\\u7c7b\", \"object\": \"\\u7f8e\\u5973\"}}, {\"added\": {\"name\": \"\\u5c0f\\u5206\\u7c7b\", \"object\": \"\\u79d1\\u6280\"}}]',7,1),(25,'2018-07-14 10:46:10','3','女生',2,'[{\"added\": {\"name\": \"\\u5c0f\\u5206\\u7c7b\", \"object\": \"\\u51cf\\u80a5\"}}, {\"added\": {\"name\": \"\\u5c0f\\u5206\\u7c7b\", \"object\": \"\\u7f8e\\u5bb9\"}}, {\"added\": {\"name\": \"\\u5c0f\\u5206\\u7c7b\", \"object\": \"\\u661f\\u5ea7\"}}, {\"added\": {\"name\": \"\\u5c0f\\u5206\\u7c7b\", \"object\": \"\\u5962\\u4f88\\u54c1\"}}, {\"added\": {\"name\": \"\\u5c0f\\u5206\\u7c7b\", \"object\": \"\\u6bcd\\u5a74\"}}, {\"added\": {\"name\": \"\\u5c0f\\u5206\\u7c7b\", \"object\": \"\\u65f6\\u5c1a\"}}, {\"added\": {\"name\": \"\\u5c0f\\u5206\\u7c7b\", \"object\": \"\\u8d2d\\u7269\"}}, {\"added\": {\"name\": \"\\u5c0f\\u5206\\u7c7b\", \"object\": \"\\u5065\\u5eb7\"}}]',7,1),(26,'2018-07-14 10:46:58','4','生活',2,'[{\"added\": {\"name\": \"\\u5c0f\\u5206\\u7c7b\", \"object\": \"\\u623f\\u4ea7\"}}, {\"added\": {\"name\": \"\\u5c0f\\u5206\\u7c7b\", \"object\": \"\\u8bfb\\u4e66\"}}, {\"added\": {\"name\": \"\\u5c0f\\u5206\\u7c7b\", \"object\": \"\\u65c5\\u884c\"}}, {\"added\": {\"name\": \"\\u5c0f\\u5206\\u7c7b\", \"object\": \"\\u5a31\\u4e50\"}}, {\"added\": {\"name\": \"\\u5c0f\\u5206\\u7c7b\", \"object\": \"\\u7f8e\\u98df\"}}, {\"added\": {\"name\": \"\\u5c0f\\u5206\\u7c7b\", \"object\": \"\\u5ba0\\u7269\"}}, {\"added\": {\"name\": \"\\u5c0f\\u5206\\u7c7b\", \"object\": \"\\u641e\\u7b11\"}}, {\"added\": {\"name\": \"\\u5c0f\\u5206\\u7c7b\", \"object\": \"\\u4ea4\\u53cb\"}}, {\"added\": {\"name\": \"\\u5c0f\\u5206\\u7c7b\", \"object\": \"\\u6f14\\u51fa\"}}]',7,1),(27,'2018-07-14 10:47:50','5','设计',2,'[{\"added\": {\"name\": \"\\u5c0f\\u5206\\u7c7b\", \"object\": \"\\u5bfc\\u822a\"}}, {\"added\": {\"name\": \"\\u5c0f\\u5206\\u7c7b\", \"object\": \"\\u7075\\u611f\"}}, {\"added\": {\"name\": \"\\u5c0f\\u5206\\u7c7b\", \"object\": \"\\u56fe\\u6807\"}}, {\"added\": {\"name\": \"\\u5c0f\\u5206\\u7c7b\", \"object\": \"\\u56fe\\u5e93\"}}, {\"added\": {\"name\": \"\\u5c0f\\u5206\\u7c7b\", \"object\": \"\\u793e\\u533a\"}}, {\"added\": {\"name\": \"\\u5c0f\\u5206\\u7c7b\", \"object\": \"\\u5de5\\u5177\"}}, {\"added\": {\"name\": \"\\u5c0f\\u5206\\u7c7b\", \"object\": \"\\u56e2\\u961f\"}}, {\"added\": {\"name\": \"\\u5c0f\\u5206\\u7c7b\", \"object\": \"\\u5b57\\u4f53\"}}, {\"added\": {\"name\": \"\\u5c0f\\u5206\\u7c7b\", \"object\": \"\\u6f2b\\u753b\"}}, {\"added\": {\"name\": \"\\u5c0f\\u5206\\u7c7b\", \"object\": \"\\u6a21\\u677f\"}}]',7,1),(28,'2018-07-14 10:48:34','6','产品',2,'[{\"added\": {\"name\": \"\\u5c0f\\u5206\\u7c7b\", \"object\": \"\\u5bfc\\u822a\"}}, {\"added\": {\"name\": \"\\u5c0f\\u5206\\u7c7b\", \"object\": \"\\u8d44\\u8baf\"}}, {\"added\": {\"name\": \"\\u5c0f\\u5206\\u7c7b\", \"object\": \"\\u6570\\u636e\"}}, {\"added\": {\"name\": \"\\u5c0f\\u5206\\u7c7b\", \"object\": \"\\u8bbe\\u8ba1\"}}, {\"added\": {\"name\": \"\\u5c0f\\u5206\\u7c7b\", \"object\": \"\\u8fd0\\u8425\"}}, {\"added\": {\"name\": \"\\u5c0f\\u5206\\u7c7b\", \"object\": \"\\u670d\\u52a1\"}}, {\"added\": {\"name\": \"\\u5c0f\\u5206\\u7c7b\", \"object\": \"\\u5de5\\u5177\"}}, {\"added\": {\"name\": \"\\u5c0f\\u5206\\u7c7b\", \"object\": \"\\u4f53\\u9a8c\"}}, {\"added\": {\"name\": \"\\u5c0f\\u5206\\u7c7b\", \"object\": \"\\u793e\\u533a\"}}, {\"added\": {\"name\": \"\\u5c0f\\u5206\\u7c7b\", \"object\": \"\\u6d3b\\u52a8\"}}]',7,1),(29,'2018-07-14 10:49:17','7','职能',2,'[{\"added\": {\"name\": \"\\u5c0f\\u5206\\u7c7b\", \"object\": \"\\u4eba\\u529b\"}}, {\"added\": {\"name\": \"\\u5c0f\\u5206\\u7c7b\", \"object\": \"\\u8d22\\u52a1\"}}, {\"added\": {\"name\": \"\\u5c0f\\u5206\\u7c7b\", \"object\": \"\\u6cd5\\u52a1\"}}, {\"added\": {\"name\": \"\\u5c0f\\u5206\\u7c7b\", \"object\": \"\\u516c\\u5173\"}}, {\"added\": {\"name\": \"\\u5c0f\\u5206\\u7c7b\", \"object\": \"\\u7a0e\\u52a1\"}}, {\"added\": {\"name\": \"\\u5c0f\\u5206\\u7c7b\", \"object\": \"\\u5ba1\\u8ba1\"}}, {\"added\": {\"name\": \"\\u5c0f\\u5206\\u7c7b\", \"object\": \"\\u8c03\\u67e5\"}}]',7,1),(30,'2018-07-14 10:50:13','8','运营',2,'[{\"added\": {\"name\": \"\\u5c0f\\u5206\\u7c7b\", \"object\": \"\\u6570\\u636e\\u5206\\u6790\"}}, {\"added\": {\"name\": \"\\u5c0f\\u5206\\u7c7b\", \"object\": \"\\u8425\\u9500\\u63a8\\u5e7f\"}}, {\"added\": {\"name\": \"\\u5c0f\\u5206\\u7c7b\", \"object\": \"\\u5e7f\\u544a\\u5e73\\u53f0\"}}, {\"added\": {\"name\": \"\\u5c0f\\u5206\\u7c7b\", \"object\": \"\\u5f00\\u653e\\u5e73\\u53f0\"}}, {\"added\": {\"name\": \"\\u5c0f\\u5206\\u7c7b\", \"object\": \"\\u8bba\\u575b\\u793e\\u533a\"}}, {\"added\": {\"name\": \"\\u5c0f\\u5206\\u7c7b\", \"object\": \"\\u5a92\\u4f53\\u8d44\\u8baf\"}}, {\"added\": {\"name\": \"\\u5c0f\\u5206\\u7c7b\", \"object\": \"SEO\"}}, {\"added\": {\"name\": \"\\u5c0f\\u5206\\u7c7b\", \"object\": \"\\u5728\\u7ebf\\u5de5\\u5177\"}}]',7,1),(31,'2018-07-14 10:51:03','9','创业',2,'[{\"added\": {\"name\": \"\\u5c0f\\u5206\\u7c7b\", \"object\": \"\\u521b\\u4e1a\\u670d\\u52a1\"}}, {\"added\": {\"name\": \"\\u5c0f\\u5206\\u7c7b\", \"object\": \"\\u8425\\u9500\\u63a8\\u5e7f\"}}, {\"added\": {\"name\": \"\\u5c0f\\u5206\\u7c7b\", \"object\": \"\\u7ebf\\u4e0b\\u6d3b\\u52a8\"}}, {\"added\": {\"name\": \"\\u5c0f\\u5206\\u7c7b\", \"object\": \"\\u5b75\\u5316\\u5668\"}}, {\"added\": {\"name\": \"\\u5c0f\\u5206\\u7c7b\", \"object\": \"\\u878d\\u8d44\"}}, {\"added\": {\"name\": \"\\u5c0f\\u5206\\u7c7b\", \"object\": \"\\u8d44\\u8baf\"}}, {\"added\": {\"name\": \"\\u5c0f\\u5206\\u7c7b\", \"object\": \"\\u627e\\u4eba\"}}, {\"added\": {\"name\": \"\\u5c0f\\u5206\\u7c7b\", \"object\": \"\\u4f17\\u7b79\"}}, {\"added\": {\"name\": \"\\u5c0f\\u5206\\u7c7b\", \"object\": \"\\u5916\\u5305\"}}]',7,1),(32,'2018-07-14 10:51:57','10','Android',2,'[{\"added\": {\"name\": \"\\u5c0f\\u5206\\u7c7b\", \"object\": \"\\u5b98\\u7f51\"}}, {\"added\": {\"name\": \"\\u5c0f\\u5206\\u7c7b\", \"object\": \"\\u793e\\u533a\"}}, {\"added\": {\"name\": \"\\u5c0f\\u5206\\u7c7b\", \"object\": \"\\u8f6f\\u4ef6\"}}, {\"added\": {\"name\": \"\\u5c0f\\u5206\\u7c7b\", \"object\": \"\\u7f51\\u7edc\\u6846\\u67b6\"}}, {\"added\": {\"name\": \"\\u5c0f\\u5206\\u7c7b\", \"object\": \"\\u56fe\\u7247\\u6846\\u67b6\"}}, {\"added\": {\"name\": \"\\u5c0f\\u5206\\u7c7b\", \"object\": \"\\u6570\\u636e\\u5e93\"}}, {\"added\": {\"name\": \"\\u5c0f\\u5206\\u7c7b\", \"object\": \"H5\\u6846\\u67b6\"}}, {\"added\": {\"name\": \"\\u5c0f\\u5206\\u7c7b\", \"object\": \"\\u4f9d\\u8d56\\u6ce8\\u5165\"}}, {\"added\": {\"name\": \"\\u5c0f\\u5206\\u7c7b\", \"object\": \"\\u56fe\\u8868\\u6846\\u67b6\"}}, {\"added\": {\"name\": \"\\u5c0f\\u5206\\u7c7b\", \"object\": \"\\u7efc\\u5408\"}}]',7,1),(33,'2018-07-14 10:52:46','11','IOS',2,'[{\"added\": {\"name\": \"\\u5c0f\\u5206\\u7c7b\", \"object\": \"\\u5b98\\u7f51\"}}, {\"added\": {\"name\": \"\\u5c0f\\u5206\\u7c7b\", \"object\": \"\\u793e\\u533a\"}}, {\"added\": {\"name\": \"\\u5c0f\\u5206\\u7c7b\", \"object\": \"\\u7f51\\u7edc\\u6846\\u67b6\"}}, {\"added\": {\"name\": \"\\u5c0f\\u5206\\u7c7b\", \"object\": \"\\u56fe\\u7247\\u6846\\u67b6\"}}, {\"added\": {\"name\": \"\\u5c0f\\u5206\\u7c7b\", \"object\": \"\\u56fe\\u8868\\u6846\\u67b6\"}}, {\"added\": {\"name\": \"\\u5c0f\\u5206\\u7c7b\", \"object\": \"\\u6570\\u636e\\u5e93\"}}, {\"added\": {\"name\": \"\\u5c0f\\u5206\\u7c7b\", \"object\": \"H5\\u6846\\u67b6\"}}, {\"added\": {\"name\": \"\\u5c0f\\u5206\\u7c7b\", \"object\": \"\\u54cd\\u5e94\\u5f0f\"}}, {\"added\": {\"name\": \"\\u5c0f\\u5206\\u7c7b\", \"object\": \"\\u6d4b\\u8bd5\\u8c03\\u8bd5\"}}, {\"added\": {\"name\": \"\\u5c0f\\u5206\\u7c7b\", \"object\": \"UI\\u6846\\u67b6\"}}]',7,1),(34,'2018-07-14 10:53:36','12','JavaWeb',2,'[{\"added\": {\"name\": \"\\u5c0f\\u5206\\u7c7b\", \"object\": \"\\u5b98\\u7f51\"}}, {\"added\": {\"name\": \"\\u5c0f\\u5206\\u7c7b\", \"object\": \"\\u793e\\u533a\"}}, {\"added\": {\"name\": \"\\u5c0f\\u5206\\u7c7b\", \"object\": \"\\u6846\\u67b6\"}}, {\"added\": {\"name\": \"\\u5c0f\\u5206\\u7c7b\", \"object\": \"\\u8f6f\\u4ef6\"}}, {\"added\": {\"name\": \"\\u5c0f\\u5206\\u7c7b\", \"object\": \"\\u8bba\\u575b\"}}, {\"added\": {\"name\": \"\\u5c0f\\u5206\\u7c7b\", \"object\": \"\\u6e90\\u7801\"}}, {\"added\": {\"name\": \"\\u5c0f\\u5206\\u7c7b\", \"object\": \"\\u6559\\u7a0b\"}}, {\"added\": {\"name\": \"\\u5c0f\\u5206\\u7c7b\", \"object\": \"\\u5728\\u7ebf\\u5de5\\u5177\"}}, {\"added\": {\"name\": \"\\u5c0f\\u5206\\u7c7b\", \"object\": \"\\u6570\\u636e\\u5e93\"}}, {\"added\": {\"name\": \"\\u5c0f\\u5206\\u7c7b\", \"object\": \"\\u670d\\u52a1\\u5668\"}}]',7,1),(35,'2018-07-14 10:55:56','14','常用',1,'[{\"added\": {}}, {\"added\": {\"name\": \"\\u5c0f\\u5206\\u7c7b\", \"object\": \"\\u70ed\\u95e8\"}}, {\"added\": {\"name\": \"\\u5c0f\\u5206\\u7c7b\", \"object\": \"\\u793e\\u533a\"}}, {\"added\": {\"name\": \"\\u5c0f\\u5206\\u7c7b\", \"object\": \"\\u5f71\\u97f3\"}}, {\"added\": {\"name\": \"\\u5c0f\\u5206\\u7c7b\", \"object\": \"\\u90ae\\u7bb1\"}}, {\"added\": {\"name\": \"\\u5c0f\\u5206\\u7c7b\", \"object\": \"\\u65b0\\u95fb\"}}, {\"added\": {\"name\": \"\\u5c0f\\u5206\\u7c7b\", \"object\": \"\\u7535\\u5546\"}}, {\"added\": {\"name\": \"\\u5c0f\\u5206\\u7c7b\", \"object\": \"\\u6570\\u7801\"}}, {\"added\": {\"name\": \"\\u5c0f\\u5206\\u7c7b\", \"object\": \"\\u8d44\\u6e90\"}}, {\"added\": {\"name\": \"\\u5c0f\\u5206\\u7c7b\", \"object\": \"Google\"}}, {\"added\": {\"name\": \"\\u5c0f\\u5206\\u7c7b\", \"object\": \"\\u7efc\\u5408\"}}]',7,1),(36,'2018-07-14 10:56:40','15','知识',1,'[{\"added\": {}}, {\"added\": {\"name\": \"\\u5c0f\\u5206\\u7c7b\", \"object\": \"\\u516c\\u5f00\\u8bfe\"}}, {\"added\": {\"name\": \"\\u5c0f\\u5206\\u7c7b\", \"object\": \"\\u5728\\u7ebf\\u95ee\\u7b54\"}}, {\"added\": {\"name\": \"\\u5c0f\\u5206\\u7c7b\", \"object\": \"\\u5b66\\u672f\"}}, {\"added\": {\"name\": \"\\u5c0f\\u5206\\u7c7b\", \"object\": \"\\u56fe\\u4e66\\u8d44\\u6e90\"}}, {\"added\": {\"name\": \"\\u5c0f\\u5206\\u7c7b\", \"object\": \"\\u62a5\\u7eb8\"}}, {\"added\": {\"name\": \"\\u5c0f\\u5206\\u7c7b\", \"object\": \"\\u6742\\u5fd7\"}}, {\"added\": {\"name\": \"\\u5c0f\\u5206\\u7c7b\", \"object\": \"\\u7efc\\u5408\"}}]',7,1),(37,'2018-07-14 10:57:29','16','商业',1,'[{\"added\": {}}, {\"added\": {\"name\": \"\\u5c0f\\u5206\\u7c7b\", \"object\": \"\\u6742\\u5fd7\"}}, {\"added\": {\"name\": \"\\u5c0f\\u5206\\u7c7b\", \"object\": \"\\u4e13\\u5229\\u67e5\\u8be2\"}}, {\"added\": {\"name\": \"\\u5c0f\\u5206\\u7c7b\", \"object\": \"\\u4f17\\u7b79\"}}, {\"added\": {\"name\": \"\\u5c0f\\u5206\\u7c7b\", \"object\": \"\\u4e3b\\u673a\"}}, {\"added\": {\"name\": \"\\u5c0f\\u5206\\u7c7b\", \"object\": \"\\u98ce\\u6295\"}}, {\"added\": {\"name\": \"\\u5c0f\\u5206\\u7c7b\", \"object\": \"\\u6295\\u884c\"}}, {\"added\": {\"name\": \"\\u5c0f\\u5206\\u7c7b\", \"object\": \"\\u4ea4\\u6613\\u6240\"}}]',7,1),(38,'2018-07-14 10:57:57','17','科技',1,'[{\"added\": {}}, {\"added\": {\"name\": \"\\u5c0f\\u5206\\u7c7b\", \"object\": \"\\u4eba\\u5de5\\u667a\\u80fd\"}}, {\"added\": {\"name\": \"\\u5c0f\\u5206\\u7c7b\", \"object\": \"\\u865a\\u62df\\u73b0\\u5b9e\"}}, {\"added\": {\"name\": \"\\u5c0f\\u5206\\u7c7b\", \"object\": \"\\u751f\\u7269\"}}, {\"added\": {\"name\": \"\\u5c0f\\u5206\\u7c7b\", \"object\": \"\\u80fd\\u6e90\"}}, {\"added\": {\"name\": \"\\u5c0f\\u5206\\u7c7b\", \"object\": \"\\u7a7a\\u95f4\"}}, {\"added\": {\"name\": \"\\u5c0f\\u5206\\u7c7b\", \"object\": \"\\u673a\\u5668\\u4eba\"}}]',7,1),(39,'2018-07-14 10:58:58','18','港台',1,'[{\"added\": {}}, {\"added\": {\"name\": \"\\u5c0f\\u5206\\u7c7b\", \"object\": \"\\u9999\\u6e2f\\u62a5\\u7eb8\"}}, {\"added\": {\"name\": \"\\u5c0f\\u5206\\u7c7b\", \"object\": \"\\u9999\\u6e2f\\u5927\\u5b66\"}}, {\"added\": {\"name\": \"\\u5c0f\\u5206\\u7c7b\", \"object\": \"\\u9999\\u6e2f\\u793e\\u533a\"}}, {\"added\": {\"name\": \"\\u5c0f\\u5206\\u7c7b\", \"object\": \"\\u9999\\u6e2f\\u653f\\u5e9c\"}}, {\"added\": {\"name\": \"\\u5c0f\\u5206\\u7c7b\", \"object\": \"\\u53f0\\u6e7e\\u62a5\\u7eb8\"}}, {\"added\": {\"name\": \"\\u5c0f\\u5206\\u7c7b\", \"object\": \"\\u53f0\\u6e7e\\u793e\\u533a\"}}, {\"added\": {\"name\": \"\\u5c0f\\u5206\\u7c7b\", \"object\": \"\\u53f0\\u6e7e\\u65b0\\u95fb\"}}, {\"added\": {\"name\": \"\\u5c0f\\u5206\\u7c7b\", \"object\": \"\\u53f0\\u6e7e\\u673a\\u6784\"}}, {\"added\": {\"name\": \"\\u5c0f\\u5206\\u7c7b\", \"object\": \"\\u53f0\\u6e7e\\u5b66\\u6821\"}}]',7,1),(40,'2018-07-14 10:59:35','19','名品',1,'[{\"added\": {}}, {\"added\": {\"name\": \"\\u5c0f\\u5206\\u7c7b\", \"object\": \"\\u6c7d\\u8f66\"}}, {\"added\": {\"name\": \"\\u5c0f\\u5206\\u7c7b\", \"object\": \"\\u670d\\u88c5\"}}, {\"added\": {\"name\": \"\\u5c0f\\u5206\\u7c7b\", \"object\": \"\\u624b\\u8868\"}}, {\"added\": {\"name\": \"\\u5c0f\\u5206\\u7c7b\", \"object\": \"\\u5316\\u5986\\u54c1\"}}, {\"added\": {\"name\": \"\\u5c0f\\u5206\\u7c7b\", \"object\": \"\\u6e38\\u8247\"}}, {\"added\": {\"name\": \"\\u5c0f\\u5206\\u7c7b\", \"object\": \"\\u73e0\\u5b9d\"}}, {\"added\": {\"name\": \"\\u5c0f\\u5206\\u7c7b\", \"object\": \"\\u79c1\\u4eba\\u98de\\u673a\"}}, {\"added\": {\"name\": \"\\u5c0f\\u5206\\u7c7b\", \"object\": \"\\u7535\\u5b50\"}}]',7,1),(41,'2018-07-14 11:00:26','20','机构',1,'[{\"added\": {}}, {\"added\": {\"name\": \"\\u5c0f\\u5206\\u7c7b\", \"object\": \"\\u8054\\u5408\\u56fd\"}}, {\"added\": {\"name\": \"\\u5c0f\\u5206\\u7c7b\", \"object\": \"\\u7f8e\\u56fd\\u653f\\u5e9c\"}}, {\"added\": {\"name\": \"\\u5c0f\\u5206\\u7c7b\", \"object\": \"NGO\"}}, {\"added\": {\"name\": \"\\u5c0f\\u5206\\u7c7b\", \"object\": \"\\u79d1\\u7814\"}}, {\"added\": {\"name\": \"\\u5c0f\\u5206\\u7c7b\", \"object\": \"\\u91d1\\u878d\"}}, {\"added\": {\"name\": \"\\u5c0f\\u5206\\u7c7b\", \"object\": \"\\u8db3\\u7403\"}}, {\"added\": {\"name\": \"\\u5c0f\\u5206\\u7c7b\", \"object\": \"\\u7bee\\u7403\"}}, {\"added\": {\"name\": \"\\u5c0f\\u5206\\u7c7b\", \"object\": \"\\u7efc\\u5408\"}}]',7,1),(42,'2018-07-14 11:01:02','21','大学',1,'[{\"added\": {}}, {\"added\": {\"name\": \"\\u5c0f\\u5206\\u7c7b\", \"object\": \"\\u7f8e\\u56fd\"}}, {\"added\": {\"name\": \"\\u5c0f\\u5206\\u7c7b\", \"object\": \"\\u82f1\\u56fd\"}}, {\"added\": {\"name\": \"\\u5c0f\\u5206\\u7c7b\", \"object\": \"\\u52a0\\u62ff\\u5927\"}}, {\"added\": {\"name\": \"\\u5c0f\\u5206\\u7c7b\", \"object\": \"\\u6fb3\\u5927\\u5229\\u4e9a\"}}, {\"added\": {\"name\": \"\\u5c0f\\u5206\\u7c7b\", \"object\": \"\\u65b0\\u897f\\u5170\"}}, {\"added\": {\"name\": \"\\u5c0f\\u5206\\u7c7b\", \"object\": \"\\u5fb7\\u56fd\"}}, {\"added\": {\"name\": \"\\u5c0f\\u5206\\u7c7b\", \"object\": \"\\u6cd5\\u56fd\"}}, {\"added\": {\"name\": \"\\u5c0f\\u5206\\u7c7b\", \"object\": \"\\u65e5\\u672c\"}}]',7,1),(43,'2018-07-14 11:01:51','22','军事',1,'[{\"added\": {}}, {\"added\": {\"name\": \"\\u5c0f\\u5206\\u7c7b\", \"object\": \"\\u7f8e\\u56fd\"}}, {\"added\": {\"name\": \"\\u5c0f\\u5206\\u7c7b\", \"object\": \"\\u4fc4\\u7f57\\u65af\"}}, {\"added\": {\"name\": \"\\u5c0f\\u5206\\u7c7b\", \"object\": \"\\u65e5\\u672c\"}}, {\"added\": {\"name\": \"\\u5c0f\\u5206\\u7c7b\", \"object\": \"\\u5fb7\\u56fd\"}}, {\"added\": {\"name\": \"\\u5c0f\\u5206\\u7c7b\", \"object\": \"\\u82f1\\u56fd\"}}, {\"added\": {\"name\": \"\\u5c0f\\u5206\\u7c7b\", \"object\": \"\\u6cd5\\u56fd\"}}, {\"added\": {\"name\": \"\\u5c0f\\u5206\\u7c7b\", \"object\": \"\\u5370\\u5ea6\"}}, {\"added\": {\"name\": \"\\u5c0f\\u5206\\u7c7b\", \"object\": \"\\u4ee5\\u8272\\u5217\"}}, {\"added\": {\"name\": \"\\u5c0f\\u5206\\u7c7b\", \"object\": \"\\u8bba\\u575b\"}}, {\"added\": {\"name\": \"\\u5c0f\\u5206\\u7c7b\", \"object\": \"\\u519b\\u5de5\\u5382\"}}]',7,1),(44,'2018-07-14 11:02:38','23','趣味',1,'[{\"added\": {}}, {\"added\": {\"name\": \"\\u5c0f\\u5206\\u7c7b\", \"object\": \"\\u7a7a\\u95f4\"}}, {\"added\": {\"name\": \"\\u5c0f\\u5206\\u7c7b\", \"object\": \"\\u5947\\u8469\"}}, {\"added\": {\"name\": \"\\u5c0f\\u5206\\u7c7b\", \"object\": \"\\u521b\\u610f\"}}, {\"added\": {\"name\": \"\\u5c0f\\u5206\\u7c7b\", \"object\": \"\\u89c6\\u9891\"}}, {\"added\": {\"name\": \"\\u5c0f\\u5206\\u7c7b\", \"object\": \"\\u5730\\u56fe\"}}, {\"added\": {\"name\": \"\\u5c0f\\u5206\\u7c7b\", \"object\": \"\\u6570\\u636e\"}}, {\"added\": {\"name\": \"\\u5c0f\\u5206\\u7c7b\", \"object\": \"3D\"}}, {\"added\": {\"name\": \"\\u5c0f\\u5206\\u7c7b\", \"object\": \"\\u65e0\\u804a\"}}, {\"added\": {\"name\": \"\\u5c0f\\u5206\\u7c7b\", \"object\": \"\\u6280\\u672f\"}}, {\"added\": {\"name\": \"\\u5c0f\\u5206\\u7c7b\", \"object\": \"\\u5176\\u4ed6\"}}]',7,1),(45,'2018-07-14 11:02:45','16','商业',2,'[{\"changed\": {\"fields\": [\"guonei\"]}}]',7,1),(46,'2018-07-14 11:02:49','17','科技',2,'[{\"changed\": {\"fields\": [\"guonei\"]}}]',7,1),(47,'2018-07-14 11:02:54','18','港台',2,'[{\"changed\": {\"fields\": [\"guonei\"]}}]',7,1),(48,'2018-07-14 11:03:00','19','名品',2,'[{\"changed\": {\"fields\": [\"guonei\"]}}]',7,1),(49,'2018-07-14 11:03:05','20','机构',2,'[{\"changed\": {\"fields\": [\"guonei\"]}}]',7,1),(50,'2018-07-14 11:03:10','21','大学',2,'[{\"changed\": {\"fields\": [\"guonei\"]}}]',7,1),(51,'2018-07-14 11:03:15','22','军事',2,'[{\"changed\": {\"fields\": [\"guonei\"]}}]',7,1),(52,'2018-07-14 11:03:21','23','趣味',2,'[{\"changed\": {\"fields\": [\"guonei\"]}}]',7,1),(53,'2018-07-14 19:11:43','111','热门',2,'[{\"added\": {\"name\": \"\\u7ad9\\u70b9\", \"object\": \"\\u5fae\\u535a\"}}, {\"added\": {\"name\": \"\\u7ad9\\u70b9\", \"object\": \"\\u5fae\\u4fe1\"}}, {\"added\": {\"name\": \"\\u7ad9\\u70b9\", \"object\": \"\\u6dd8\\u5b9d\"}}, {\"added\": {\"name\": \"\\u7ad9\\u70b9\", \"object\": \"\\u4eac\\u4e1c\"}}, {\"added\": {\"name\": \"\\u7ad9\\u70b9\", \"object\": \"\\u767e\\u5ea6\\u4e91\\u76d8\"}}, {\"added\": {\"name\": \"\\u7ad9\\u70b9\", \"object\": \"\\u964c\\u964c\"}}]',10,1),(54,'2018-07-14 19:13:01','111','热门',2,'[{\"changed\": {\"name\": \"\\u7ad9\\u70b9\", \"object\": \"\\u5fae\\u535a\", \"fields\": [\"true_url\"]}}, {\"changed\": {\"name\": \"\\u7ad9\\u70b9\", \"object\": \"\\u5fae\\u4fe1\", \"fields\": [\"true_url\"]}}, {\"changed\": {\"name\": \"\\u7ad9\\u70b9\", \"object\": \"\\u6dd8\\u5b9d\", \"fields\": [\"true_url\"]}}, {\"changed\": {\"name\": \"\\u7ad9\\u70b9\", \"object\": \"\\u4eac\\u4e1c\", \"fields\": [\"true_url\"]}}, {\"changed\": {\"name\": \"\\u7ad9\\u70b9\", \"object\": \"\\u767e\\u5ea6\\u4e91\\u76d8\", \"fields\": [\"true_url\"]}}, {\"changed\": {\"name\": \"\\u7ad9\\u70b9\", \"object\": \"\\u964c\\u964c\", \"fields\": [\"true_url\"]}}]',10,1),(55,'2018-07-14 19:13:16','111','热门',2,'[{\"changed\": {\"name\": \"\\u7ad9\\u70b9\", \"object\": \"\\u964c\\u964c\", \"fields\": [\"true_url\"]}}]',10,1),(56,'2018-07-16 16:40:12','2','资讯',2,'[{\"added\": {\"name\": \"\\u7ad9\\u70b9\", \"object\": \"\\u4eca\\u65e5\\u5934\\u6761\"}}, {\"added\": {\"name\": \"\\u7ad9\\u70b9\", \"object\": \"\\u51e4\\u51f0\\u65b0\\u95fb\"}}, {\"added\": {\"name\": \"\\u7ad9\\u70b9\", \"object\": \"\\u7f51\\u6613\\u65b0\\u95fb\"}}, {\"added\": {\"name\": \"\\u7ad9\\u70b9\", \"object\": \"\\u817e\\u8baf\\u65b0\\u95fb\"}}, {\"added\": {\"name\": \"\\u7ad9\\u70b9\", \"object\": \"\\u597d\\u5947\\u5fc3\\u65e5\\u62a5\"}}, {\"added\": {\"name\": \"\\u7ad9\\u70b9\", \"object\": \"\\u864e\\u55c5\"}}]',10,1),(57,'2018-07-16 16:42:29','3','影音',2,'[{\"added\": {\"name\": \"\\u7ad9\\u70b9\", \"object\": \"\\u4f18\\u9177\"}}, {\"added\": {\"name\": \"\\u7ad9\\u70b9\", \"object\": \"\\u7231\\u5947\\u827a\"}}, {\"added\": {\"name\": \"\\u7ad9\\u70b9\", \"object\": \"\\u641c\\u72d0\\u89c6\\u9891\"}}, {\"added\": {\"name\": \"\\u7ad9\\u70b9\", \"object\": \"\\u817e\\u8baf\\u89c6\\u9891\"}}, {\"added\": {\"name\": \"\\u7ad9\\u70b9\", \"object\": \"\\u7f51\\u6613\\u4e91\\u97f3\\u4e50\"}}, {\"added\": {\"name\": \"\\u7ad9\\u70b9\", \"object\": \"\\u867e\\u7c73\\u97f3\\u4e50\"}}]',10,1),(58,'2018-07-16 16:44:33','4','邮箱',2,'[{\"added\": {\"name\": \"\\u7ad9\\u70b9\", \"object\": \"163\\u90ae\\u7bb1\"}}, {\"added\": {\"name\": \"\\u7ad9\\u70b9\", \"object\": \"126\\u90ae\\u7bb1\"}}, {\"added\": {\"name\": \"\\u7ad9\\u70b9\", \"object\": \"QQ\\u90ae\\u7bb1\"}}, {\"added\": {\"name\": \"\\u7ad9\\u70b9\", \"object\": \"\\u65b0\\u6d6a\\u90ae\\u7bb1\"}}, {\"added\": {\"name\": \"\\u7ad9\\u70b9\", \"object\": \"\\u817e\\u8baf\\u4f01\\u4e1a\\u90ae\\u7bb1\"}}, {\"added\": {\"name\": \"\\u7ad9\\u70b9\", \"object\": \"\\u641c\\u72d0\\u90ae\\u7bb1\"}}]',10,1),(59,'2018-07-16 16:45:00','2','资讯',2,'[{\"changed\": {\"name\": \"\\u7ad9\\u70b9\", \"object\": \"\\u4eca\\u65e5\\u5934\\u6761\", \"fields\": [\"true_url\"]}}, {\"changed\": {\"name\": \"\\u7ad9\\u70b9\", \"object\": \"\\u51e4\\u51f0\\u65b0\\u95fb\", \"fields\": [\"true_url\"]}}, {\"changed\": {\"name\": \"\\u7ad9\\u70b9\", \"object\": \"\\u7f51\\u6613\\u65b0\\u95fb\", \"fields\": [\"true_url\"]}}, {\"changed\": {\"name\": \"\\u7ad9\\u70b9\", \"object\": \"\\u817e\\u8baf\\u65b0\\u95fb\", \"fields\": [\"true_url\"]}}, {\"changed\": {\"name\": \"\\u7ad9\\u70b9\", \"object\": \"\\u597d\\u5947\\u5fc3\\u65e5\\u62a5\", \"fields\": [\"true_url\"]}}, {\"changed\": {\"name\": \"\\u7ad9\\u70b9\", \"object\": \"\\u864e\\u55c5\", \"fields\": [\"true_url\"]}}]',10,1),(60,'2018-07-16 16:45:24','3','影音',2,'[{\"changed\": {\"name\": \"\\u7ad9\\u70b9\", \"object\": \"\\u4f18\\u9177\", \"fields\": [\"true_url\"]}}, {\"changed\": {\"name\": \"\\u7ad9\\u70b9\", \"object\": \"\\u7231\\u5947\\u827a\", \"fields\": [\"true_url\"]}}, {\"changed\": {\"name\": \"\\u7ad9\\u70b9\", \"object\": \"\\u641c\\u72d0\\u89c6\\u9891\", \"fields\": [\"true_url\"]}}, {\"changed\": {\"name\": \"\\u7ad9\\u70b9\", \"object\": \"\\u817e\\u8baf\\u89c6\\u9891\", \"fields\": [\"true_url\"]}}, {\"changed\": {\"name\": \"\\u7ad9\\u70b9\", \"object\": \"\\u7f51\\u6613\\u4e91\\u97f3\\u4e50\", \"fields\": [\"true_url\"]}}, {\"changed\": {\"name\": \"\\u7ad9\\u70b9\", \"object\": \"\\u867e\\u7c73\\u97f3\\u4e50\", \"fields\": [\"true_url\"]}}]',10,1),(61,'2018-07-16 16:45:50','4','邮箱',2,'[{\"changed\": {\"name\": \"\\u7ad9\\u70b9\", \"object\": \"163\\u90ae\\u7bb1\", \"fields\": [\"true_url\"]}}, {\"changed\": {\"name\": \"\\u7ad9\\u70b9\", \"object\": \"126\\u90ae\\u7bb1\", \"fields\": [\"true_url\"]}}, {\"changed\": {\"name\": \"\\u7ad9\\u70b9\", \"object\": \"QQ\\u90ae\\u7bb1\", \"fields\": [\"true_url\"]}}, {\"changed\": {\"name\": \"\\u7ad9\\u70b9\", \"object\": \"\\u65b0\\u6d6a\\u90ae\\u7bb1\", \"fields\": [\"true_url\"]}}, {\"changed\": {\"name\": \"\\u7ad9\\u70b9\", \"object\": \"\\u817e\\u8baf\\u4f01\\u4e1a\\u90ae\\u7bb1\", \"fields\": [\"true_url\"]}}, {\"changed\": {\"name\": \"\\u7ad9\\u70b9\", \"object\": \"\\u641c\\u72d0\\u90ae\\u7bb1\", \"fields\": [\"true_url\"]}}]',10,1),(62,'2018-07-16 16:48:17','5','社区',2,'[{\"added\": {\"name\": \"\\u7ad9\\u70b9\", \"object\": \"\\u8c46\\u74e3\"}}, {\"added\": {\"name\": \"\\u7ad9\\u70b9\", \"object\": \"\\u5929\\u6daf\"}}, {\"added\": {\"name\": \"\\u7ad9\\u70b9\", \"object\": \"\\u767e\\u5ea6\\u8d34\\u5427\"}}, {\"added\": {\"name\": \"\\u7ad9\\u70b9\", \"object\": \"QQ\\u7a7a\\u95f4\"}}, {\"added\": {\"name\": \"\\u7ad9\\u70b9\", \"object\": \"\\u732b\\u6251\\u793e\\u533a\"}}, {\"added\": {\"name\": \"\\u7ad9\\u70b9\", \"object\": \"\\u4eba\\u4eba\\u7f51\"}}]',10,1),(63,'2018-07-16 16:54:29','6','办公',2,'[{\"added\": {\"name\": \"\\u7ad9\\u70b9\", \"object\": \"\\u8c37\\u6b4c\\u7ffb\\u8bd1\"}}, {\"added\": {\"name\": \"\\u7ad9\\u70b9\", \"object\": \"\\u6709\\u9053\\u8bcd\\u5178\"}}, {\"added\": {\"name\": \"\\u7ad9\\u70b9\", \"object\": \"\\u767e\\u5ea6\\u8f6f\\u4ef6\\u4e2d\\u5fc3\"}}, {\"added\": {\"name\": \"\\u7ad9\\u70b9\", \"object\": \"\\u817e\\u8baf\\u8f6f\\u4ef6\\u4e2d\\u5fc3\"}}, {\"added\": {\"name\": \"\\u7ad9\\u70b9\", \"object\": \"\\u5370\\u8c61\\u7b14\\u8bb0\"}}, {\"added\": {\"name\": \"\\u7ad9\\u70b9\", \"object\": \"\\u6709\\u9053\\u4e91\\u7b14\\u8bb0\"}}]',10,1),(64,'2018-07-16 16:57:06','7','学习',2,'[{\"added\": {\"name\": \"\\u7ad9\\u70b9\", \"object\": \"\\u7f51\\u6613\\u516c\\u5f00\\u8bfe\"}}, {\"added\": {\"name\": \"\\u7ad9\\u70b9\", \"object\": \"\\u7f51\\u6613\\u4e91\\u8bfe\\u5802\"}}, {\"added\": {\"name\": \"\\u7ad9\\u70b9\", \"object\": \"\\u591a\\u8d1d\\u516c\\u5f00\\u8bfe\"}}, {\"added\": {\"name\": \"\\u7ad9\\u70b9\", \"object\": \"\\u817e\\u8baf\\u8bfe\\u5802\"}}, {\"added\": {\"name\": \"\\u7ad9\\u70b9\", \"object\": \"\\u6781\\u5ba2\\u5b66\\u9662\"}}, {\"added\": {\"name\": \"\\u7ad9\\u70b9\", \"object\": \"\\u767e\\u5ea6\\u4f20\\u8bfe\"}}]',10,1),(65,'2018-07-16 17:00:07','8','资源',2,'[{\"added\": {\"name\": \"\\u7ad9\\u70b9\", \"object\": \"\\u8d44\\u6e90\\u732b\"}}, {\"added\": {\"name\": \"\\u7ad9\\u70b9\", \"object\": \"\\u7535\\u9a74\"}}, {\"added\": {\"name\": \"\\u7ad9\\u70b9\", \"object\": \"\\u641c\\u767e\\u5ea6\\u76d8\"}}, {\"added\": {\"name\": \"\\u7ad9\\u70b9\", \"object\": \"BT\\u8682\\u8681\"}}, {\"added\": {\"name\": \"\\u7ad9\\u70b9\", \"object\": \"\\u7231\\u95ee\\u5171\\u4eab\\u8d44\\u6599\"}}, {\"added\": {\"name\": \"\\u7ad9\\u70b9\", \"object\": \"\\u767e\\u5ea6\\u6587\\u5e93\"}}]',10,1),(66,'2018-07-16 17:02:49','9','百科',2,'[{\"added\": {\"name\": \"\\u7ad9\\u70b9\", \"object\": \"\\u7ef4\\u57fa\\u767e\\u79d1\"}}, {\"added\": {\"name\": \"\\u7ad9\\u70b9\", \"object\": \"\\u767e\\u5ea6\\u767e\\u79d1\"}}, {\"added\": {\"name\": \"\\u7ad9\\u70b9\", \"object\": \"\\u4e92\\u52a8\\u767e\\u79d1\"}}, {\"added\": {\"name\": \"\\u7ad9\\u70b9\", \"object\": \"MBA\\u667a\\u5e93\"}}, {\"added\": {\"name\": \"\\u7ad9\\u70b9\", \"object\": \"360\\u767e\\u79d1\"}}, {\"added\": {\"name\": \"\\u7ad9\\u70b9\", \"object\": \"\\u641c\\u72d7\\u767e\\u79d1\"}}]',10,1),(67,'2018-07-16 17:04:54','10','问答',2,'[{\"added\": {\"name\": \"\\u7ad9\\u70b9\", \"object\": \"\\u77e5\\u4e4e\"}}, {\"added\": {\"name\": \"\\u7ad9\\u70b9\", \"object\": \"\\u679c\\u58f3\"}}, {\"added\": {\"name\": \"\\u7ad9\\u70b9\", \"object\": \"\\u767e\\u5ea6\\u77e5\\u9053\"}}, {\"added\": {\"name\": \"\\u7ad9\\u70b9\", \"object\": \"\\u5929\\u6daf\\u77e5\\u9053\"}}, {\"added\": {\"name\": \"\\u7ad9\\u70b9\", \"object\": \"\\u65b0\\u6d6a\\u7231\\u95ee\"}}, {\"added\": {\"name\": \"\\u7ad9\\u70b9\", \"object\": \"360\\u95ee\\u7b54\"}}]',10,1),(68,'2018-07-16 17:07:31','11','足球',2,'[{\"added\": {\"name\": \"\\u7ad9\\u70b9\", \"object\": \"\\u864e\\u6251\\u8db3\\u7403\"}}, {\"added\": {\"name\": \"\\u7ad9\\u70b9\", \"object\": \"\\u4e50\\u89c6\\u8db3\\u7403\\u76f4\\u64ad\"}}, {\"added\": {\"name\": \"\\u7ad9\\u70b9\", \"object\": \"\\u65b0\\u6d6a\\u8db3\\u7403\"}}, {\"added\": {\"name\": \"\\u7ad9\\u70b9\", \"object\": \"\\u7f51\\u6613\\u8db3\\u7403\"}}, {\"added\": {\"name\": \"\\u7ad9\\u70b9\", \"object\": \"\\u8db3\\u534f\"}}, {\"added\": {\"name\": \"\\u7ad9\\u70b9\", \"object\": \"CCTV\"}}]',10,1),(69,'2018-07-16 17:11:37','12','篮球',2,'[{\"added\": {\"name\": \"\\u7ad9\\u70b9\", \"object\": \"\\u864e\\u6251NBA\"}}, {\"added\": {\"name\": \"\\u7ad9\\u70b9\", \"object\": \"\\u4e50\\u89c6\\u7bee\\u7403\\u76f4\\u64ad\"}}, {\"added\": {\"name\": \"\\u7ad9\\u70b9\", \"object\": \"\\u817e\\u8bafNBA\"}}, {\"added\": {\"name\": \"\\u7ad9\\u70b9\", \"object\": \"\\u65b0\\u6d6aNBA\"}}, {\"added\": {\"name\": \"\\u7ad9\\u70b9\", \"object\": \"NBA\\u5b98\\u7f51\"}}, {\"added\": {\"name\": \"\\u7ad9\\u70b9\", \"object\": \"CBA\\u5b98\\u7f51\"}}]',10,1),(70,'2018-07-16 17:14:36','13','军事',2,'[{\"added\": {\"name\": \"\\u7ad9\\u70b9\", \"object\": \"\\u51e4\\u51f0\\u519b\\u4e8b\"}}, {\"added\": {\"name\": \"\\u7ad9\\u70b9\", \"object\": \"\\u7a7a\\u519b\\u4e4b\\u7ffc\"}}, {\"added\": {\"name\": \"\\u7ad9\\u70b9\", \"object\": \"\\u8d85\\u7ea7\\u5927\\u672c\\u8425\"}}, {\"added\": {\"name\": \"\\u7ad9\\u70b9\", \"object\": \"\\u94c1\\u8840\\u7f51\"}}, {\"added\": {\"name\": \"\\u7ad9\\u70b9\", \"object\": \"\\u897f\\u9646\\u7f51\"}}, {\"added\": {\"name\": \"\\u7ad9\\u70b9\", \"object\": \"\\u7c73\\u5c14\\u519b\\u4e8b\"}}]',10,1),(71,'2018-07-16 17:17:22','16','汽车',2,'[{\"added\": {\"name\": \"\\u7ad9\\u70b9\", \"object\": \"\\u6c7d\\u8f66\\u4e4b\\u5bb6\"}}, {\"added\": {\"name\": \"\\u7ad9\\u70b9\", \"object\": \"\\u592a\\u5e73\\u6d0b\\u6c7d\\u8f66\"}}, {\"added\": {\"name\": \"\\u7ad9\\u70b9\", \"object\": \"\\u6613\\u8f66\"}}, {\"added\": {\"name\": \"\\u7ad9\\u70b9\", \"object\": \"\\u7231\\u5361\\u6c7d\\u8f66\"}}, {\"added\": {\"name\": \"\\u7ad9\\u70b9\", \"object\": \"\\u65b0\\u6d6a\\u6c7d\\u8f66\"}}, {\"added\": {\"name\": \"\\u7ad9\\u70b9\", \"object\": \"\\u641c\\u72d0\\u6c7d\\u8f66\"}}]',10,1),(72,'2018-07-16 17:19:27','15','游戏',2,'[{\"added\": {\"name\": \"\\u7ad9\\u70b9\", \"object\": \"\\u82f1\\u96c4\\u8054\\u76df\"}}, {\"added\": {\"name\": \"\\u7ad9\\u70b9\", \"object\": \"\\u9f99\\u4e4b\\u8c37\"}}, {\"added\": {\"name\": \"\\u7ad9\\u70b9\", \"object\": \"\\u9b54\\u517d\\u4e16\\u754c\"}}, {\"added\": {\"name\": \"\\u7ad9\\u70b9\", \"object\": \"\\u5766\\u514b\\u4e16\\u754c\"}}, {\"added\": {\"name\": \"\\u7ad9\\u70b9\", \"object\": \"\\u7a7f\\u8d8a\\u706b\\u7ebf\"}}, {\"added\": {\"name\": \"\\u7ad9\\u70b9\", \"object\": \"\\u5730\\u4e0b\\u57ce\\u4e0e\\u52c7\\u58eb\"}}]',10,1),(73,'2018-07-16 17:21:59','14','数码',2,'[{\"added\": {\"name\": \"\\u7ad9\\u70b9\", \"object\": \"\\u763e\\u79d1\\u6280\"}}, {\"added\": {\"name\": \"\\u7ad9\\u70b9\", \"object\": \"Zealer\"}}, {\"added\": {\"name\": \"\\u7ad9\\u70b9\", \"object\": \"\\u6570\\u5b57\\u5c3e\\u5df4\"}}, {\"added\": {\"name\": \"\\u7ad9\\u70b9\", \"object\": \"\\u4e2d\\u5173\\u6751\\u5728\\u7ebf\"}}, {\"added\": {\"name\": \"\\u7ad9\\u70b9\", \"object\": \"\\u592a\\u5e73\\u6d0b\\u7535\\u8111\"}}, {\"added\": {\"name\": \"\\u7ad9\\u70b9\", \"object\": \"\\u5927\\u7c73\\u8bc4\\u6d4b\"}}]',10,1),(74,'2018-07-16 17:24:18','18','美女',2,'[{\"added\": {\"name\": \"\\u7ad9\\u70b9\", \"object\": \"\\u5c24\\u679c\"}}, {\"added\": {\"name\": \"\\u7ad9\\u70b9\", \"object\": \"\\u82b1\\u74e3\"}}, {\"added\": {\"name\": \"\\u7ad9\\u70b9\", \"object\": \"\\u65e5\\u97e9\\u7f8e\\u5973\"}}, {\"added\": {\"name\": \"\\u7ad9\\u70b9\", \"object\": \"\\u65b0\\u6d6a\\u7f8e\\u5973\"}}, {\"added\": {\"name\": \"\\u7ad9\\u70b9\", \"object\": \"\\u591a\\u73a9\\u7f8e\\u5973\"}}, {\"added\": {\"name\": \"\\u7ad9\\u70b9\", \"object\": \"\\u7f8e\\u59738\"}}]',10,1),(75,'2018-07-16 17:27:19','17','财经',2,'[{\"added\": {\"name\": \"\\u7ad9\\u70b9\", \"object\": \"\\u4e1c\\u65b9\\u8d22\\u5bcc\"}}, {\"added\": {\"name\": \"\\u7ad9\\u70b9\", \"object\": \"\\u7b2c\\u4e00\\u8d22\\u7ecf\"}}, {\"added\": {\"name\": \"\\u7ad9\\u70b9\", \"object\": \"\\u548c\\u8baf\\u8d22\\u7ecf\"}}, {\"added\": {\"name\": \"\\u7ad9\\u70b9\", \"object\": \"\\u80a1\\u5427\"}}, {\"added\": {\"name\": \"\\u7ad9\\u70b9\", \"object\": \"\\u96ea\\u7403\"}}, {\"added\": {\"name\": \"\\u7ad9\\u70b9\", \"object\": \"\\u51e4\\u51f0\\u8d22\\u7ecf\"}}]',10,1),(76,'2018-07-16 17:30:12','19','科技',2,'[{\"added\": {\"name\": \"\\u7ad9\\u70b9\", \"object\": \"\\u96f7\\u950b\\u7f51\"}}, {\"added\": {\"name\": \"\\u7ad9\\u70b9\", \"object\": \"\\u6bd4\\u7279\\u7f51\"}}, {\"added\": {\"name\": \"\\u7ad9\\u70b9\", \"object\": \"\\u6781\\u5ba2\\u516c\\u56ed\"}}, {\"added\": {\"name\": \"\\u7ad9\\u70b9\", \"object\": \"\\u7231\\u8303\\u513f\"}}, {\"added\": {\"name\": \"\\u7ad9\\u70b9\", \"object\": \"\\u949b\\u5a92\\u4f53\"}}, {\"added\": {\"name\": \"\\u7ad9\\u70b9\", \"object\": \"\\u82b1\\u706b\"}}]',10,1),(77,'2018-07-16 17:32:40','20','减肥',2,'[{\"added\": {\"name\": \"\\u7ad9\\u70b9\", \"object\": \"39\\u5065\\u5eb7\\u51cf\\u80a5\"}}, {\"added\": {\"name\": \"\\u7ad9\\u70b9\", \"object\": \"\\u51cf\\u80a5\\u7626\\u8eab\"}}, {\"added\": {\"name\": \"\\u7ad9\\u70b9\", \"object\": \"6631\"}}, {\"added\": {\"name\": \"\\u7ad9\\u70b9\", \"object\": \"\\u51cf\\u80a5\\u7f51\"}}, {\"added\": {\"name\": \"\\u7ad9\\u70b9\", \"object\": \"\\u8584\\u8377\"}}, {\"added\": {\"name\": \"\\u7ad9\\u70b9\", \"object\": \"\\u7231\\u7f8e\\u7626\\u8eab\"}}]',10,1),(78,'2018-07-16 17:34:56','21','美容',2,'[{\"added\": {\"name\": \"\\u7ad9\\u70b9\", \"object\": \"\\u641c\\u72d0\\u5973\\u4eba\"}}, {\"added\": {\"name\": \"\\u7ad9\\u70b9\", \"object\": \"YOKA\\u7f8e\\u5bb9\"}}, {\"added\": {\"name\": \"\\u7ad9\\u70b9\", \"object\": \"onlyLady\"}}, {\"added\": {\"name\": \"\\u7ad9\\u70b9\", \"object\": \"pcLady\"}}, {\"added\": {\"name\": \"\\u7ad9\\u70b9\", \"object\": \"\\u817e\\u8baf\\u5973\\u6027\"}}, {\"added\": {\"name\": \"\\u7ad9\\u70b9\", \"object\": \"\\u7f51\\u6613\\u7f8e\\u5bb9\"}}]',10,1),(79,'2018-07-16 17:37:11','22','星座',2,'[{\"added\": {\"name\": \"\\u7ad9\\u70b9\", \"object\": \"\\u661f\\u5ea7\\u5c4b\"}}, {\"added\": {\"name\": \"\\u7ad9\\u70b9\", \"object\": \"\\u7b2c\\u4e00\\u661f\\u5ea7\"}}, {\"added\": {\"name\": \"\\u7ad9\\u70b9\", \"object\": \"\\u817e\\u8baf\\u661f\\u5ea7\"}}, {\"added\": {\"name\": \"\\u7ad9\\u70b9\", \"object\": \"\\u7f51\\u6613\\u661f\\u5ea7\"}}, {\"added\": {\"name\": \"\\u7ad9\\u70b9\", \"object\": \"\\u641c\\u72d0\\u661f\\u5ea7\"}}, {\"added\": {\"name\": \"\\u7ad9\\u70b9\", \"object\": \"\\u65b0\\u6d6a\\u661f\\u5ea7\"}}]',10,1),(80,'2018-07-16 17:39:30','24','母婴',2,'[{\"added\": {\"name\": \"\\u7ad9\\u70b9\", \"object\": \"\\u592a\\u5e73\\u6d0b\\u4eb2\\u5b50\"}}, {\"added\": {\"name\": \"\\u7ad9\\u70b9\", \"object\": \"\\u5988\\u5988\\u7f51\"}}, {\"added\": {\"name\": \"\\u7ad9\\u70b9\", \"object\": \"\\u871c\\u82bd\\u7f51\"}}, {\"added\": {\"name\": \"\\u7ad9\\u70b9\", \"object\": \"\\u4eb2\\u4eb2\\u5b9d\\u8d1d\"}}, {\"added\": {\"name\": \"\\u7ad9\\u70b9\", \"object\": \"\\u65b0\\u6d6a\\u80b2\\u513f\"}}, {\"added\": {\"name\": \"\\u7ad9\\u70b9\", \"object\": \"\\u641c\\u72d0\\u6bcd\\u5a74\"}}]',10,1),(81,'2018-07-16 17:42:15','23','奢侈品',2,'[{\"added\": {\"name\": \"\\u7ad9\\u70b9\", \"object\": \"net-a-porter\"}}, {\"added\": {\"name\": \"\\u7ad9\\u70b9\", \"object\": \"yoox\"}}, {\"added\": {\"name\": \"\\u7ad9\\u70b9\", \"object\": \"\\u7b2c\\u4e94\\u5927\\u9053\"}}, {\"added\": {\"name\": \"\\u7ad9\\u70b9\", \"object\": \"\\u4f18\\u4f17\"}}, {\"added\": {\"name\": \"\\u7ad9\\u70b9\", \"object\": \"\\u5bfa\\u5e93\"}}, {\"added\": {\"name\": \"\\u7ad9\\u70b9\", \"object\": \"farfetch\"}}]',10,1),(82,'2018-07-16 17:45:29','111','热门',2,'[{\"added\": {\"name\": \"\\u7ad9\\u70b9\", \"object\": \"\\u8138\\u4e66\"}}, {\"added\": {\"name\": \"\\u7ad9\\u70b9\", \"object\": \"\\u6cb9\\u7ba1\"}}, {\"added\": {\"name\": \"\\u7ad9\\u70b9\", \"object\": \"\\u7167\\u7247\\u5899\"}}, {\"added\": {\"name\": \"\\u7ad9\\u70b9\", \"object\": \"\\u63a8\\u7279\"}}, {\"added\": {\"name\": \"\\u7ad9\\u70b9\", \"object\": \"\\u6c64\\u4e0d\\u70ed\"}}, {\"added\": {\"name\": \"\\u7ad9\\u70b9\", \"object\": \"\\u8c37\\u6b4c+\"}}]',10,1),(83,'2018-07-16 17:55:41','113','影音',2,'[{\"added\": {\"name\": \"\\u7ad9\\u70b9\", \"object\": \"Hulu\"}}, {\"added\": {\"name\": \"\\u7ad9\\u70b9\", \"object\": \"\\u70c2\\u756a\\u8304\"}}, {\"added\": {\"name\": \"\\u7ad9\\u70b9\", \"object\": \"Vimeo\"}}, {\"added\": {\"name\": \"\\u7ad9\\u70b9\", \"object\": \"Spotify\"}}, {\"added\": {\"name\": \"\\u7ad9\\u70b9\", \"object\": \"IMDb\"}}, {\"added\": {\"name\": \"\\u7ad9\\u70b9\", \"object\": \"\\u6f58\\u591a\\u62c9\"}}]',10,1),(84,'2018-07-16 17:58:16','112','社区',2,'[{\"added\": {\"name\": \"\\u7ad9\\u70b9\", \"object\": \"Reddit\"}}, {\"added\": {\"name\": \"\\u7ad9\\u70b9\", \"object\": \"\\u9886\\u82f1\"}}, {\"added\": {\"name\": \"\\u7ad9\\u70b9\", \"object\": \"\\u96c5\\u864e\"}}, {\"added\": {\"name\": \"\\u7ad9\\u70b9\", \"object\": \"\\u62fc\\u8da3\"}}, {\"added\": {\"name\": \"\\u7ad9\\u70b9\", \"object\": \"\\u7ef4\\u57fa\\u767e\\u79d1\"}}, {\"added\": {\"name\": \"\\u7ad9\\u70b9\", \"object\": \"Quora\"}}]',10,1),(85,'2018-07-16 18:00:43','115','新闻',2,'[{\"added\": {\"name\": \"\\u7ad9\\u70b9\", \"object\": \"CNN\"}}, {\"added\": {\"name\": \"\\u7ad9\\u70b9\", \"object\": \"BBC\"}}, {\"added\": {\"name\": \"\\u7ad9\\u70b9\", \"object\": \"\\u8c37\\u6b4c\\u65b0\\u95fb\"}}, {\"added\": {\"name\": \"\\u7ad9\\u70b9\", \"object\": \"\\u798f\\u514b\\u65af\\u65b0\\u95fb\"}}, {\"added\": {\"name\": \"\\u7ad9\\u70b9\", \"object\": \"\\u96c5\\u864e\\u65b0\\u95fb\"}}, {\"added\": {\"name\": \"\\u7ad9\\u70b9\", \"object\": \"SalonNews\"}}]',10,1),(86,'2018-07-16 18:03:08','114','邮箱',2,'[{\"added\": {\"name\": \"\\u7ad9\\u70b9\", \"object\": \"Gmail\"}}, {\"added\": {\"name\": \"\\u7ad9\\u70b9\", \"object\": \"YahooMail\"}}, {\"added\": {\"name\": \"\\u7ad9\\u70b9\", \"object\": \"OutlookMail\"}}, {\"added\": {\"name\": \"\\u7ad9\\u70b9\", \"object\": \"AOLMail\"}}, {\"added\": {\"name\": \"\\u7ad9\\u70b9\", \"object\": \"zohoMail\"}}, {\"added\": {\"name\": \"\\u7ad9\\u70b9\", \"object\": \"Mail\"}}]',10,1),(87,'2018-07-16 18:05:53','117','数码',2,'[{\"added\": {\"name\": \"\\u7ad9\\u70b9\", \"object\": \"\\u763e\\u79d1\\u6280\"}}, {\"added\": {\"name\": \"\\u7ad9\\u70b9\", \"object\": \"TheVerge\"}}, {\"added\": {\"name\": \"\\u7ad9\\u70b9\", \"object\": \"DigitalTrends\"}}, {\"added\": {\"name\": \"\\u7ad9\\u70b9\", \"object\": \"CM\\u56e2\\u961f\"}}, {\"added\": {\"name\": \"\\u7ad9\\u70b9\", \"object\": \"Anandtech\"}}, {\"added\": {\"name\": \"\\u7ad9\\u70b9\", \"object\": \"NotebookCheck\"}}]',10,1),(88,'2018-07-16 18:08:42','116','电商',2,'[{\"added\": {\"name\": \"\\u7ad9\\u70b9\", \"object\": \"\\u4e9a\\u9a6c\\u900a\"}}, {\"added\": {\"name\": \"\\u7ad9\\u70b9\", \"object\": \"Ebay\"}}, {\"added\": {\"name\": \"\\u7ad9\\u70b9\", \"object\": \"NewEgg\"}}, {\"added\": {\"name\": \"\\u7ad9\\u70b9\", \"object\": \"GroupOn\"}}, {\"added\": {\"name\": \"\\u7ad9\\u70b9\", \"object\": \"Esty\"}}, {\"added\": {\"name\": \"\\u7ad9\\u70b9\", \"object\": \"Target\"}}]',10,1),(89,'2018-07-16 18:10:55','120','综合',2,'[{\"added\": {\"name\": \"\\u7ad9\\u70b9\", \"object\": \"\\u7f8e\\u56fd\\u5728\\u7ebf\"}}, {\"added\": {\"name\": \"\\u7ad9\\u70b9\", \"object\": \"TED\"}}, {\"added\": {\"name\": \"\\u7ad9\\u70b9\", \"object\": \"\\u7f8e\\u56fd\\u4e4b\\u58f0\"}}, {\"added\": {\"name\": \"\\u7ad9\\u70b9\", \"object\": \"500PX\"}}, {\"added\": {\"name\": \"\\u7ad9\\u70b9\", \"object\": \"\\u683c\\u83b1\\u7f8e\"}}, {\"added\": {\"name\": \"\\u7ad9\\u70b9\", \"object\": \"\\u5965\\u65af\\u5361\"}}]',10,1),(90,'2018-07-16 18:13:16','119','Google',2,'[{\"added\": {\"name\": \"\\u7ad9\\u70b9\", \"object\": \"\\u8c37\\u6b4c\\u5730\\u7403\"}}, {\"added\": {\"name\": \"\\u7ad9\\u70b9\", \"object\": \"\\u8c37\\u6b4c\\u5730\\u56fe\"}}, {\"added\": {\"name\": \"\\u7ad9\\u70b9\", \"object\": \"\\u8c37\\u6b4c\\u5b66\\u672f\"}}, {\"added\": {\"name\": \"\\u7ad9\\u70b9\", \"object\": \"\\u8c37\\u6b4c+\"}}, {\"added\": {\"name\": \"\\u7ad9\\u70b9\", \"object\": \"\\u8c37\\u6b4c\\u56fe\\u4e66\"}}, {\"added\": {\"name\": \"\\u7ad9\\u70b9\", \"object\": \"GooglePlay\"}}]',10,1),(91,'2018-07-16 18:15:28','118','资源',2,'[{\"added\": {\"name\": \"\\u7ad9\\u70b9\", \"object\": \"\\u6d77\\u76d7\\u6e7e\"}}, {\"added\": {\"name\": \"\\u7ad9\\u70b9\", \"object\": \"kickasstorrentsan\"}}, {\"added\": {\"name\": \"\\u7ad9\\u70b9\", \"object\": \"btsynckeys\"}}, {\"added\": {\"name\": \"\\u7ad9\\u70b9\", \"object\": \"mininova\"}}, {\"added\": {\"name\": \"\\u7ad9\\u70b9\", \"object\": \"btmeet\"}}, {\"added\": {\"name\": \"\\u7ad9\\u70b9\", \"object\": \"btdigg\"}}]',10,1),(92,'2018-07-16 21:23:04','1','admin',2,'[{\"changed\": {\"fields\": [\"password\"]}}]',4,1),(93,'2018-07-16 21:46:43','1','admin',2,'[{\"changed\": {\"fields\": [\"password\"]}}]',4,1),(94,'2018-07-17 00:01:11','13','趣味',2,'[{\"added\": {\"name\": \"\\u5c0f\\u5206\\u7c7b\", \"object\": \"\\u5386\\u53f2\"}}, {\"added\": {\"name\": \"\\u5c0f\\u5206\\u7c7b\", \"object\": \"\\u6444\\u5f71\"}}, {\"added\": {\"name\": \"\\u5c0f\\u5206\\u7c7b\", \"object\": \"\\u6e2f\\u53f0\"}}, {\"added\": {\"name\": \"\\u5c0f\\u5206\\u7c7b\", \"object\": \"\\u76f4\\u64ad\"}}, {\"added\": {\"name\": \"\\u5c0f\\u5206\\u7c7b\", \"object\": \"\\u4e8c\\u6b21\\u5143\"}}, {\"added\": {\"name\": \"\\u5c0f\\u5206\\u7c7b\", \"object\": \"\\u5b66\\u672f\"}}, {\"added\": {\"name\": \"\\u5c0f\\u5206\\u7c7b\", \"object\": \"\\u5468\\u520a\"}}, {\"added\": {\"name\": \"\\u5c0f\\u5206\\u7c7b\", \"object\": \"\\u8bbe\\u8ba1\"}}, {\"added\": {\"name\": \"\\u5c0f\\u5206\\u7c7b\", \"object\": \"\\u6587\\u827a\"}}]',7,1),(95,'2018-07-17 09:06:18','27','健康',2,'[{\"added\": {\"name\": \"\\u7ad9\\u70b9\", \"object\": \"\\u5bfb\\u533b\\u95ee\\u836f\\u7f51\"}}, {\"added\": {\"name\": \"\\u7ad9\\u70b9\", \"object\": \"\\u597d\\u5927\\u592b\\u5728\\u7ebf\"}}, {\"added\": {\"name\": \"\\u7ad9\\u70b9\", \"object\": \"39\\u5065\\u5eb7\\u7f51\"}}, {\"added\": {\"name\": \"\\u7ad9\\u70b9\", \"object\": \"\\u6709\\u95ee\\u5fc5\\u7b54\"}}, {\"added\": {\"name\": \"\\u7ad9\\u70b9\", \"object\": \"\\u6302\\u53f7\\u7f51\"}}, {\"added\": {\"name\": \"\\u7ad9\\u70b9\", \"object\": \"39\\u517b\\u751f\\u5802\"}}]',8,1),(96,'2018-07-17 09:08:28','26','购物',2,'[{\"added\": {\"name\": \"\\u7ad9\\u70b9\", \"object\": \"\\u805a\\u7f8e\\u4f18\\u54c1\"}}, {\"added\": {\"name\": \"\\u7ad9\\u70b9\", \"object\": \"\\u552f\\u54c1\\u4f1a\"}}, {\"added\": {\"name\": \"\\u7ad9\\u70b9\", \"object\": \"\\u8611\\u83c7\\u8857\"}}, {\"added\": {\"name\": \"\\u7ad9\\u70b9\", \"object\": \"\\u67da\\u5b50\\u8857\"}}, {\"added\": {\"name\": \"\\u7ad9\\u70b9\", \"object\": \"\\u7f8e\\u4e3d\\u8bf4\"}}, {\"added\": {\"name\": \"\\u7ad9\\u70b9\", \"object\": \"\\u68a6\\u82ad\\u838e\"}}]',8,1),(97,'2018-07-17 09:10:58','25','时尚',2,'[{\"added\": {\"name\": \"\\u7ad9\\u70b9\", \"object\": \"\\u65f6\\u5c1a\\u82ad\\u838e\"}}, {\"added\": {\"name\": \"\\u7ad9\\u70b9\", \"object\": \"yoka\\u65f6\\u5c1a\"}}, {\"added\": {\"name\": \"\\u7ad9\\u70b9\", \"object\": \"\\u592a\\u5e73\\u6d0b\\u5973\\u6027\"}}, {\"added\": {\"name\": \"\\u7ad9\\u70b9\", \"object\": \"vogue\\u65f6\\u5c1a\"}}, {\"added\": {\"name\": \"\\u7ad9\\u70b9\", \"object\": \"onlylady\"}}, {\"added\": {\"name\": \"\\u7ad9\\u70b9\", \"object\": \"\\u6d77\\u62a5\\u65f6\\u5c1a\"}}]',8,1),(98,'2018-07-17 09:14:13','28','房产',2,'[{\"added\": {\"name\": \"\\u7ad9\\u70b9\", \"object\": \"\\u623f\\u5929\\u4e0b\"}}, {\"added\": {\"name\": \"\\u7ad9\\u70b9\", \"object\": \"\\u94fe\\u5bb6\"}}, {\"added\": {\"name\": \"\\u7ad9\\u70b9\", \"object\": \"\\u623f\\u591a\\u591a\"}}, {\"added\": {\"name\": \"\\u7ad9\\u70b9\", \"object\": \"\\u5b89\\u5c45\\u5ba2\"}}, {\"added\": {\"name\": \"\\u7ad9\\u70b9\", \"object\": \"\\u641c\\u72d0\\u8d2d\\u623f\"}}, {\"added\": {\"name\": \"\\u7ad9\\u70b9\", \"object\": \"\\u7231\\u5c4b\\u5409\\u5c4b\"}}]',8,1),(99,'2018-07-17 09:16:32','29','读书',2,'[{\"added\": {\"name\": \"\\u7ad9\\u70b9\", \"object\": \"\\u8c46\\u74e3\\u8bfb\\u4e66\"}}, {\"added\": {\"name\": \"\\u7ad9\\u70b9\", \"object\": \"Kindle\\u8d44\\u6e90\"}}, {\"added\": {\"name\": \"\\u7ad9\\u70b9\", \"object\": \"\\u7f51\\u6613\\u4e91\\u9605\\u8bfb\"}}, {\"added\": {\"name\": \"\\u7ad9\\u70b9\", \"object\": \"\\u51e4\\u51f0\\u8bfb\\u4e66\"}}, {\"added\": {\"name\": \"\\u7ad9\\u70b9\", \"object\": \"\\u65b0\\u6d6a\\u8bfb\\u4e66\"}}, {\"added\": {\"name\": \"\\u7ad9\\u70b9\", \"object\": \"\\u641c\\u72d0\\u8bfb\\u4e66\"}}]',8,1),(100,'2018-07-17 09:27:33','30','旅行',2,'[{\"added\": {\"name\": \"\\u7ad9\\u70b9\", \"object\": \"\\u643a\\u7a0b\"}}, {\"added\": {\"name\": \"\\u7ad9\\u70b9\", \"object\": \"\\u9014\\u725b\"}}, {\"added\": {\"name\": \"\\u7ad9\\u70b9\", \"object\": \"\\u9a74\\u5988\\u5988\\u65c5\\u6e38\"}}, {\"added\": {\"name\": \"\\u7ad9\\u70b9\", \"object\": \"\\u9a6c\\u8702\\u7a9d\"}}, {\"added\": {\"name\": \"\\u7ad9\\u70b9\", \"object\": \"12306\"}}, {\"added\": {\"name\": \"\\u7ad9\\u70b9\", \"object\": \"\\u957f\\u9014\\u6c7d\\u8f66\\u67e5\\u8be2\"}}]',8,1),(101,'2018-07-17 09:29:47','31','娱乐',2,'[{\"added\": {\"name\": \"\\u7ad9\\u70b9\", \"object\": \"\\u817e\\u8baf\\u5a31\\u4e50\"}}, {\"added\": {\"name\": \"\\u7ad9\\u70b9\", \"object\": \"\\u7f51\\u6613\\u5a31\\u4e50\"}}, {\"added\": {\"name\": \"\\u7ad9\\u70b9\", \"object\": \"\\u51e4\\u51f0\\u5a31\\u4e50\"}}, {\"added\": {\"name\": \"\\u7ad9\\u70b9\", \"object\": \"\\u641c\\u72d0\\u5a31\\u4e50\"}}, {\"added\": {\"name\": \"\\u7ad9\\u70b9\", \"object\": \"\\u73af\\u7403\\u5a31\\u4e50\"}}, {\"added\": {\"name\": \"\\u7ad9\\u70b9\", \"object\": \"\\u65b0\\u6d6a\\u5a31\\u4e50\"}}]',8,1),(102,'2018-07-17 09:32:04','32','美食',2,'[{\"added\": {\"name\": \"\\u7ad9\\u70b9\", \"object\": \"\\u4e0b\\u53a8\\u623f\"}}, {\"added\": {\"name\": \"\\u7ad9\\u70b9\", \"object\": \"\\u4e2d\\u56fd\\u83dc\\u8c31\\u7f51\"}}, {\"added\": {\"name\": \"\\u7ad9\\u70b9\", \"object\": \"\\u8c46\\u679c\\u7f8e\\u98df\"}}, {\"added\": {\"name\": \"\\u7ad9\\u70b9\", \"object\": \"\\u641c\\u72d0\\u7f8e\\u98df\"}}, {\"added\": {\"name\": \"\\u7ad9\\u70b9\", \"object\": \"\\u5fc3\\u98df\\u8c31\"}}, {\"added\": {\"name\": \"\\u7ad9\\u70b9\", \"object\": \"\\u7f8e\\u98df\\u5929\\u4e0b\"}}]',8,1),(103,'2018-07-17 09:34:53','33','宠物',2,'[{\"added\": {\"name\": \"\\u7ad9\\u70b9\", \"object\": \"\\u6ce2\\u5947\\u7f51\"}}, {\"added\": {\"name\": \"\\u7ad9\\u70b9\", \"object\": \"\\u5929\\u5929\\u5ba0\\u7269\"}}, {\"added\": {\"name\": \"\\u7ad9\\u70b9\", \"object\": \"\\u5ba0\\u7269\\u4e2d\\u56fd\"}}, {\"added\": {\"name\": \"\\u7ad9\\u70b9\", \"object\": \"\\u7231\\u5ba0\\u533b\\u751f\"}}, {\"added\": {\"name\": \"\\u7ad9\\u70b9\", \"object\": \"\\u7f51\\u6613\\u5ba0\\u7269\"}}, {\"added\": {\"name\": \"\\u7ad9\\u70b9\", \"object\": \"\\u592a\\u5e73\\u6d0b\\u5ba0\\u7269\"}}]',8,1),(104,'2018-07-17 09:37:36','34','搞笑',2,'[{\"added\": {\"name\": \"\\u7ad9\\u70b9\", \"object\": \"\\u7cd7\\u4e8b\\u767e\\u79d1\"}}, {\"added\": {\"name\": \"\\u7ad9\\u70b9\", \"object\": \"\\u66b4\\u8d70\\u6f2b\\u753b\"}}, {\"added\": {\"name\": \"\\u7ad9\\u70b9\", \"object\": \"\\u767e\\u601d\\u4e0d\\u5f97\\u59d0\"}}, {\"added\": {\"name\": \"\\u7ad9\\u70b9\", \"object\": \"\\u5feb\\u4e50\\u9ebb\\u82b1\"}}, {\"added\": {\"name\": \"\\u7ad9\\u70b9\", \"object\": \"\\u6367\\u8179\\u7f51\"}}, {\"added\": {\"name\": \"\\u7ad9\\u70b9\", \"object\": \"\\u6765\\u798f\\u5c9b\"}}]',8,1),(105,'2018-07-17 09:39:50','35','交友',2,'[{\"added\": {\"name\": \"\\u7ad9\\u70b9\", \"object\": \"\\u4e16\\u7eaa\\u4f73\\u7f18\"}}, {\"added\": {\"name\": \"\\u7ad9\\u70b9\", \"object\": \"\\u767e\\u5408\\u7f51\"}}, {\"added\": {\"name\": \"\\u7ad9\\u70b9\", \"object\": \"\\u964c\\u964c\"}}, {\"added\": {\"name\": \"\\u7ad9\\u70b9\", \"object\": \"\\u7f51\\u6613\\u82b1\\u7530\"}}, {\"added\": {\"name\": \"\\u7ad9\\u70b9\", \"object\": \"\\u8c46\\u74e3\\u540c\\u57ce\"}}, {\"added\": {\"name\": \"\\u7ad9\\u70b9\", \"object\": \"\\u7f51\\u6613\\u540c\\u57ce\"}}]',8,1),(106,'2018-07-17 09:42:03','36','演出',2,'[{\"added\": {\"name\": \"\\u7ad9\\u70b9\", \"object\": \"\\u5927\\u9ea6\\u7f51\"}}, {\"added\": {\"name\": \"\\u7ad9\\u70b9\", \"object\": \"\\u5a31\\u7968\\u513f\"}}, {\"added\": {\"name\": \"\\u7ad9\\u70b9\", \"object\": \"\\u6c38\\u4e50\\u7968\\u52a1\"}}, {\"added\": {\"name\": \"\\u7ad9\\u70b9\", \"object\": \"\\u7968\\u52a1\\u901a\"}}, {\"added\": {\"name\": \"\\u7ad9\\u70b9\", \"object\": \"\\u5feb\\u7968\\u7f51\"}}, {\"added\": {\"name\": \"\\u7ad9\\u70b9\", \"object\": \"\\u7968\\u52a1\\u4e2d\\u56fd\"}}]',8,1),(107,'2018-07-17 09:44:24','37','导航',2,'[{\"added\": {\"name\": \"\\u7ad9\\u70b9\", \"object\": \"\\u4f18\\u8bbe\\u5bfc\\u822a\"}}, {\"added\": {\"name\": \"\\u7ad9\\u70b9\", \"object\": \"\\u4f18\\u6ce2\\u5bfc\\u822a\"}}, {\"added\": {\"name\": \"\\u7ad9\\u70b9\", \"object\": \"\\u56fe\\u7ffc\\u5bfc\\u822a\"}}, {\"added\": {\"name\": \"\\u7ad9\\u70b9\", \"object\": \"\\u8bbe\\u8ba1\\u8fbe\\u4eba\"}}, {\"added\": {\"name\": \"\\u7ad9\\u70b9\", \"object\": \"\\u817e\\u8baf\\u8bbe\\u8ba1\\u5bfc\\u822a\"}}, {\"added\": {\"name\": \"\\u7ad9\\u70b9\", \"object\": \"\\u725b\\u5927\\u62ff\\u5bfc\\u822a\"}}]',8,1),(108,'2018-07-17 09:54:34','38','灵感',2,'[{\"added\": {\"name\": \"\\u7ad9\\u70b9\", \"object\": \"dribbble\"}}, {\"added\": {\"name\": \"\\u7ad9\\u70b9\", \"object\": \"behance\"}}, {\"added\": {\"name\": \"\\u7ad9\\u70b9\", \"object\": \"\\u82b1\\u74e3\\u7f51\"}}, {\"added\": {\"name\": \"\\u7ad9\\u70b9\", \"object\": \"\\u62fc\\u8da3\"}}, {\"added\": {\"name\": \"\\u7ad9\\u70b9\", \"object\": \"booooooom\"}}, {\"added\": {\"name\": \"\\u7ad9\\u70b9\", \"object\": \"cssdesignawards\"}}]',8,1),(109,'2018-07-17 09:57:44','39','图标',2,'[{\"added\": {\"name\": \"\\u7ad9\\u70b9\", \"object\": \"findicons\"}}, {\"added\": {\"name\": \"\\u7ad9\\u70b9\", \"object\": \"UI-cloud\"}}, {\"added\": {\"name\": \"\\u7ad9\\u70b9\", \"object\": \"easyicon\"}}, {\"added\": {\"name\": \"\\u7ad9\\u70b9\", \"object\": \"flaticon\"}}, {\"added\": {\"name\": \"\\u7ad9\\u70b9\", \"object\": \"iconfinder\"}}, {\"added\": {\"name\": \"\\u7ad9\\u70b9\", \"object\": \"dryicons\"}}]',8,1),(110,'2018-07-17 10:00:11','40','图库',2,'[{\"added\": {\"name\": \"\\u7ad9\\u70b9\", \"object\": \"unsplash\"}}, {\"added\": {\"name\": \"\\u7ad9\\u70b9\", \"object\": \"wallhaven\"}}, {\"added\": {\"name\": \"\\u7ad9\\u70b9\", \"object\": \"forwallpaper\"}}, {\"added\": {\"name\": \"\\u7ad9\\u70b9\", \"object\": \"pixabay\"}}, {\"added\": {\"name\": \"\\u7ad9\\u70b9\", \"object\": \"pexels\"}}, {\"added\": {\"name\": \"\\u7ad9\\u70b9\", \"object\": \"500px\"}}]',8,1),(111,'2018-07-17 10:02:39','41','社区',2,'[{\"added\": {\"name\": \"\\u7ad9\\u70b9\", \"object\": \"\\u7ffc\\u72d0\\u7f51\"}}, {\"added\": {\"name\": \"\\u7ad9\\u70b9\", \"object\": \"\\u7ad9\\u9177\"}}, {\"added\": {\"name\": \"\\u7ad9\\u70b9\", \"object\": \"\\u4f18\\u8bbe\"}}, {\"added\": {\"name\": \"\\u7ad9\\u70b9\", \"object\": \"\\u89c6\\u89c9\\u4e2d\\u56fd\"}}, {\"added\": {\"name\": \"\\u7ad9\\u70b9\", \"object\": \"\\u8bbe\\u8ba1\\u4e4b\\u5bb6\"}}, {\"added\": {\"name\": \"\\u7ad9\\u70b9\", \"object\": \"\\u8bbe\\u8ba1\\u7656\"}}]',8,1),(112,'2018-07-17 10:05:02','42','工具',2,'[{\"added\": {\"name\": \"\\u7ad9\\u70b9\", \"object\": \"H5\\u751f\\u6210\"}}, {\"added\": {\"name\": \"\\u7ad9\\u70b9\", \"object\": \"PNG\\u538b\\u7f29\"}}, {\"added\": {\"name\": \"\\u7ad9\\u70b9\", \"object\": \"\\u6bd4\\u4f8b\\u8ba1\\u7b97\"}}, {\"added\": {\"name\": \"\\u7ad9\\u70b9\", \"object\": \"\\u6a21\\u677f\\u751f\\u6210\"}}, {\"added\": {\"name\": \"\\u7ad9\\u70b9\", \"object\": \"\\u6805\\u683c\\u751f\\u6210\"}}, {\"added\": {\"name\": \"\\u7ad9\\u70b9\", \"object\": \"\\u7f51\\u70b9\\u7f51\\u683c\\u751f\\u6210\"}}]',8,1),(113,'2018-07-17 10:30:40','43','团队',2,'[{\"added\": {\"name\": \"\\u7ad9\\u70b9\", \"object\": \"\\u7f51\\u6613UEDC\"}}, {\"added\": {\"name\": \"\\u7ad9\\u70b9\", \"object\": \"\\u817e\\u8bafCDC\"}}, {\"added\": {\"name\": \"\\u7ad9\\u70b9\", \"object\": \"\\u817e\\u8bafISUX\"}}, {\"added\": {\"name\": \"\\u7ad9\\u70b9\", \"object\": \"\\u817e\\u8bafMXD\"}}, {\"added\": {\"name\": \"\\u7ad9\\u70b9\", \"object\": \"\\u963f\\u91cc\\u56fd\\u9645UED\"}}, {\"added\": {\"name\": \"\\u7ad9\\u70b9\", \"object\": \"\\u963f\\u91ccUED\"}}]',8,1),(114,'2018-07-17 10:32:16','44','字体',2,'[{\"added\": {\"name\": \"\\u7ad9\\u70b9\", \"object\": \"\\u6c42\\u5b57\\u4f53\"}}, {\"added\": {\"name\": \"\\u7ad9\\u70b9\", \"object\": \"\\u5b57\\u4f53\\u4e4b\\u5bb6\"}}, {\"added\": {\"name\": \"\\u7ad9\\u70b9\", \"object\": \"\\u5b57\\u4f53\\u4f20\\u5947\"}}, {\"added\": {\"name\": \"\\u7ad9\\u70b9\", \"object\": \"\\u6709\\u5b57\\u4f53\"}}, {\"added\": {\"name\": \"\\u7ad9\\u70b9\", \"object\": \"fontsup\"}}]',8,1),(115,'2018-07-17 10:33:07','45','漫画',2,'[{\"added\": {\"name\": \"\\u7ad9\\u70b9\", \"object\": \"pixiv\"}}, {\"added\": {\"name\": \"\\u7ad9\\u70b9\", \"object\": \"\\u5e03\\u5361\\u6f2b\\u753b\"}}, {\"added\": {\"name\": \"\\u7ad9\\u70b9\", \"object\": \"VIZ\"}}]',8,1),(116,'2018-07-17 10:33:47','46','模板',2,'[{\"added\": {\"name\": \"\\u7ad9\\u70b9\", \"object\": \"\\u6a21\\u677f\\u4e4b\\u5bb6\"}}, {\"added\": {\"name\": \"\\u7ad9\\u70b9\", \"object\": \"templated\"}}]',8,1),(117,'2018-07-17 10:43:46','47','导航',2,'[{\"added\": {\"name\": \"\\u7ad9\\u70b9\", \"object\": \"\\u6211\\u662fPM\"}}, {\"added\": {\"name\": \"\\u7ad9\\u70b9\", \"object\": \"\\u4ea7\\u54c1\\u5927\\u725b\"}}, {\"added\": {\"name\": \"\\u7ad9\\u70b9\", \"object\": \"PM265\"}}]',8,1),(118,'2018-07-17 10:45:09','48','资讯',2,'[{\"added\": {\"name\": \"\\u7ad9\\u70b9\", \"object\": \"\\u7231\\u8303\\u513f\"}}, {\"added\": {\"name\": \"\\u7ad9\\u70b9\", \"object\": \"\\u864e\\u55c5\"}}, {\"added\": {\"name\": \"\\u7ad9\\u70b9\", \"object\": \"\\u949b\\u5a92\\u4f53\"}}, {\"added\": {\"name\": \"\\u7ad9\\u70b9\", \"object\": \"36kr\"}}, {\"added\": {\"name\": \"\\u7ad9\\u70b9\", \"object\": \"\\u6781\\u5ba2\\u516c\\u56ed\"}}]',8,1),(119,'2018-07-17 10:46:56','49','数据',2,'[{\"added\": {\"name\": \"\\u7ad9\\u70b9\", \"object\": \"\\u6613\\u89c2\"}}, {\"added\": {\"name\": \"\\u7ad9\\u70b9\", \"object\": \"Alexa\\u6392\\u540d\"}}, {\"added\": {\"name\": \"\\u7ad9\\u70b9\", \"object\": \"\\u5fae\\u535a\\u6307\\u6570\"}}, {\"added\": {\"name\": \"\\u7ad9\\u70b9\", \"object\": \"\\u53cb\\u76df\\u6307\\u6570\"}}, {\"added\": {\"name\": \"\\u7ad9\\u70b9\", \"object\": \"\\u767e\\u5ea6\\u6307\\u6570\"}}, {\"added\": {\"name\": \"\\u7ad9\\u70b9\", \"object\": \"\\u817e\\u8baf\\u7f57\\u76d8\"}}]',8,1),(120,'2018-07-17 10:48:59','50','设计',2,'[{\"added\": {\"name\": \"\\u7ad9\\u70b9\", \"object\": \"\\u4f18\\u8bbe\"}}, {\"added\": {\"name\": \"\\u7ad9\\u70b9\", \"object\": \"\\u7ad9\\u9177\"}}, {\"added\": {\"name\": \"\\u7ad9\\u70b9\", \"object\": \"dribble\"}}, {\"added\": {\"name\": \"\\u7ad9\\u70b9\", \"object\": \"behance\"}}, {\"added\": {\"name\": \"\\u7ad9\\u70b9\", \"object\": \"\\u82b1\\u74e3\"}}, {\"added\": {\"name\": \"\\u7ad9\\u70b9\", \"object\": \"\\u8bbe\\u8ba1\\u7656\"}}]',8,1),(121,'2018-07-17 10:50:51','51','运营',2,'[{\"added\": {\"name\": \"\\u7ad9\\u70b9\", \"object\": \"SEO\\u67e5\\u8be2\"}}, {\"added\": {\"name\": \"\\u7ad9\\u70b9\", \"object\": \"\\u963f\\u91cc\\u6307\\u6570\"}}, {\"added\": {\"name\": \"\\u7ad9\\u70b9\", \"object\": \"\\u767e\\u5ea6\\u7edf\\u8ba1\"}}, {\"added\": {\"name\": \"\\u7ad9\\u70b9\", \"object\": \"SEOWHY\"}}, {\"added\": {\"name\": \"\\u7ad9\\u70b9\", \"object\": \"SEO\\u7814\\u7a76\\u4e2d\\u5fc3\"}}, {\"added\": {\"name\": \"\\u7ad9\\u70b9\", \"object\": \"\\u5b66SEO\"}}]',8,1),(122,'2018-07-17 10:52:17','52','服务',2,'[{\"added\": {\"name\": \"\\u7ad9\\u70b9\", \"object\": \"\\u6781\\u5149\\u63a8\\u9001\"}}, {\"added\": {\"name\": \"\\u7ad9\\u70b9\", \"object\": \"\\u767e\\u5ea6\\u63a8\\u9001\"}}, {\"added\": {\"name\": \"\\u7ad9\\u70b9\", \"object\": \"\\u878d\\u4e91\"}}, {\"added\": {\"name\": \"\\u7ad9\\u70b9\", \"object\": \"\\u817e\\u8baf\\u95ee\\u5377\"}}, {\"added\": {\"name\": \"\\u7ad9\\u70b9\", \"object\": \"\\u767e\\u5ea6\\u8054\\u76df\"}}, {\"added\": {\"name\": \"\\u7ad9\\u70b9\", \"object\": \"\\u963f\\u91cc\\u5988\\u5988\"}}]',8,1),(123,'2018-07-17 10:54:06','53','工具',2,'[{\"added\": {\"name\": \"\\u7ad9\\u70b9\", \"object\": \"\\u6570\\u636e\\u5de5\\u5177\\u5927\\u5168\"}}, {\"added\": {\"name\": \"\\u7ad9\\u70b9\", \"object\": \"\\u7ad9\\u957f\\u5de5\\u5177\"}}, {\"added\": {\"name\": \"\\u7ad9\\u70b9\", \"object\": \"\\u84b2\\u516c\\u82f1\\u6d4b\\u8bd5\"}}, {\"added\": {\"name\": \"\\u7ad9\\u70b9\", \"object\": \"TestIn\\u6d4b\\u8bd5\"}}, {\"added\": {\"name\": \"\\u7ad9\\u70b9\", \"object\": \"\\u65b0\\u6d6a\\u5fae\\u76d8\"}}, {\"added\": {\"name\": \"\\u7ad9\\u70b9\", \"object\": \"\\u767e\\u5ea6\\u4e91\\u76d8\"}}]',8,1),(124,'2018-07-17 10:55:35','54','体验',2,'[{\"added\": {\"name\": \"\\u7ad9\\u70b9\", \"object\": \"\\u7f51\\u6613UEDC\"}}, {\"added\": {\"name\": \"\\u7ad9\\u70b9\", \"object\": \"\\u817e\\u8bafCDC\"}}, {\"added\": {\"name\": \"\\u7ad9\\u70b9\", \"object\": \"\\u817e\\u8bafISUX\"}}, {\"added\": {\"name\": \"\\u7ad9\\u70b9\", \"object\": \"\\u817e\\u8bafMXD\"}}, {\"added\": {\"name\": \"\\u7ad9\\u70b9\", \"object\": \"\\u963f\\u91cc\\u56fd\\u9645UED\"}}, {\"added\": {\"name\": \"\\u7ad9\\u70b9\", \"object\": \"\\u963f\\u91ccUED\"}}]',8,1),(125,'2018-07-17 10:57:13','55','社区',2,'[{\"added\": {\"name\": \"\\u7ad9\\u70b9\", \"object\": \"\\u4ea7\\u54c1\\u58f9\\u4f70\"}}, {\"added\": {\"name\": \"\\u7ad9\\u70b9\", \"object\": \"\\u4eba\\u4eba\\u90fd\\u662fPM\"}}, {\"added\": {\"name\": \"\\u7ad9\\u70b9\", \"object\": \"PMCaff\"}}, {\"added\": {\"name\": \"\\u7ad9\\u70b9\", \"object\": \"\\u65e9\\u8bfb\\u8bfe\"}}, {\"added\": {\"name\": \"\\u7ad9\\u70b9\", \"object\": \"pmtoo\"}}, {\"added\": {\"name\": \"\\u7ad9\\u70b9\", \"object\": \"WebPPD\"}}]',8,1),(126,'2018-07-17 10:59:04','56','活动',2,'[{\"added\": {\"name\": \"\\u7ad9\\u70b9\", \"object\": \"\\u4e92\\u52a8\\u5427\"}}, {\"added\": {\"name\": \"\\u7ad9\\u70b9\", \"object\": \"\\u6d3b\\u52a8\\u884c\"}}, {\"added\": {\"name\": \"\\u7ad9\\u70b9\", \"object\": \"\\u4f1a\\u9e3d\"}}, {\"added\": {\"name\": \"\\u7ad9\\u70b9\", \"object\": \"\\u6d3b\\u52a8\\u5bb6\"}}, {\"added\": {\"name\": \"\\u7ad9\\u70b9\", \"object\": \"\\u61d2\\u6c49\\u4e92\\u8054\"}}, {\"added\": {\"name\": \"\\u7ad9\\u70b9\", \"object\": \"\\u63a8\\u9177\\u6d3b\\u52a8\"}}]',8,1),(127,'2018-07-17 11:24:03','57','人力',2,'[{\"added\": {\"name\": \"\\u7ad9\\u70b9\", \"object\": \"\\u62c9\\u52fe\\u7f51\"}}, {\"added\": {\"name\": \"\\u7ad9\\u70b9\", \"object\": \"\\u730e\\u8058\\u7f51\"}}, {\"added\": {\"name\": \"\\u7ad9\\u70b9\", \"object\": \"\\u524d\\u7a0b\\u65e0\\u5fe7\"}}, {\"added\": {\"name\": \"\\u7ad9\\u70b9\", \"object\": \"\\u667a\\u8054\\u62db\\u8058\"}}, {\"added\": {\"name\": \"\\u7ad9\\u70b9\", \"object\": \"BOSS\\u76f4\\u8058\"}}, {\"added\": {\"name\": \"\\u7ad9\\u70b9\", \"object\": \"\\u5927\\u8857\\u7f51\"}}]',8,1),(128,'2018-07-17 11:25:29','58','财务',2,'[{\"added\": {\"name\": \"\\u7ad9\\u70b9\", \"object\": \"\\u4e2d\\u56fd\\u4f1a\\u8ba1\\u7f51\"}}, {\"added\": {\"name\": \"\\u7ad9\\u70b9\", \"object\": \"\\u4e2d\\u56fd\\u4f1a\\u8ba1\\u89c6\\u91ce\"}}, {\"added\": {\"name\": \"\\u7ad9\\u70b9\", \"object\": \"\\u8d22\\u52a1\\u603b\\u76d1\\u7f51\"}}, {\"added\": {\"name\": \"\\u7ad9\\u70b9\", \"object\": \"\\u65b0\\u534e\\u4f1a\\u8ba1\\u7f51\"}}, {\"added\": {\"name\": \"\\u7ad9\\u70b9\", \"object\": \"\\u7b2c\\u4e00\\u4f1a\\u8ba1\\u7f51\"}}, {\"added\": {\"name\": \"\\u7ad9\\u70b9\", \"object\": \"\\u4e2d\\u534e\\u8d22\\u4f1a\\u7f51\"}}]',8,1),(129,'2018-07-17 11:27:05','59','法务',2,'[{\"added\": {\"name\": \"\\u7ad9\\u70b9\", \"object\": \"\\u6cd5\\u5f8b\\u4e4b\\u661f\"}}, {\"added\": {\"name\": \"\\u7ad9\\u70b9\", \"object\": \"\\u4e2d\\u56fd\\u6cd5\\u9662\\u7f51\"}}, {\"added\": {\"name\": \"\\u7ad9\\u70b9\", \"object\": \"\\u52b3\\u52a8\\u4e89\\u8bae\\u7f51\"}}, {\"added\": {\"name\": \"\\u7ad9\\u70b9\", \"object\": \"\\u6cd5\\u5bfc\\u822a\"}}, {\"added\": {\"name\": \"\\u7ad9\\u70b9\", \"object\": \"\\u5168\\u7403\\u6cd5\\u5f8b\\u5927\\u5168\"}}, {\"added\": {\"name\": \"\\u7ad9\\u70b9\", \"object\": \"\\u6211\\u7684\\u6cd5\\u52a1\"}}]',8,1),(130,'2018-07-17 11:28:45','60','公关',2,'[{\"added\": {\"name\": \"\\u7ad9\\u70b9\", \"object\": \"\\u84dd\\u8272\\u5149\\u6807\"}}, {\"added\": {\"name\": \"\\u7ad9\\u70b9\", \"object\": \"\\u7231\\u5fb7\\u66fc\"}}, {\"added\": {\"name\": \"\\u7ad9\\u70b9\", \"object\": \"\\u5965\\u7f8e\\u516c\\u5173\"}}, {\"added\": {\"name\": \"\\u7ad9\\u70b9\", \"object\": \"\\u7f57\\u5fb7\\u516c\\u5173\"}}, {\"added\": {\"name\": \"\\u7ad9\\u70b9\", \"object\": \"\\u4f1f\\u8fbe\\u516c\\u5173\"}}, {\"added\": {\"name\": \"\\u7ad9\\u70b9\", \"object\": \"\\u5609\\u5229\\u516c\\u5173\"}}]',8,1),(131,'2018-07-17 11:30:11','61','税务',2,'[{\"added\": {\"name\": \"\\u7ad9\\u70b9\", \"object\": \"\\u56fd\\u5bb6\\u7a0e\\u52a1\\u603b\\u5c40\"}}, {\"added\": {\"name\": \"\\u7ad9\\u70b9\", \"object\": \"\\u7eb3\\u7a0e\\u670d\\u52a1\\u7f51\"}}, {\"added\": {\"name\": \"\\u7ad9\\u70b9\", \"object\": \"\\u5317\\u4eac\\u7f51\\u4e0a\\u529e\\u7a0e\"}}, {\"added\": {\"name\": \"\\u7ad9\\u70b9\", \"object\": \"\\u4e0a\\u6d77\\u7f51\\u4e0a\\u529e\\u7a0e\"}}, {\"added\": {\"name\": \"\\u7ad9\\u70b9\", \"object\": \"\\u6df1\\u5733\\u7f51\\u4e0a\\u529e\\u7a0e\"}}]',8,1),(132,'2018-07-17 11:31:36','62','审计',2,'[{\"added\": {\"name\": \"\\u7ad9\\u70b9\", \"object\": \"\\u56fd\\u5bb6\\u5ba1\\u8ba1\\u7f72\"}}, {\"added\": {\"name\": \"\\u7ad9\\u70b9\", \"object\": \"\\u4e2d\\u56fd\\u5ba1\\u8ba1\\u7f51\"}}, {\"added\": {\"name\": \"\\u7ad9\\u70b9\", \"object\": \"\\u4e2d\\u56fd\\u5ba1\\u8ba1\\u534f\\u4f1a\"}}, {\"added\": {\"name\": \"\\u7ad9\\u70b9\", \"object\": \"\\u4e2d\\u56fd\\u5ba1\\u8ba1\\u8bba\\u575b\"}}, {\"added\": {\"name\": \"\\u7ad9\\u70b9\", \"object\": \"\\u5ba1\\u8ba1\\u8003\\u8bd5\\u7f51\"}}, {\"added\": {\"name\": \"\\u7ad9\\u70b9\", \"object\": \"\\u5ba1\\u8ba1\\u5427\"}}]',8,1),(133,'2018-07-17 11:32:57','63','调查',2,'[{\"added\": {\"name\": \"\\u7ad9\\u70b9\", \"object\": \"\\u817e\\u8baf\\u95ee\\u5377\"}}, {\"added\": {\"name\": \"\\u7ad9\\u70b9\", \"object\": \"\\u95ee\\u5377\\u661f\"}}, {\"added\": {\"name\": \"\\u7ad9\\u70b9\", \"object\": \"\\u6ce2\\u58eb\\u987f\\u54a8\\u8be2\"}}, {\"added\": {\"name\": \"\\u7ad9\\u70b9\", \"object\": \"\\u5317\\u5927\\u7eb5\\u6a2a\"}}, {\"added\": {\"name\": \"\\u7ad9\\u70b9\", \"object\": \"\\u548c\\u541b\\u54a8\\u8be2\"}}, {\"added\": {\"name\": \"\\u7ad9\\u70b9\", \"object\": \"\\u4e2d\\u5927\\u54a8\\u8be2\"}}]',8,1),(134,'2018-07-17 11:35:31','64','数据分析',2,'[{\"added\": {\"name\": \"\\u7ad9\\u70b9\", \"object\": \"\\u767e\\u5ea6\\u7edf\\u8ba1\"}}, {\"added\": {\"name\": \"\\u7ad9\\u70b9\", \"object\": \"\\u767e\\u5ea6\\u6307\\u6570\"}}, {\"added\": {\"name\": \"\\u7ad9\\u70b9\", \"object\": \"\\u53cb\\u76df\"}}, {\"added\": {\"name\": \"\\u7ad9\\u70b9\", \"object\": \"\\u817e\\u8baf\\u7f57\\u76d8\"}}, {\"added\": {\"name\": \"\\u7ad9\\u70b9\", \"object\": \"\\u5fae\\u535a\\u6307\\u6570\"}}, {\"added\": {\"name\": \"\\u7ad9\\u70b9\", \"object\": \"\\u767e\\u5ea6\\u641c\\u7d22\\u70ed\\u5ea6\"}}]',8,1),(135,'2018-07-17 11:37:06','65','营销推广',2,'[{\"added\": {\"name\": \"\\u7ad9\\u70b9\", \"object\": \"\\u63a8\\u4e00\\u628a\"}}, {\"added\": {\"name\": \"\\u7ad9\\u70b9\", \"object\": \"\\u963f\\u91cc\\u5b66\\u9662\"}}, {\"added\": {\"name\": \"\\u7ad9\\u70b9\", \"object\": \"\\u7f51\\u7edc\\u5e7f\\u544a\\u793e\\u533a\"}}, {\"added\": {\"name\": \"\\u7ad9\\u70b9\", \"object\": \"\\u7b2c\\u4e00\\u8425\\u9500\\u7f51\"}}, {\"added\": {\"name\": \"\\u7ad9\\u70b9\", \"object\": \"\\u6210\\u529f\\u8425\\u9500\"}}, {\"added\": {\"name\": \"\\u7ad9\\u70b9\", \"object\": \"\\u4e2d\\u56fd\\u8425\\u9500\\u7f51\"}}]',8,1),(136,'2018-07-17 11:38:29','66','广告平台',2,'[{\"added\": {\"name\": \"\\u7ad9\\u70b9\", \"object\": \"\\u767e\\u5ea6\\u8054\\u76df\"}}, {\"added\": {\"name\": \"\\u7ad9\\u70b9\", \"object\": \"\\u963f\\u91cc\\u5988\\u5988\"}}, {\"added\": {\"name\": \"\\u7ad9\\u70b9\", \"object\": \"\\u817e\\u8baf\\u8054\\u76df\"}}, {\"added\": {\"name\": \"\\u7ad9\\u70b9\", \"object\": \"\\u591a\\u76df\"}}, {\"added\": {\"name\": \"\\u7ad9\\u70b9\", \"object\": \"\\u6709\\u7c73\"}}, {\"added\": {\"name\": \"\\u7ad9\\u70b9\", \"object\": \"\\u4ebf\\u52a8\"}}]',8,1),(137,'2018-07-17 12:55:51','1','动态',1,'[{\"added\": {}}]',11,1),(138,'2018-07-17 12:56:00','2','风景',1,'[{\"added\": {}}]',11,1),(139,'2018-07-17 12:56:08','3','素雅',1,'[{\"added\": {}}]',11,1),(140,'2018-07-17 12:56:14','4','唯美',1,'[{\"added\": {}}]',11,1),(141,'2018-07-17 12:56:21','5','纯色',1,'[{\"added\": {}}]',11,1),(142,'2018-07-17 12:56:31','6','静物',1,'[{\"added\": {}}]',11,1),(143,'2018-07-17 12:56:40','7','星空',1,'[{\"added\": {}}]',11,1),(144,'2018-07-17 12:56:45','8','城市',1,'[{\"added\": {}}]',11,1),(145,'2018-07-17 14:37:50','67','开放平台',2,'[{\"added\": {\"name\": \"\\u7ad9\\u70b9\", \"object\": \"\\u817e\\u8baf\\u5f00\\u653e\\u5e73\\u53f0\"}}, {\"added\": {\"name\": \"\\u7ad9\\u70b9\", \"object\": \"\\u5fae\\u535a\\u5f00\\u653e\\u5e73\\u53f0\"}}, {\"added\": {\"name\": \"\\u7ad9\\u70b9\", \"object\": \"\\u5fae\\u4fe1\\u516c\\u4f17\\u5e73\\u53f0\"}}, {\"added\": {\"name\": \"\\u7ad9\\u70b9\", \"object\": \"\\u6dd8\\u5b9d\\u5f00\\u653e\\u5e73\\u53f0\"}}, {\"added\": {\"name\": \"\\u7ad9\\u70b9\", \"object\": \"\\u767e\\u5ea6\\u5f00\\u653e\\u5e73\\u53f0\"}}, {\"added\": {\"name\": \"\\u7ad9\\u70b9\", \"object\": \"\\u5fae\\u4fe1\\u5f00\\u653e\\u5e73\\u53f0\"}}]',8,1),(146,'2018-07-17 14:42:14','68','论坛社区',2,'[{\"added\": {\"name\": \"\\u7ad9\\u70b9\", \"object\": \"\\u7231\\u8fd0\\u8425\"}}, {\"added\": {\"name\": \"\\u7ad9\\u70b9\", \"object\": \"\\u8fd0\\u8425\\u8005\"}}, {\"added\": {\"name\": \"\\u7ad9\\u70b9\", \"object\": \"\\u6dd8\\u5b9d\\u8fd0\\u8425\"}}, {\"added\": {\"name\": \"\\u7ad9\\u70b9\", \"object\": \"\\u8fd0\\u8425\\u4e4b\\u5bb6\"}}, {\"added\": {\"name\": \"\\u7ad9\\u70b9\", \"object\": \"\\u8fd0\\u8425\\u55b5\"}}, {\"added\": {\"name\": \"\\u7ad9\\u70b9\", \"object\": \"\\u8fd0\\u8425\\u4eba\"}}]',8,1),(147,'2018-07-17 14:43:53','69','媒体资讯',2,'[{\"added\": {\"name\": \"\\u7ad9\\u70b9\", \"object\": \"\\u7231\\u8303\\u513f\"}}, {\"added\": {\"name\": \"\\u7ad9\\u70b9\", \"object\": \"\\u864e\\u55c5\"}}, {\"added\": {\"name\": \"\\u7ad9\\u70b9\", \"object\": \"\\u949b\\u5a92\\u4f53\"}}, {\"added\": {\"name\": \"\\u7ad9\\u70b9\", \"object\": \"\\u6781\\u5ba2\\u516c\\u56ed\"}}, {\"added\": {\"name\": \"\\u7ad9\\u70b9\", \"object\": \"36kr\"}}, {\"added\": {\"name\": \"\\u7ad9\\u70b9\", \"object\": \"\\u96f7\\u950b\\u7f51\"}}]',8,1),(148,'2018-07-17 14:45:31','70','SEO',2,'[{\"added\": {\"name\": \"\\u7ad9\\u70b9\", \"object\": \"SEO\\u7814\\u7a76\\u4e2d\\u5fc3\"}}, {\"added\": {\"name\": \"\\u7ad9\\u70b9\", \"object\": \"SEO\\u67e5\\u8be2\"}}, {\"added\": {\"name\": \"\\u7ad9\\u70b9\", \"object\": \"\\u641c\\u5916\\u7f51\"}}, {\"added\": {\"name\": \"\\u7ad9\\u70b9\", \"object\": \"\\u5b66SEO\"}}, {\"added\": {\"name\": \"\\u7ad9\\u70b9\", \"object\": \"\\u6bcf\\u65e5\\u4e00\\u8d34\"}}, {\"added\": {\"name\": \"\\u7ad9\\u70b9\", \"object\": \"SEO\\u81ea\\u5b66\\u7f51\"}}]',8,1),(149,'2018-07-17 14:47:13','71','在线工具',2,'[{\"added\": {\"name\": \"\\u7ad9\\u70b9\", \"object\": \"\\u4e8c\\u7ef4\\u7801\\u751f\\u6210\"}}, {\"added\": {\"name\": \"\\u7ad9\\u70b9\", \"object\": \"\\u5fae\\u4fe1\\u7f16\\u8f91\\u5668\"}}, {\"added\": {\"name\": \"\\u7ad9\\u70b9\", \"object\": \"\\u5728\\u7ebfPS\"}}, {\"added\": {\"name\": \"\\u7ad9\\u70b9\", \"object\": \"\\u7ad9\\u957f\\u5de5\\u5177\"}}, {\"added\": {\"name\": \"\\u7ad9\\u70b9\", \"object\": \"\\u5728\\u7ebf\\u81ea\\u52a8\\u6392\\u7248\"}}, {\"added\": {\"name\": \"\\u7ad9\\u70b9\", \"object\": \"\\u5728\\u7ebf\\u5de5\\u5177\\u5927\\u5168\"}}]',8,1),(150,'2018-07-17 14:50:24','72','创业服务',2,'[{\"added\": {\"name\": \"\\u7ad9\\u70b9\", \"object\": \"\\u521b\\u4e1a\\u90a6\"}}, {\"added\": {\"name\": \"\\u7ad9\\u70b9\", \"object\": \"\\u4e13\\u5229\\u67e5\\u8be2\"}}, {\"added\": {\"name\": \"\\u7ad9\\u70b9\", \"object\": \"\\u4f01\\u4e1a\\u4fe1\\u606f\\u67e5\\u8be2\"}}, {\"added\": {\"name\": \"\\u7ad9\\u70b9\", \"object\": \"\\u5546\\u6807\\u67e5\\u8be2\\u6ce8\\u518c\"}}, {\"added\": {\"name\": \"\\u7ad9\\u70b9\", \"object\": \"\\u4f01\\u4e1a\\u5728\\u7ebf\\u6ce8\\u518c\"}}, {\"added\": {\"name\": \"\\u7ad9\\u70b9\", \"object\": \"\\u5de5\\u4fe1\\u90e8\"}}]',8,1),(151,'2018-07-17 14:52:00','73','营销推广',2,'[{\"added\": {\"name\": \"\\u7ad9\\u70b9\", \"object\": \"\\u963f\\u91cc\\u5b66\\u9662\"}}, {\"added\": {\"name\": \"\\u7ad9\\u70b9\", \"object\": \"\\u63a8\\u4e00\\u628a\"}}, {\"added\": {\"name\": \"\\u7ad9\\u70b9\", \"object\": \"\\u7f51\\u7edc\\u5e7f\\u544a\\u793e\\u533a\"}}, {\"added\": {\"name\": \"\\u7ad9\\u70b9\", \"object\": \"\\u7b2c\\u4e00\\u8425\\u9500\\u7f51\"}}, {\"added\": {\"name\": \"\\u7ad9\\u70b9\", \"object\": \"\\u6210\\u529f\\u8425\\u9500\"}}, {\"added\": {\"name\": \"\\u7ad9\\u70b9\", \"object\": \"\\u4e2d\\u56fd\\u8425\\u9500\\u7f51\"}}]',8,1),(152,'2018-07-17 14:53:54','74','线下活动',2,'[{\"added\": {\"name\": \"\\u7ad9\\u70b9\", \"object\": \"\\u4e92\\u52a8\\u5427\"}}, {\"added\": {\"name\": \"\\u7ad9\\u70b9\", \"object\": \"\\u6d3b\\u52a8\\u884c\"}}, {\"added\": {\"name\": \"\\u7ad9\\u70b9\", \"object\": \"\\u4f1a\\u9e3d\"}}, {\"added\": {\"name\": \"\\u7ad9\\u70b9\", \"object\": \"\\u6d3b\\u52a8\\u5bb6\"}}, {\"added\": {\"name\": \"\\u7ad9\\u70b9\", \"object\": \"\\u63a8\\u9177\\u6d3b\\u52a8\"}}, {\"added\": {\"name\": \"\\u7ad9\\u70b9\", \"object\": \"\\u61d2\\u6c49\\u4e92\\u8054\"}}]',8,1),(153,'2018-07-17 14:55:44','75','孵化器',2,'[{\"added\": {\"name\": \"\\u7ad9\\u70b9\", \"object\": \"\\u521b\\u65b0\\u5de5\\u573a\"}}, {\"added\": {\"name\": \"\\u7ad9\\u70b9\", \"object\": \"\\u817e\\u8baf\\u4f17\\u521b\\u7a7a\\u95f4\"}}, {\"added\": {\"name\": \"\\u7ad9\\u70b9\", \"object\": \"\\u6d2a\\u6cf0\\u521b\\u65b0\\u7a7a\\u95f4\"}}, {\"added\": {\"name\": \"\\u7ad9\\u70b9\", \"object\": \"\\u521b\\u4e1a\\u90a6\\u5b75\\u5316\\u5668\"}}, {\"added\": {\"name\": \"\\u7ad9\\u70b9\", \"object\": \"\\u4e2d\\u5173\\u6751\\u5b75\\u5316\\u56ed\"}}, {\"added\": {\"name\": \"\\u7ad9\\u70b9\", \"object\": \"\\u6df1\\u5733\\u5b75\\u5316\\u5668\"}}]',8,1),(154,'2018-07-17 14:57:26','76','融资',2,'[{\"added\": {\"name\": \"\\u7ad9\\u70b9\", \"object\": \"36kr\"}}, {\"added\": {\"name\": \"\\u7ad9\\u70b9\", \"object\": \"\\u5929\\u4f7f\\u6c47\"}}, {\"added\": {\"name\": \"\\u7ad9\\u70b9\", \"object\": \"\\u6295\\u878d\\u754c\"}}, {\"added\": {\"name\": \"\\u7ad9\\u70b9\", \"object\": \"\\u521b\\u6295\\u5708\"}}, {\"added\": {\"name\": \"\\u7ad9\\u70b9\", \"object\": \"\\u9ed1\\u9a6c\"}}, {\"added\": {\"name\": \"\\u7ad9\\u70b9\", \"object\": \"\\u82cf\\u6cb3\\u6c47\"}}]',8,1),(155,'2018-07-17 14:58:39','77','资讯',2,'[{\"added\": {\"name\": \"\\u7ad9\\u70b9\", \"object\": \"\\u7231\\u8303\\u513f\"}}, {\"added\": {\"name\": \"\\u7ad9\\u70b9\", \"object\": \"\\u864e\\u55c5\"}}, {\"added\": {\"name\": \"\\u7ad9\\u70b9\", \"object\": \"\\u949b\\u5a92\\u4f53\"}}, {\"added\": {\"name\": \"\\u7ad9\\u70b9\", \"object\": \"\\u6781\\u5ba2\\u516c\\u56ed\"}}, {\"added\": {\"name\": \"\\u7ad9\\u70b9\", \"object\": \"36kr\"}}]',8,1),(156,'2018-07-17 15:00:25','78','找人',2,'[{\"added\": {\"name\": \"\\u7ad9\\u70b9\", \"object\": \"\\u667a\\u8054\"}}, {\"added\": {\"name\": \"\\u7ad9\\u70b9\", \"object\": \"\\u730e\\u8058\"}}, {\"added\": {\"name\": \"\\u7ad9\\u70b9\", \"object\": \"\\u524d\\u7a0b\\u65e0\\u5fe7\"}}, {\"added\": {\"name\": \"\\u7ad9\\u70b9\", \"object\": \"\\u8d76\\u96c6\"}}, {\"added\": {\"name\": \"\\u7ad9\\u70b9\", \"object\": \"\\u5927\\u8857\"}}, {\"added\": {\"name\": \"\\u7ad9\\u70b9\", \"object\": \"\\u62c9\\u94a9\"}}]',8,1),(157,'2018-07-17 15:02:06','79','众筹',2,'[{\"added\": {\"name\": \"\\u7ad9\\u70b9\", \"object\": \"\\u4eac\\u4e1c\\u4f17\\u7b79\"}}, {\"added\": {\"name\": \"\\u7ad9\\u70b9\", \"object\": \"\\u6dd8\\u5b9d\\u4f17\\u7b79\"}}, {\"added\": {\"name\": \"\\u7ad9\\u70b9\", \"object\": \"\\u70b9\\u540d\\u65f6\\u95f4\"}}, {\"added\": {\"name\": \"\\u7ad9\\u70b9\", \"object\": \"\\u5f00\\u59cb\\u4f17\\u7b79\"}}, {\"added\": {\"name\": \"\\u7ad9\\u70b9\", \"object\": \"\\u4f17\\u7b79\\u7f51\"}}, {\"added\": {\"name\": \"\\u7ad9\\u70b9\", \"object\": \"\\u6469\\u70b9\\u7f51\"}}]',8,1),(158,'2018-07-17 15:03:34','80','外包',2,'[{\"added\": {\"name\": \"\\u7ad9\\u70b9\", \"object\": \"\\u732a\\u516b\\u6212\"}}, {\"added\": {\"name\": \"\\u7ad9\\u70b9\", \"object\": \"\\u4e00\\u54c1\\u5a01\\u5ba2\"}}, {\"added\": {\"name\": \"\\u7ad9\\u70b9\", \"object\": \"\\u667a\\u57ce\"}}, {\"added\": {\"name\": \"\\u7ad9\\u70b9\", \"object\": \"\\u5a01\\u5ba2\\u4e2d\\u56fd\"}}, {\"added\": {\"name\": \"\\u7ad9\\u70b9\", \"object\": \"\\u4efb\\u52a1\\u4e2d\\u56fd\"}}, {\"added\": {\"name\": \"\\u7ad9\\u70b9\", \"object\": \"\\u521b\\u6613\\u7f51\"}}]',8,1),(159,'2018-07-17 15:06:54','81','官网',2,'[{\"added\": {\"name\": \"\\u7ad9\\u70b9\", \"object\": \"\\u5f00\\u53d1\\u8005-\\u4e2d\\u6587\"}}, {\"added\": {\"name\": \"\\u7ad9\\u70b9\", \"object\": \"\\u5f00\\u53d1\\u8005-\\u82f1\\u6587\"}}, {\"added\": {\"name\": \"\\u7ad9\\u70b9\", \"object\": \"Android\\u5b98\\u7f51\"}}, {\"added\": {\"name\": \"\\u7ad9\\u70b9\", \"object\": \"\\u4e2d\\u6587\\u6587\\u6863\"}}, {\"added\": {\"name\": \"\\u7ad9\\u70b9\", \"object\": \"\\u82f1\\u6587\\u6587\\u6863\"}}, {\"added\": {\"name\": \"\\u7ad9\\u70b9\", \"object\": \"GooglePlay\"}}]',8,1),(160,'2018-07-17 15:09:06','82','社区',2,'[{\"added\": {\"name\": \"\\u7ad9\\u70b9\", \"object\": \"ApkBus\"}}, {\"added\": {\"name\": \"\\u7ad9\\u70b9\", \"object\": \"eoe\"}}, {\"added\": {\"name\": \"\\u7ad9\\u70b9\", \"object\": \"stackoverflow\"}}, {\"added\": {\"name\": \"\\u7ad9\\u70b9\", \"object\": \"AS\\u4e2d\\u6587\\u793e\\u533a\"}}, {\"added\": {\"name\": \"\\u7ad9\\u70b9\", \"object\": \"AS\\u8bba\\u575b\"}}, {\"added\": {\"name\": \"\\u7ad9\\u70b9\", \"object\": \"segmentfault\"}}]',8,1),(161,'2018-07-17 15:10:29','83','软件',2,'[{\"added\": {\"name\": \"\\u7ad9\\u70b9\", \"object\": \"AndroidStudio\"}}, {\"added\": {\"name\": \"\\u7ad9\\u70b9\", \"object\": \"SQLiteExpert\"}}, {\"added\": {\"name\": \"\\u7ad9\\u70b9\", \"object\": \"Genymotion\"}}, {\"added\": {\"name\": \"\\u7ad9\\u70b9\", \"object\": \"AssetStudio\"}}]',8,1),(162,'2018-07-17 15:12:08','84','网络框架',2,'[{\"added\": {\"name\": \"\\u7ad9\\u70b9\", \"object\": \"OkHttp\"}}, {\"added\": {\"name\": \"\\u7ad9\\u70b9\", \"object\": \"Volley\"}}, {\"added\": {\"name\": \"\\u7ad9\\u70b9\", \"object\": \"xUtils3\"}}, {\"added\": {\"name\": \"\\u7ad9\\u70b9\", \"object\": \"Retrofit\"}}, {\"added\": {\"name\": \"\\u7ad9\\u70b9\", \"object\": \"Retrofit\"}}, {\"added\": {\"name\": \"\\u7ad9\\u70b9\", \"object\": \"AsyncHttp\"}}]',8,1),(163,'2018-07-17 15:13:48','85','图片框架',2,'[{\"added\": {\"name\": \"\\u7ad9\\u70b9\", \"object\": \"UIL\"}}, {\"added\": {\"name\": \"\\u7ad9\\u70b9\", \"object\": \"Glide\"}}, {\"added\": {\"name\": \"\\u7ad9\\u70b9\", \"object\": \"Picasso\"}}, {\"added\": {\"name\": \"\\u7ad9\\u70b9\", \"object\": \"GpuImage\"}}, {\"added\": {\"name\": \"\\u7ad9\\u70b9\", \"object\": \"Fresco\"}}]',8,1),(164,'2018-07-17 15:15:27','86','数据库',2,'[{\"added\": {\"name\": \"\\u7ad9\\u70b9\", \"object\": \"greenDAO\"}}, {\"added\": {\"name\": \"\\u7ad9\\u70b9\", \"object\": \"OrmLite\"}}, {\"added\": {\"name\": \"\\u7ad9\\u70b9\", \"object\": \"Sugar\"}}, {\"added\": {\"name\": \"\\u7ad9\\u70b9\", \"object\": \"ActiveAndroid\"}}, {\"added\": {\"name\": \"\\u7ad9\\u70b9\", \"object\": \"SQLBrite\"}}, {\"added\": {\"name\": \"\\u7ad9\\u70b9\", \"object\": \"Realm\"}}]',8,1),(165,'2018-07-17 15:16:37','87','H5框架',2,'[{\"added\": {\"name\": \"\\u7ad9\\u70b9\", \"object\": \"Cordova\"}}, {\"added\": {\"name\": \"\\u7ad9\\u70b9\", \"object\": \"ionic\"}}, {\"added\": {\"name\": \"\\u7ad9\\u70b9\", \"object\": \"Angular\"}}, {\"added\": {\"name\": \"\\u7ad9\\u70b9\", \"object\": \"titanium\"}}]',8,1),(166,'2018-07-17 15:17:44','88','依赖注入',2,'[{\"added\": {\"name\": \"\\u7ad9\\u70b9\", \"object\": \"butterknife\"}}, {\"added\": {\"name\": \"\\u7ad9\\u70b9\", \"object\": \"Dagger\"}}, {\"added\": {\"name\": \"\\u7ad9\\u70b9\", \"object\": \"AndroidAnnotations\"}}, {\"added\": {\"name\": \"\\u7ad9\\u70b9\", \"object\": \"RoboGuice\"}}]',8,1),(167,'2018-07-17 15:18:42','89','图表框架',2,'[{\"added\": {\"name\": \"\\u7ad9\\u70b9\", \"object\": \"WilliamChart\"}}, {\"added\": {\"name\": \"\\u7ad9\\u70b9\", \"object\": \"HelloCharts\"}}, {\"added\": {\"name\": \"\\u7ad9\\u70b9\", \"object\": \"MPAndroidChart\"}}]',8,1),(168,'2018-07-17 15:20:25','90','综合',2,'[{\"added\": {\"name\": \"\\u7ad9\\u70b9\", \"object\": \"EventBus\"}}, {\"added\": {\"name\": \"\\u7ad9\\u70b9\", \"object\": \"RxJava\"}}, {\"added\": {\"name\": \"\\u7ad9\\u70b9\", \"object\": \"LeakCanary\"}}, {\"added\": {\"name\": \"\\u7ad9\\u70b9\", \"object\": \"ACRA\"}}, {\"added\": {\"name\": \"\\u7ad9\\u70b9\", \"object\": \"Stetho\"}}, {\"added\": {\"name\": \"\\u7ad9\\u70b9\", \"object\": \"Mockito\"}}]',8,1),(169,'2018-07-17 15:22:19','91','官网',2,'[{\"added\": {\"name\": \"\\u7ad9\\u70b9\", \"object\": \"\\u5f00\\u53d1\\u8005\\u5b98\\u7f51\"}}, {\"added\": {\"name\": \"\\u7ad9\\u70b9\", \"object\": \"Xcode\"}}, {\"added\": {\"name\": \"\\u7ad9\\u70b9\", \"object\": \"Swift\"}}, {\"added\": {\"name\": \"\\u7ad9\\u70b9\", \"object\": \"API\"}}]',8,1),(170,'2018-07-17 15:23:15','92','社区',2,'[{\"added\": {\"name\": \"\\u7ad9\\u70b9\", \"object\": \"CocoaChina\"}}, {\"added\": {\"name\": \"\\u7ad9\\u70b9\", \"object\": \"CodeIOS\"}}, {\"added\": {\"name\": \"\\u7ad9\\u70b9\", \"object\": \"Code4App\"}}]',8,1),(171,'2018-07-17 15:24:56','93','网络框架',2,'[{\"added\": {\"name\": \"\\u7ad9\\u70b9\", \"object\": \"AFNetworking\"}}, {\"added\": {\"name\": \"\\u7ad9\\u70b9\", \"object\": \"Alamofire\"}}, {\"added\": {\"name\": \"\\u7ad9\\u70b9\", \"object\": \"YTKNetwork\"}}, {\"added\": {\"name\": \"\\u7ad9\\u70b9\", \"object\": \"CocoaAsyncSocket\"}}, {\"added\": {\"name\": \"\\u7ad9\\u70b9\", \"object\": \"socket.io-client-swi\"}}, {\"added\": {\"name\": \"\\u7ad9\\u70b9\", \"object\": \"Networking\"}}]',8,1),(172,'2018-07-17 15:26:37','94','图片框架',2,'[{\"added\": {\"name\": \"\\u7ad9\\u70b9\", \"object\": \"SDWebImage\"}}, {\"added\": {\"name\": \"\\u7ad9\\u70b9\", \"object\": \"Kingfisher\"}}, {\"added\": {\"name\": \"\\u7ad9\\u70b9\", \"object\": \"KFSwiftImageLoader\"}}, {\"added\": {\"name\": \"\\u7ad9\\u70b9\", \"object\": \"FastImageCache\"}}, {\"added\": {\"name\": \"\\u7ad9\\u70b9\", \"object\": \"EGOCache\"}}, {\"added\": {\"name\": \"\\u7ad9\\u70b9\", \"object\": \"YYWebImage\"}}]',8,1),(173,'2018-07-17 15:28:28','95','图表框架',2,'[{\"added\": {\"name\": \"\\u7ad9\\u70b9\", \"object\": \"PNChart\"}}, {\"added\": {\"name\": \"\\u7ad9\\u70b9\", \"object\": \"Charts\"}}, {\"added\": {\"name\": \"\\u7ad9\\u70b9\", \"object\": \"TEAChart\"}}, {\"added\": {\"name\": \"\\u7ad9\\u70b9\", \"object\": \"XYPieChart\"}}, {\"added\": {\"name\": \"\\u7ad9\\u70b9\", \"object\": \"ScrollableGraphView\"}}, {\"added\": {\"name\": \"\\u7ad9\\u70b9\", \"object\": \"swift-linechart\"}}]',8,1),(174,'2018-07-17 15:30:06','96','数据库',2,'[{\"added\": {\"name\": \"\\u7ad9\\u70b9\", \"object\": \"fmdb\"}}, {\"added\": {\"name\": \"\\u7ad9\\u70b9\", \"object\": \"realm-cocoa\"}}, {\"added\": {\"name\": \"\\u7ad9\\u70b9\", \"object\": \"SQLcipher\"}}, {\"added\": {\"name\": \"\\u7ad9\\u70b9\", \"object\": \"SQLite.swift\"}}, {\"added\": {\"name\": \"\\u7ad9\\u70b9\", \"object\": \"Graph\"}}, {\"added\": {\"name\": \"\\u7ad9\\u70b9\", \"object\": \"SwiftyDB\"}}]',8,1),(175,'2018-07-17 15:31:12','97','H5框架',2,'[{\"added\": {\"name\": \"\\u7ad9\\u70b9\", \"object\": \"cordova\"}}, {\"added\": {\"name\": \"\\u7ad9\\u70b9\", \"object\": \"ionic\"}}, {\"added\": {\"name\": \"\\u7ad9\\u70b9\", \"object\": \"angular\"}}, {\"added\": {\"name\": \"\\u7ad9\\u70b9\", \"object\": \"titanium\"}}]',8,1),(176,'2018-07-17 15:32:49','98','响应式',2,'[{\"added\": {\"name\": \"\\u7ad9\\u70b9\", \"object\": \"ReactiveCocoa\"}}, {\"added\": {\"name\": \"\\u7ad9\\u70b9\", \"object\": \"RxSwift\"}}, {\"added\": {\"name\": \"\\u7ad9\\u70b9\", \"object\": \"Permission\"}}, {\"added\": {\"name\": \"\\u7ad9\\u70b9\", \"object\": \"BeeFramework\"}}, {\"added\": {\"name\": \"\\u7ad9\\u70b9\", \"object\": \"MVVMFramework\"}}]',8,1),(177,'2018-07-17 15:34:27','99','测试调试',2,'[{\"added\": {\"name\": \"\\u7ad9\\u70b9\", \"object\": \"HeapInspector\"}}, {\"added\": {\"name\": \"\\u7ad9\\u70b9\", \"object\": \"CleanroomLogger\"}}, {\"added\": {\"name\": \"\\u7ad9\\u70b9\", \"object\": \"FBMemoryProfiler\"}}, {\"added\": {\"name\": \"\\u7ad9\\u70b9\", \"object\": \"Peek\"}}, {\"added\": {\"name\": \"\\u7ad9\\u70b9\", \"object\": \"specta\"}}, {\"added\": {\"name\": \"\\u7ad9\\u70b9\", \"object\": \"KMCGeigerCounter\"}}]',8,1),(178,'2018-07-17 15:36:02','100','UI框架',2,'[{\"added\": {\"name\": \"\\u7ad9\\u70b9\", \"object\": \"MJRefresh\"}}, {\"added\": {\"name\": \"\\u7ad9\\u70b9\", \"object\": \"Masonry\"}}, {\"added\": {\"name\": \"\\u7ad9\\u70b9\", \"object\": \"PureLayout\"}}, {\"added\": {\"name\": \"\\u7ad9\\u70b9\", \"object\": \"YYText\"}}, {\"added\": {\"name\": \"\\u7ad9\\u70b9\", \"object\": \"MBProgressHUD\"}}, {\"added\": {\"name\": \"\\u7ad9\\u70b9\", \"object\": \"AwesomeMenu\"}}]',8,1),(179,'2018-07-17 15:37:53','101','官网',2,'[{\"added\": {\"name\": \"\\u7ad9\\u70b9\", \"object\": \"Java\\u5b98\\u7f51\"}}, {\"added\": {\"name\": \"\\u7ad9\\u70b9\", \"object\": \"JDK\"}}, {\"added\": {\"name\": \"\\u7ad9\\u70b9\", \"object\": \"API\"}}, {\"added\": {\"name\": \"\\u7ad9\\u70b9\", \"object\": \"\\u4e2d\\u6587API\"}}]',8,1),(180,'2018-07-17 15:38:50','102','社区',2,'[{\"added\": {\"name\": \"\\u7ad9\\u70b9\", \"object\": \"stackoverflow\"}}, {\"added\": {\"name\": \"\\u7ad9\\u70b9\", \"object\": \"segmentfault\"}}, {\"added\": {\"name\": \"\\u7ad9\\u70b9\", \"object\": \"JAVA\\u4e2d\\u6587\\u7ad9\"}}]',8,1),(181,'2018-07-17 15:40:15','103','框架',2,'[{\"added\": {\"name\": \"\\u7ad9\\u70b9\", \"object\": \"Struts\"}}, {\"added\": {\"name\": \"\\u7ad9\\u70b9\", \"object\": \"Hibernate\"}}, {\"added\": {\"name\": \"\\u7ad9\\u70b9\", \"object\": \"Spring\"}}, {\"added\": {\"name\": \"\\u7ad9\\u70b9\", \"object\": \"MyBatis\"}}, {\"added\": {\"name\": \"\\u7ad9\\u70b9\", \"object\": \"Quartz\"}}]',8,1),(182,'2018-07-17 15:42:02','104','软件',2,'[{\"added\": {\"name\": \"\\u7ad9\\u70b9\", \"object\": \"Eclipse\"}}, {\"added\": {\"name\": \"\\u7ad9\\u70b9\", \"object\": \"MyEclipse\"}}, {\"added\": {\"name\": \"\\u7ad9\\u70b9\", \"object\": \"NaviCat\"}}, {\"added\": {\"name\": \"\\u7ad9\\u70b9\", \"object\": \"PLSQL\"}}, {\"added\": {\"name\": \"\\u7ad9\\u70b9\", \"object\": \"Git\"}}, {\"added\": {\"name\": \"\\u7ad9\\u70b9\", \"object\": \"PowerDesigner\"}}]',8,1),(183,'2018-07-17 15:43:41','105','论坛',2,'[{\"added\": {\"name\": \"\\u7ad9\\u70b9\", \"object\": \"CSDN\"}}, {\"added\": {\"name\": \"\\u7ad9\\u70b9\", \"object\": \"51CTO\"}}, {\"added\": {\"name\": \"\\u7ad9\\u70b9\", \"object\": \"ITEYE\"}}, {\"added\": {\"name\": \"\\u7ad9\\u70b9\", \"object\": \"\\u535a\\u5ba2\\u56ed\"}}, {\"added\": {\"name\": \"\\u7ad9\\u70b9\", \"object\": \"\\u7ea2\\u9ed1\\u8054\\u76df\"}}, {\"added\": {\"name\": \"\\u7ad9\\u70b9\", \"object\": \"\\u5f00\\u6e90\\u4e2d\\u56fd\"}}]',8,1),(184,'2018-07-17 15:45:08','106','源码',2,'[{\"added\": {\"name\": \"\\u7ad9\\u70b9\", \"object\": \"\\u6e90\\u7801\\u4e4b\\u5bb6\"}}, {\"added\": {\"name\": \"\\u7ad9\\u70b9\", \"object\": \"\\u5f00\\u6e90\\u9879\\u76ee\"}}, {\"added\": {\"name\": \"\\u7ad9\\u70b9\", \"object\": \"Github\"}}, {\"added\": {\"name\": \"\\u7ad9\\u70b9\", \"object\": \"\\u7ad9\\u957f\\u4e4b\\u5bb6\"}}, {\"added\": {\"name\": \"\\u7ad9\\u70b9\", \"object\": \"A5\\u6e90\\u7801\"}}]',8,1),(185,'2018-07-17 15:47:02','107','教程',2,'[{\"added\": {\"name\": \"\\u7ad9\\u70b9\", \"object\": \"\\u6155\\u8bfe\\u7f51\"}}, {\"added\": {\"name\": \"\\u7ad9\\u70b9\", \"object\": \"\\u6781\\u5ba2\\u5b66\\u9662\"}}, {\"added\": {\"name\": \"\\u7ad9\\u70b9\", \"object\": \"\\u9ed1\\u9a6c\\u7a0b\\u5e8f\\u5458\"}}, {\"added\": {\"name\": \"\\u7ad9\\u70b9\", \"object\": \"\\u591a\\u8d1d\\u516c\\u5f00\\u8bfe\"}}, {\"added\": {\"name\": \"\\u7ad9\\u70b9\", \"object\": \"\\u9ea6\\u5b50\\u5b66\\u9662\"}}, {\"added\": {\"name\": \"\\u7ad9\\u70b9\", \"object\": \"\\u840c\\u7801\"}}]',8,1),(186,'2018-07-17 15:48:46','108','在线工具',2,'[{\"added\": {\"name\": \"\\u7ad9\\u70b9\", \"object\": \"\\u5f00\\u6e90\\u4e2d\\u56fd\\u5de5\\u5177\"}}, {\"added\": {\"name\": \"\\u7ad9\\u70b9\", \"object\": \"\\u5728\\u7ebf\\u5de5\\u5177\"}}, {\"added\": {\"name\": \"\\u7ad9\\u70b9\", \"object\": \"ATool\\u5de5\\u5177\"}}, {\"added\": {\"name\": \"\\u7ad9\\u70b9\", \"object\": \"\\u8c03\\u8272\\u677f\"}}, {\"added\": {\"name\": \"\\u7ad9\\u70b9\", \"object\": \"Json\\u683c\\u5f0f\\u5316\"}}, {\"added\": {\"name\": \"\\u7ad9\\u70b9\", \"object\": \"\\u6b63\\u5219\\u8868\\u8fbe\\u5f0f\"}}]',8,1),(187,'2018-07-17 15:50:34','109','数据库',2,'[{\"added\": {\"name\": \"\\u7ad9\\u70b9\", \"object\": \"MySQL\"}}, {\"added\": {\"name\": \"\\u7ad9\\u70b9\", \"object\": \"Oracle\"}}, {\"added\": {\"name\": \"\\u7ad9\\u70b9\", \"object\": \"SQLServer\"}}, {\"added\": {\"name\": \"\\u7ad9\\u70b9\", \"object\": \"mongoDB\"}}, {\"added\": {\"name\": \"\\u7ad9\\u70b9\", \"object\": \"DB2\"}}, {\"added\": {\"name\": \"\\u7ad9\\u70b9\", \"object\": \"SQLite\"}}]',8,1),(188,'2018-07-17 15:52:32','110','服务器',2,'[{\"added\": {\"name\": \"\\u7ad9\\u70b9\", \"object\": \"Tomcat\"}}, {\"added\": {\"name\": \"\\u7ad9\\u70b9\", \"object\": \"Jetty\"}}, {\"added\": {\"name\": \"\\u7ad9\\u70b9\", \"object\": \"JBoss\"}}, {\"added\": {\"name\": \"\\u7ad9\\u70b9\", \"object\": \"Glassfish\"}}, {\"added\": {\"name\": \"\\u7ad9\\u70b9\", \"object\": \"Weblogic\"}}, {\"added\": {\"name\": \"\\u7ad9\\u70b9\", \"object\": \"Resin\"}}]',8,1),(189,'2018-07-17 15:55:33','194','历史',2,'[{\"added\": {\"name\": \"\\u7ad9\\u70b9\", \"object\": \"\\u51e4\\u51f0\\u5386\\u53f2\"}}, {\"added\": {\"name\": \"\\u7ad9\\u70b9\", \"object\": \"\\u817e\\u8baf\\u5386\\u53f2\"}}, {\"added\": {\"name\": \"\\u7ad9\\u70b9\", \"object\": \"\\u5386\\u53f2\\u7f51\"}}, {\"added\": {\"name\": \"\\u7ad9\\u70b9\", \"object\": \"\\u770b\\u5386\\u53f2\"}}, {\"added\": {\"name\": \"\\u7ad9\\u70b9\", \"object\": \"\\u5386\\u53f2\\u6625\\u79cb\\u7f51\"}}, {\"added\": {\"name\": \"\\u7ad9\\u70b9\", \"object\": \"\\u8bb2\\u5386\\u53f2\"}}]',8,1),(190,'2018-07-17 15:57:07','195','摄影',2,'[{\"added\": {\"name\": \"\\u7ad9\\u70b9\", \"object\": \"\\u56fd\\u5bb6\\u5730\\u7406\"}}, {\"added\": {\"name\": \"\\u7ad9\\u70b9\", \"object\": \"\\u56fe\\u866b\"}}, {\"added\": {\"name\": \"\\u7ad9\\u70b9\", \"object\": \"\\u8272\\u5f71\\u65e0\\u5fcc\"}}, {\"added\": {\"name\": \"\\u7ad9\\u70b9\", \"object\": \"\\u8702\\u9e1f\"}}, {\"added\": {\"name\": \"\\u7ad9\\u70b9\", \"object\": \"Lofter\"}}, {\"added\": {\"name\": \"\\u7ad9\\u70b9\", \"object\": \"\\u6444\\u5f71\\u5427\"}}]',8,1),(191,'2018-07-17 15:58:54','196','港台',2,'[{\"added\": {\"name\": \"\\u7ad9\\u70b9\", \"object\": \"\\u65d7\\u7c73\\u62c9\"}}, {\"added\": {\"name\": \"\\u7ad9\\u70b9\", \"object\": \"\\u5927\\u516c\\u62a5\"}}, {\"added\": {\"name\": \"\\u7ad9\\u70b9\", \"object\": \"\\u4e2d\\u56fd\\u65f6\\u62a5\"}}, {\"added\": {\"name\": \"\\u7ad9\\u70b9\", \"object\": \"\\u756a\\u85af\\u85e4\"}}, {\"added\": {\"name\": \"\\u7ad9\\u70b9\", \"object\": \"\\u53f0\\u6e7e\\u7f51\\u5740\\u5927\\u5168\"}}, {\"added\": {\"name\": \"\\u7ad9\\u70b9\", \"object\": \"\\u9999\\u6e2f\\u7f51\\u5740\\u5927\\u5168\"}}]',8,1),(192,'2018-07-17 16:01:21','197','直播',2,'[{\"added\": {\"name\": \"\\u7ad9\\u70b9\", \"object\": \"\\u6620\\u5ba2\\u76f4\\u64ad\"}}, {\"added\": {\"name\": \"\\u7ad9\\u70b9\", \"object\": \"\\u4e00\\u76f4\\u64ad\"}}, {\"added\": {\"name\": \"\\u7ad9\\u70b9\", \"object\": \"YY\\u76f4\\u64ad\"}}, {\"added\": {\"name\": \"\\u7ad9\\u70b9\", \"object\": \"\\u6597\\u9c7c\\u76f4\\u64ad\"}}, {\"added\": {\"name\": \"\\u7ad9\\u70b9\", \"object\": \"\\u864e\\u7259\\u76f4\\u64ad\"}}, {\"added\": {\"name\": \"\\u7ad9\\u70b9\", \"object\": \"\\u82b1\\u6912\\u76f4\\u64ad\"}}]',8,1),(193,'2018-07-17 16:02:50','198','二次元',2,'[{\"added\": {\"name\": \"\\u7ad9\\u70b9\", \"object\": \"A\\u7ad9\"}}, {\"added\": {\"name\": \"\\u7ad9\\u70b9\", \"object\": \"B\\u7ad9\"}}, {\"added\": {\"name\": \"\\u7ad9\\u70b9\", \"object\": \"M\\u7ad9\"}}, {\"added\": {\"name\": \"\\u7ad9\\u70b9\", \"object\": \"\\u840c\\u5a18\\u767e\\u79d1\"}}, {\"added\": {\"name\": \"\\u7ad9\\u70b9\", \"object\": \"\\u52a8\\u6f2b\\u4e4b\\u5bb6\"}}, {\"added\": {\"name\": \"\\u7ad9\\u70b9\", \"object\": \"\\u534a\\u6b21\\u5143\"}}]',8,1),(194,'2018-07-17 16:04:42','199','学术',2,'[{\"added\": {\"name\": \"\\u7ad9\\u70b9\", \"object\": \"\\u4e2d\\u56fd\\u77e5\\u7f51\"}}, {\"added\": {\"name\": \"\\u7ad9\\u70b9\", \"object\": \"\\u56fd\\u5bb6\\u56fe\\u4e66\\u9986\"}}, {\"added\": {\"name\": \"\\u7ad9\\u70b9\", \"object\": \"\\u4e2d\\u79d1\\u9662\\u56fe\\u4e66\\u9986\"}}, {\"added\": {\"name\": \"\\u7ad9\\u70b9\", \"object\": \"\\u5b66\\u672f\\u7f51\\u7ad9\\u5927\\u5168\"}}, {\"added\": {\"name\": \"\\u7ad9\\u70b9\", \"object\": \"\\u8c37\\u6b4c\\u5b66\\u672f\\u955c\\u50cf\"}}, {\"added\": {\"name\": \"\\u7ad9\\u70b9\", \"object\": \"\\u767e\\u5ea6\\u5b66\\u672f\"}}]',8,1),(195,'2018-07-17 16:06:43','200','周刊',2,'[{\"added\": {\"name\": \"\\u7ad9\\u70b9\", \"object\": \"\\u5357\\u65b9\\u4eba\\u7269\\u5468\\u520a\"}}, {\"added\": {\"name\": \"\\u7ad9\\u70b9\", \"object\": \"\\u4e09\\u8054\\u751f\\u6d3b\\u5468\\u520a\"}}, {\"added\": {\"name\": \"\\u7ad9\\u70b9\", \"object\": \"\\u770b\\u5929\\u4e0b\"}}, {\"added\": {\"name\": \"\\u7ad9\\u70b9\", \"object\": \"\\u65b0\\u6c11\\u5468\\u520a\"}}, {\"added\": {\"name\": \"\\u7ad9\\u70b9\", \"object\": \"\\u5357\\u98ce\\u7a97\"}}, {\"added\": {\"name\": \"\\u7ad9\\u70b9\", \"object\": \"\\u53c2\\u8003\\u6d88\\u606f\"}}]',8,1),(196,'2018-07-17 16:08:19','201','设计',2,'[{\"added\": {\"name\": \"\\u7ad9\\u70b9\", \"object\": \"dribbble\"}}, {\"added\": {\"name\": \"\\u7ad9\\u70b9\", \"object\": \"\\u8bbe\\u8ba1\\u7656\"}}, {\"added\": {\"name\": \"\\u7ad9\\u70b9\", \"object\": \"\\u82b1\\u74e3\\u7f51\"}}, {\"added\": {\"name\": \"\\u7ad9\\u70b9\", \"object\": \"\\u8bbe\\u8ba1\\u4e4b\\u5bb6\"}}, {\"added\": {\"name\": \"\\u7ad9\\u70b9\", \"object\": \"doooor\"}}, {\"added\": {\"name\": \"\\u7ad9\\u70b9\", \"object\": \"webfieldmanual\"}}]',8,1),(197,'2018-07-17 16:10:15','202','文艺',2,'[{\"added\": {\"name\": \"\\u7ad9\\u70b9\", \"object\": \"\\u6587\\u827a\\u8303\"}}, {\"added\": {\"name\": \"\\u7ad9\\u70b9\", \"object\": \"\\u5806\\u7cd6\"}}, {\"added\": {\"name\": \"\\u7ad9\\u70b9\", \"object\": \"\\u4e00\\u753b\\u6362\\u4e00\\u753b\"}}, {\"added\": {\"name\": \"\\u7ad9\\u70b9\", \"object\": \"\\u9752\\u756a\\u8304\"}}, {\"added\": {\"name\": \"\\u7ad9\\u70b9\", \"object\": \"\\u6162\\u65f6\\u95f4\"}}, {\"added\": {\"name\": \"\\u7ad9\\u70b9\", \"object\": \"\\u54c7\\u585e\\u7f51\"}}]',8,1),(198,'2018-07-17 18:39:42','1','动态',2,'[{\"added\": {\"name\": \"\\u80cc\\u666f\", \"object\": \"\\u6d41\\u5149\\u6ea2\\u5f69\"}}, {\"added\": {\"name\": \"\\u80cc\\u666f\", \"object\": \"\\u4e0b\\u96e8\"}}, {\"added\": {\"name\": \"\\u80cc\\u666f\", \"object\": \"\\u4e09\\u7ef4\\u7ebf\\u6761\"}}, {\"added\": {\"name\": \"\\u80cc\\u666f\", \"object\": \"\\u82b1\\u74e3\\u98d8\\u96f6\"}}]',11,1),(199,'2018-07-17 18:43:32','1','动态',2,'[{\"changed\": {\"name\": \"\\u80cc\\u666f\", \"object\": \"\\u4e09\\u7ef4\\u7ebf\\u6761\", \"fields\": [\"image_url\"]}}]',11,1),(200,'2018-07-17 19:27:42','1','动态',2,'[{\"changed\": {\"name\": \"\\u80cc\\u666f\", \"object\": \"\\u6d41\\u5149\\u6ea2\\u5f69\", \"fields\": [\"preview_url\", \"image_url\"]}}, {\"changed\": {\"name\": \"\\u80cc\\u666f\", \"object\": \"\\u82b1\\u74e3\\u98d8\\u96f6\", \"fields\": [\"name\", \"preview_url\", \"image_url\"]}}, {\"changed\": {\"name\": \"\\u80cc\\u666f\", \"object\": \"\\u7ebf\\u6761\", \"fields\": [\"name\", \"preview_url\", \"image_url\"]}}, {\"changed\": {\"name\": \"\\u80cc\\u666f\", \"object\": \"\\u4e1d\\u5e26\", \"fields\": [\"name\", \"preview_url\", \"image_url\"]}}]',11,1);
/*!40000 ALTER TABLE `django_admin_log` ENABLE KEYS */;
UNLOCK TABLES;

--
-- Table structure for table `django_content_type`
--

DROP TABLE IF EXISTS `django_content_type`;
/*!40101 SET @saved_cs_client     = @@character_set_client */;
/*!40101 SET character_set_client = utf8 */;
CREATE TABLE `django_content_type` (
  `id` int(11) NOT NULL AUTO_INCREMENT,
  `app_label` varchar(100) NOT NULL,
  `model` varchar(100) NOT NULL,
  PRIMARY KEY (`id`),
  UNIQUE KEY `django_content_type_app_label_model_76bd3d3b_uniq` (`app_label`,`model`)
) ENGINE=InnoDB AUTO_INCREMENT=12 DEFAULT CHARSET=utf8;
/*!40101 SET character_set_client = @saved_cs_client */;

--
-- Dumping data for table `django_content_type`
--

LOCK TABLES `django_content_type` WRITE;
/*!40000 ALTER TABLE `django_content_type` DISABLE KEYS */;
INSERT INTO `django_content_type` VALUES (1,'admin','logentry'),(3,'auth','group'),(2,'auth','permission'),(4,'auth','user'),(5,'contenttypes','contenttype'),(6,'sessions','session'),(10,'web','background'),(11,'web','backgroundcategory'),(7,'web','category'),(9,'web','site'),(8,'web','smallcategory');
/*!40000 ALTER TABLE `django_content_type` ENABLE KEYS */;
UNLOCK TABLES;

--
-- Table structure for table `django_migrations`
--

DROP TABLE IF EXISTS `django_migrations`;
/*!40101 SET @saved_cs_client     = @@character_set_client */;
/*!40101 SET character_set_client = utf8 */;
CREATE TABLE `django_migrations` (
  `id` int(11) NOT NULL AUTO_INCREMENT,
  `app` varchar(255) NOT NULL,
  `name` varchar(255) NOT NULL,
  `applied` datetime NOT NULL,
  PRIMARY KEY (`id`)
) ENGINE=InnoDB AUTO_INCREMENT=23 DEFAULT CHARSET=utf8;
/*!40101 SET character_set_client = @saved_cs_client */;

--
-- Dumping data for table `django_migrations`
--

LOCK TABLES `django_migrations` WRITE;
/*!40000 ALTER TABLE `django_migrations` DISABLE KEYS */;
INSERT INTO `django_migrations` VALUES (1,'contenttypes','0001_initial','2018-07-16 19:39:41'),(2,'auth','0001_initial','2018-07-16 19:39:41'),(3,'admin','0001_initial','2018-07-16 19:39:41'),(4,'admin','0002_logentry_remove_auto_add','2018-07-16 19:39:41'),(5,'contenttypes','0002_remove_content_type_name','2018-07-16 19:39:42'),(6,'auth','0002_alter_permission_name_max_length','2018-07-16 19:39:42'),(7,'auth','0003_alter_user_email_max_length','2018-07-16 19:39:42'),(8,'auth','0004_alter_user_username_opts','2018-07-16 19:39:42'),(9,'auth','0005_alter_user_last_login_null','2018-07-16 19:39:42'),(10,'auth','0006_require_contenttypes_0002','2018-07-16 19:39:42'),(11,'auth','0007_alter_validators_add_error_messages','2018-07-16 19:39:42'),(12,'auth','0008_alter_user_username_max_length','2018-07-16 19:39:42'),(13,'auth','0009_alter_user_last_name_max_length','2018-07-16 19:39:42'),(14,'sessions','0001_initial','2018-07-16 19:39:42'),(15,'web','0001_initial','2018-07-16 19:39:43'),(16,'web','0002_auto_20180714_1043','2018-07-16 19:39:43'),(17,'web','0003_auto_20180714_1902','2018-07-16 19:39:43'),(18,'web','0004_auto_20180716_1938','2018-07-16 19:39:43'),(19,'web','0005_auto_20180717_1254','2018-07-17 12:54:33'),(20,'web','0006_auto_20180717_1408','2018-07-17 14:08:19'),(21,'web','0007_auto_20180717_1909','2018-07-17 19:09:50'),(22,'web','0008_auto_20180717_1910','2018-07-17 19:10:43');
/*!40000 ALTER TABLE `django_migrations` ENABLE KEYS */;
UNLOCK TABLES;

--
-- Table structure for table `django_session`
--

DROP TABLE IF EXISTS `django_session`;
/*!40101 SET @saved_cs_client     = @@character_set_client */;
/*!40101 SET character_set_client = utf8 */;
CREATE TABLE `django_session` (
  `session_key` varchar(40) NOT NULL,
  `session_data` longtext NOT NULL,
  `expire_date` datetime NOT NULL,
  PRIMARY KEY (`session_key`),
  KEY `django_session_expire_date_a5c62663` (`expire_date`)
) ENGINE=InnoDB DEFAULT CHARSET=utf8;
/*!40101 SET character_set_client = @saved_cs_client */;

--
-- Dumping data for table `django_session`
--

LOCK TABLES `django_session` WRITE;
/*!40000 ALTER TABLE `django_session` DISABLE KEYS */;
INSERT INTO `django_session` VALUES ('4ierzwk9b9kcj0wzkf35tmtemn4f5tb7','Y2VmMjY0MmZlNzBkNmY3ODBmZTEzZmU1MmQwZTQxNTZkMDE3ODczMzp7Il9hdXRoX3VzZXJfaWQiOiIxIiwiX2F1dGhfdXNlcl9iYWNrZW5kIjoiZGphbmdvLmNvbnRyaWIuYXV0aC5iYWNrZW5kcy5Nb2RlbEJhY2tlbmQiLCJfYXV0aF91c2VyX2hhc2giOiIwMDJiMDg3YTgyNDE0NGUzMjIyMmRlYjE5YTMxNzliMzU0Y2FmMmYxIn0=','2018-07-31 08:47:02'),('9vo9d2mcv673da9qc7deqoke8t183fwj','Y2VmMjY0MmZlNzBkNmY3ODBmZTEzZmU1MmQwZTQxNTZkMDE3ODczMzp7Il9hdXRoX3VzZXJfaWQiOiIxIiwiX2F1dGhfdXNlcl9iYWNrZW5kIjoiZGphbmdvLmNvbnRyaWIuYXV0aC5iYWNrZW5kcy5Nb2RlbEJhY2tlbmQiLCJfYXV0aF91c2VyX2hhc2giOiIwMDJiMDg3YTgyNDE0NGUzMjIyMmRlYjE5YTMxNzliMzU0Y2FmMmYxIn0=','2018-07-31 18:36:15'),('lo6qxb7xgkvhw07o6o226v6wliqado56','NGU2NzRlOTgxN2M5YjFlY2UzZGM1MDhkYWRmMmVlMTQ3ZTI2OGFiMDp7Il9hdXRoX3VzZXJfaWQiOiIxIiwiX2F1dGhfdXNlcl9iYWNrZW5kIjoiZGphbmdvLmNvbnRyaWIuYXV0aC5iYWNrZW5kcy5Nb2RlbEJhY2tlbmQiLCJfYXV0aF91c2VyX2hhc2giOiIzYmE1ZDAzYjVhYmNmZGU2NjNkNjU4MzMxNTAyZGFhYmFmODRkZTE1In0=','2018-07-30 16:31:21'),('plxo7u2vrde83dndtds8q7dw3rkw0hcx','NGU2NzRlOTgxN2M5YjFlY2UzZGM1MDhkYWRmMmVlMTQ3ZTI2OGFiMDp7Il9hdXRoX3VzZXJfaWQiOiIxIiwiX2F1dGhfdXNlcl9iYWNrZW5kIjoiZGphbmdvLmNvbnRyaWIuYXV0aC5iYWNrZW5kcy5Nb2RlbEJhY2tlbmQiLCJfYXV0aF91c2VyX2hhc2giOiIzYmE1ZDAzYjVhYmNmZGU2NjNkNjU4MzMxNTAyZGFhYmFmODRkZTE1In0=','2018-07-28 10:20:44'),('wti0l01gstmuguco7r6xm18msn4rbivl','Y2VmMjY0MmZlNzBkNmY3ODBmZTEzZmU1MmQwZTQxNTZkMDE3ODczMzp7Il9hdXRoX3VzZXJfaWQiOiIxIiwiX2F1dGhfdXNlcl9iYWNrZW5kIjoiZGphbmdvLmNvbnRyaWIuYXV0aC5iYWNrZW5kcy5Nb2RlbEJhY2tlbmQiLCJfYXV0aF91c2VyX2hhc2giOiIwMDJiMDg3YTgyNDE0NGUzMjIyMmRlYjE5YTMxNzliMzU0Y2FmMmYxIn0=','2018-07-30 21:46:44');
/*!40000 ALTER TABLE `django_session` ENABLE KEYS */;
UNLOCK TABLES;

--
-- Table structure for table `web_background`
--

DROP TABLE IF EXISTS `web_background`;
/*!40101 SET @saved_cs_client     = @@character_set_client */;
/*!40101 SET character_set_client = utf8 */;
CREATE TABLE `web_background` (
  `id` int(11) NOT NULL AUTO_INCREMENT,
  `name` varchar(20) NOT NULL,
  `image_url` varchar(100) NOT NULL,
  `created_time` datetime NOT NULL,
  `backgroundcategory_id` int(11) NOT NULL,
  `preview_url` varchar(100) NOT NULL,
  PRIMARY KEY (`id`),
  KEY `web_background_backgroundcategory_i_ca9ae6f2_fk_web_backg` (`backgroundcategory_id`),
  CONSTRAINT `web_background_backgroundcategory_i_ca9ae6f2_fk_web_backg` FOREIGN KEY (`backgroundcategory_id`) REFERENCES `web_backgroundcategory` (`id`)
) ENGINE=InnoDB AUTO_INCREMENT=5 DEFAULT CHARSET=utf8;
/*!40101 SET character_set_client = @saved_cs_client */;

--
-- Dumping data for table `web_background`
--

LOCK TABLES `web_background` WRITE;
/*!40000 ALTER TABLE `web_background` DISABLE KEYS */;
INSERT INTO `web_background` VALUES (1,'流光溢彩','images/BackGround/image/2018/07/17/1.png','2018-07-17 18:39:42',1,'images/BackGround/preview/2018/07/17/11d4e0ecb9d946b580457278e3d1106a.png'),(2,'花瓣飘零','images/BackGround/image/2018/07/17/2.png','2018-07-17 18:39:42',1,'images/BackGround/preview/2018/07/17/2867b3c276ac4f8caec876ea6498769d.png'),(3,'线条','images/BackGround/image/2018/07/17/3.png','2018-07-17 18:39:42',1,'images/BackGround/preview/2018/07/17/656f3db7140c4ec587e8679c0703b85b.png'),(4,'丝带','images/BackGround/image/2018/07/17/4.png','2018-07-17 18:39:42',1,'images/BackGround/preview/2018/07/17/d3c15b294b084a85911428682069dd6d.png');
/*!40000 ALTER TABLE `web_background` ENABLE KEYS */;
UNLOCK TABLES;

--
-- Table structure for table `web_backgroundcategory`
--

DROP TABLE IF EXISTS `web_backgroundcategory`;
/*!40101 SET @saved_cs_client     = @@character_set_client */;
/*!40101 SET character_set_client = utf8 */;
CREATE TABLE `web_backgroundcategory` (
  `id` int(11) NOT NULL AUTO_INCREMENT,
  `name` varchar(20) NOT NULL,
  PRIMARY KEY (`id`)
) ENGINE=InnoDB AUTO_INCREMENT=9 DEFAULT CHARSET=utf8;
/*!40101 SET character_set_client = @saved_cs_client */;

--
-- Dumping data for table `web_backgroundcategory`
--

LOCK TABLES `web_backgroundcategory` WRITE;
/*!40000 ALTER TABLE `web_backgroundcategory` DISABLE KEYS */;
INSERT INTO `web_backgroundcategory` VALUES (1,'动态'),(2,'风景'),(3,'素雅'),(4,'唯美'),(5,'纯色'),(6,'静物'),(7,'星空'),(8,'城市');
/*!40000 ALTER TABLE `web_backgroundcategory` ENABLE KEYS */;
UNLOCK TABLES;

--
-- Table structure for table `web_category`
--

DROP TABLE IF EXISTS `web_category`;
/*!40101 SET @saved_cs_client     = @@character_set_client */;
/*!40101 SET character_set_client = utf8 */;
CREATE TABLE `web_category` (
  `id` int(11) NOT NULL AUTO_INCREMENT,
  `name` varchar(100) NOT NULL,
  `created_time` datetime NOT NULL,
  `guonei` tinyint(1) NOT NULL,
  PRIMARY KEY (`id`)
) ENGINE=InnoDB AUTO_INCREMENT=24 DEFAULT CHARSET=utf8;
/*!40101 SET character_set_client = @saved_cs_client */;

--
-- Dumping data for table `web_category`
--

LOCK TABLES `web_category` WRITE;
/*!40000 ALTER TABLE `web_category` DISABLE KEYS */;
INSERT INTO `web_category` VALUES (1,'常用','2018-07-14 10:21:12',1),(2,'男生','2018-07-14 10:21:16',1),(3,'女生','2018-07-14 10:21:20',1),(4,'生活','2018-07-14 10:21:26',1),(5,'设计','2018-07-14 10:21:28',1),(6,'产品','2018-07-14 10:21:32',1),(7,'职能','2018-07-14 10:21:43',1),(8,'运营','2018-07-14 10:21:47',1),(9,'创业','2018-07-14 10:21:50',1),(10,'Android','2018-07-14 10:21:54',1),(11,'IOS','2018-07-14 10:22:02',1),(12,'JavaWeb','2018-07-14 10:22:11',1),(13,'趣味','2018-07-14 10:22:18',1),(14,'常用','2018-07-14 10:55:56',0),(15,'知识','2018-07-14 10:56:40',0),(16,'商业','2018-07-14 10:57:29',0),(17,'科技','2018-07-14 10:57:57',0),(18,'港台','2018-07-14 10:58:58',0),(19,'名品','2018-07-14 10:59:35',0),(20,'机构','2018-07-14 11:00:26',0),(21,'大学','2018-07-14 11:01:02',0),(22,'军事','2018-07-14 11:01:51',0),(23,'趣味','2018-07-14 11:02:38',0);
/*!40000 ALTER TABLE `web_category` ENABLE KEYS */;
UNLOCK TABLES;

--
-- Table structure for table `web_site`
--

DROP TABLE IF EXISTS `web_site`;
/*!40101 SET @saved_cs_client     = @@character_set_client */;
/*!40101 SET character_set_client = utf8 */;
CREATE TABLE `web_site` (
  `id` int(11) NOT NULL AUTO_INCREMENT,
  `name` varchar(20) NOT NULL,
  `desc` varchar(100) NOT NULL,
  `image_url` varchar(100) NOT NULL,
  `true_url` varchar(100) NOT NULL,
  `created_time` datetime NOT NULL,
  `smallcategory_id` int(11) NOT NULL,
  PRIMARY KEY (`id`),
  KEY `web_site_smallcategory_id_c2102be7_fk_web_smallcategory_id` (`smallcategory_id`),
  CONSTRAINT `web_site_smallcategory_id_c2102be7_fk_web_smallcategory_id` FOREIGN KEY (`smallcategory_id`) REFERENCES `web_smallcategory` (`id`)
) ENGINE=InnoDB AUTO_INCREMENT=736 DEFAULT CHARSET=utf8;
/*!40101 SET character_set_client = @saved_cs_client */;

--
-- Dumping data for table `web_site`
--

LOCK TABLES `web_site` WRITE;
/*!40000 ALTER TABLE `web_site` DISABLE KEYS */;
INSERT INTO `web_site` VALUES (1,'微博','微博','images/Site/2018/07/14/e4715cc1ea054d64a7d92b3bf58c698e.png','http://weibo.com/','2018-07-14 19:11:43',1),(2,'微信','微信','images/Site/2018/07/14/7ef1d97987414f8aa30f823d46d5a219.png','https://wx.qq.com/','2018-07-14 19:11:43',1),(3,'淘宝','淘宝','images/Site/2018/07/14/f1e2417e79034e9ea0dc547e7f7c954f.png','https://www.taobao.com/','2018-07-14 19:11:43',1),(4,'京东','京东','images/Site/2018/07/14/01c7a3a797024c2ba55dd8151df02449.png','https://www.jd.com/','2018-07-14 19:11:43',1),(5,'百度云盘','百度云盘','images/Site/2018/07/14/9fb25b422ce34a1c8f8148582b314928.png','http://pan.baidu.com/','2018-07-14 19:11:43',1),(6,'陌陌','陌陌','images/Site/2018/07/14/c930fe68d5a04e23bdc6e5b05fbb443e.png','https://web.immomo.com/','2018-07-14 19:11:43',1),(7,'今日头条','今日头条','images/Site/2018/07/16/de9f02e977874602a09059212a3bd626.png','http://www.toutiao.com/','2018-07-16 16:40:12',2),(8,'凤凰新闻','凤凰新闻','images/Site/2018/07/16/1140fa83c982413f8fa80fe79f576ad6.png','http://news.ifeng.com/','2018-07-16 16:40:12',2),(9,'网易新闻','网易新闻','images/Site/2018/07/16/a36a30473672472c85ce38566a8bf7f5.png','http://news.163.com/','2018-07-16 16:40:12',2),(10,'腾讯新闻','腾讯新闻','images/Site/2018/07/16/7378ebdbe9264f668eda1aab562a8ead.png','http://news.qq.com/','2018-07-16 16:40:12',2),(11,'好奇心日报','好奇心日报','images/Site/2018/07/16/7c0a2719716b46819eab2fb93a11eadf.png','http://www.qdaily.com/','2018-07-16 16:40:12',2),(12,'虎嗅','虎嗅','images/Site/2018/07/16/f35611bc17aa4ef398ddbb84f9688d27.png','https://www.huxiu.com/','2018-07-16 16:40:12',2),(13,'优酷','优酷','images/Site/2018/07/16/e82e76ece853406091597e590b186485.png','http://www.youku.com/','2018-07-16 16:42:29',3),(14,'爱奇艺','爱奇艺','images/Site/2018/07/16/e295e3d45c034c568323402fc1320b68.png','http://www.iqiyi.com/','2018-07-16 16:42:29',3),(15,'搜狐视频','搜狐视频','images/Site/2018/07/16/5d4f157c71654a3b8948722c1e5e068e.png','http://tv.sohu.com/','2018-07-16 16:42:29',3),(16,'腾讯视频','腾讯视频','images/Site/2018/07/16/41ea83871f7c41b680325c10e6402866.png','https://v.qq.com/','2018-07-16 16:42:29',3),(17,'网易云音乐','网易云音乐','images/Site/2018/07/16/d49bc6e42f404203abe1b79629d4cfa2.png','http://music.163.com/','2018-07-16 16:42:29',3),(18,'虾米音乐','虾米音乐','images/Site/2018/07/16/ba19c82c0ef64d8ebf10c9af59609685.png','http://www.xiami.com/','2018-07-16 16:42:29',3),(19,'163邮箱','163邮箱','images/Site/2018/07/16/97568b4e8a6f46008c1492f0c88e10cb.png','http://mail.163.com/','2018-07-16 16:44:33',4),(20,'126邮箱','126邮箱','images/Site/2018/07/16/240653df0d8c4fe6bb1cffc6a748cc5c.png','http://mail.126.com/','2018-07-16 16:44:33',4),(21,'QQ邮箱','QQ邮箱','images/Site/2018/07/16/e1f0b59ca5fc48b5b04d2abc7fec0551.png','https://mail.qq.com/','2018-07-16 16:44:33',4),(22,'新浪邮箱','新浪邮箱','images/Site/2018/07/16/a9b094b180644980afd331abdddf88a2.png','http://mail.sina.com.cn/','2018-07-16 16:44:33',4),(23,'腾讯企业邮箱','腾讯企业邮箱','images/Site/2018/07/16/46c7725eba954f2597edce80d7672031.png','https://exmail.qq.com/','2018-07-16 16:44:33',4),(24,'搜狐邮箱','搜狐邮箱','images/Site/2018/07/16/29de53ca378143169a612fcb15e651a6.png','http://mail.sohu.com/','2018-07-16 16:44:33',4),(25,'豆瓣','豆瓣','images/Site/2018/07/16/1804af59e2cd4226bbbe726366457a8a.png','https://www.douban.com/','2018-07-16 16:48:17',5),(26,'天涯','天涯','images/Site/2018/07/16/4df3b6c581b4434d98799ab82ba032d6.png','http://www.tianya.cn/','2018-07-16 16:48:17',5),(27,'百度贴吧','百度贴吧','images/Site/2018/07/16/cd7ce70a64804e0dacd510a149da990a.png','https://tieba.baidu.com/index.html','2018-07-16 16:48:17',5),(28,'QQ空间','QQ空间','images/Site/2018/07/16/e0d87e701d2a4d1ea5c9a0299cf0d208.png','http://qzone.qq.com/','2018-07-16 16:48:17',5),(29,'猫扑社区','猫扑社区','images/Site/2018/07/16/a57d227de2414b5996a71942b4fa81a6.png','http://www.mop.com/','2018-07-16 16:48:17',5),(30,'人人网','人人网','images/Site/2018/07/16/ed4f30ad6f524eb48c74dff1b15e58fd.png','http://www.renren.com/','2018-07-16 16:48:17',5),(31,'谷歌翻译','谷歌翻译','images/Site/2018/07/16/26dfa50a9d474ccc83ab4817496765f5.png','http://translate.google.cn/','2018-07-16 16:54:29',6),(32,'有道词典','有道词典','images/Site/2018/07/16/65b1fe41994a4105b316cabd72eba492.png','http://dict.youdao.com/','2018-07-16 16:54:29',6),(33,'百度软件中心','百度软件中心','images/Site/2018/07/16/87ba850466924964bfcf2bddcc6725a4.png','http://rj.baidu.com/','2018-07-16 16:54:29',6),(34,'腾讯软件中心','腾讯软件中心','images/Site/2018/07/16/f0fcb034a19047fa9ca6d0d7802c1b6b.png','http://pc.qq.com/','2018-07-16 16:54:29',6),(35,'印象笔记','印象笔记','images/Site/2018/07/16/fd04ccc97fb9459caa8868ea19f5af5c.png','https://www.yinxiang.com/','2018-07-16 16:54:29',6),(36,'有道云笔记','有道云笔记','images/Site/2018/07/16/98e3264c5c4049fb96ef9e2e9d9550bd.png','http://note.youdao.com/','2018-07-16 16:54:29',6),(37,'网易公开课','网易公开课','images/Site/2018/07/16/7c8e83eab8ae4b8eb483e89f99bb85a5.png','http://open.163.com/','2018-07-16 16:57:05',7),(38,'网易云课堂','网易云课堂','images/Site/2018/07/16/1d7acb27ae634cd7b7ae7f645f589394.png','http://study.163.com/','2018-07-16 16:57:05',7),(39,'多贝公开课','多贝公开课','images/Site/2018/07/16/43536a185298445b9c90972078b4774e.png','http://www.duobei.com/','2018-07-16 16:57:06',7),(40,'腾讯课堂','腾讯课堂','images/Site/2018/07/16/58119e4a3c9e4eb185ed562f38dd0439.png','https://ke.qq.com/','2018-07-16 16:57:06',7),(41,'极客学院','极客学院','images/Site/2018/07/16/1cff3274377241378d59d5e403291375.png','http://www.jikexueyuan.com/','2018-07-16 16:57:06',7),(42,'百度传课','百度传课','images/Site/2018/07/16/32c9d21109ea4d218099fac287d3f55a.png','http://www.chuanke.com/','2018-07-16 16:57:06',7),(43,'资源猫','资源猫','images/Site/2018/07/16/4741c728a8884bc7b500ac4eb708f56d.png','http://www.ziyuanmao.com/','2018-07-16 17:00:07',8),(44,'电驴','电驴','images/Site/2018/07/16/ff95511409e24e3c911438b537a0f670.png','http://www.verycd.com/','2018-07-16 17:00:07',8),(45,'搜百度盘','搜百度盘','images/Site/2018/07/16/c5f440bc0e154d7fb2b82a95b35fcd93.png','http://www.sobaidupan.com/','2018-07-16 17:00:07',8),(46,'BT蚂蚁','BT蚂蚁','images/Site/2018/07/16/6e0f09c8fad84042a41c86a744d90327.png','http://www.btann.com/','2018-07-16 17:00:07',8),(47,'爱问共享资料','爱问共享资料','images/Site/2018/07/16/54fd0a5eea20435cbc1f45fb8c63227f.png','http://ishare.iask.sina.com.cn/','2018-07-16 17:00:07',8),(48,'百度文库','百度文库','images/Site/2018/07/16/6c74ec6766be4362bea846791accb27a.png','http://wenku.baidu.com/','2018-07-16 17:00:07',8),(49,'维基百科','维基百科','images/Site/2018/07/16/750435c6fcfd4e81870e88ffadb99531.png','https://zh.wikipedia.org/','2018-07-16 17:02:49',9),(50,'百度百科','百度百科','images/Site/2018/07/16/86713a3859034eb3b3bc1096fa9e761e.png','https://baike.baidu.com/','2018-07-16 17:02:49',9),(51,'互动百科','互动百科','images/Site/2018/07/16/d405e3b9371a462cbd4aac812bfa1026.png','http://www.baike.com/','2018-07-16 17:02:49',9),(52,'MBA智库','MBA智库','images/Site/2018/07/16/ed9f7f4c31e3493bb7423bcab246cd7f.png','http://wiki.mbalib.com/','2018-07-16 17:02:49',9),(53,'360百科','360百科','images/Site/2018/07/16/45eaa79d81c44b39ae668d60d6a1bc12.png','http://baike.so.com/','2018-07-16 17:02:49',9),(54,'搜狗百科','搜狗百科','images/Site/2018/07/16/3d8bd69fc9604ffe99c851071603130a.png','http://baike.sogou.com/','2018-07-16 17:02:49',9),(55,'知乎','知乎','images/Site/2018/07/16/93786044c214460f98529de47494a90e.png','https://www.zhihu.com/explore','2018-07-16 17:04:54',10),(56,'果壳','果壳','images/Site/2018/07/16/4f62a0d9705d492f9b244982e279df94.png','http://www.guokr.com/ask/','2018-07-16 17:04:54',10),(57,'百度知道','百度知道','images/Site/2018/07/16/2f785b16c2bb4e918115b8f9a941e94f.png','https://zhidao.baidu.com/','2018-07-16 17:04:54',10),(58,'天涯知道','天涯知道','images/Site/2018/07/16/4df3b6c581b4434d98799ab82ba032d6_S7Ebb34.png','http://wenda.tianya.cn/','2018-07-16 17:04:54',10),(59,'新浪爱问','新浪爱问','images/Site/2018/07/16/4a02de890fb647b58c90af3a7b2bf3dd.png','http://iask.sina.com.cn/','2018-07-16 17:04:54',10),(60,'360问答','360问答','images/Site/2018/07/16/17cb373b0aff4622a3f6dbf31def3af1.png','http://wenda.so.com/','2018-07-16 17:04:54',10),(61,'虎扑足球','虎扑足球','images/Site/2018/07/16/320dabf39b274283acee77785e5a9618.png','http://soccer.hupu.com/','2018-07-16 17:07:31',11),(62,'乐视足球直播','乐视足球直播','images/Site/2018/07/16/fb6c2e83a73c4ba69ade2b07c2bff0cf.png','http://www.lesports.com/','2018-07-16 17:07:31',11),(63,'新浪足球','新浪足球','images/Site/2018/07/16/2ca0c11cf95a42389408330dca42ba13.png','http://sports.sina.com.cn/global/','2018-07-16 17:07:31',11),(64,'网易足球','网易足球','images/Site/2018/07/16/4b558a4cfc924505a092a35c778f0ede.png','http://sports.163.com/world/','2018-07-16 17:07:31',11),(65,'足协','足协','images/Site/2018/07/16/dd0c7c6ba43e427993e8303d8aa96740.png','http://www.fa.org.cn/','2018-07-16 17:07:31',11),(66,'CCTV','CCTV','images/Site/2018/07/16/8b3d01d337b247a891770e6c9f5b82c8.png','http://sports.cctv.com/football/index.shtml','2018-07-16 17:07:31',11),(67,'虎扑NBA','虎扑NBA','images/Site/2018/07/16/320dabf39b274283acee77785e5a9618_H0eJs4m.png','http://nba.hupu.com/','2018-07-16 17:11:37',12),(68,'乐视篮球直播','乐视篮球直播','images/Site/2018/07/16/c580795cbd954bef9e50efd89ce0b719.png','http://nba.lesports.com/','2018-07-16 17:11:37',12),(69,'腾讯NBA','腾讯NBA','images/Site/2018/07/16/396045d8b6064cf0b387d5b2f33956a0.png','http://sports.qq.com/nba/','2018-07-16 17:11:37',12),(70,'新浪NBA','新浪NBA','images/Site/2018/07/16/2ca0c11cf95a42389408330dca42ba13_QmjsvOG.png','http://sports.sina.com.cn/nba/','2018-07-16 17:11:37',12),(71,'NBA官网','NBA官网','images/Site/2018/07/16/7574cf7e09054ce8830b6385ae9b2b57.png','http://china.nba.com/','2018-07-16 17:11:37',12),(72,'CBA官网','CBA官网','images/Site/2018/07/16/569a73960c50423fab22295c85944eef.png','http://www.cba.gov.cn/','2018-07-16 17:11:37',12),(73,'凤凰军事','凤凰军事','images/Site/2018/07/16/0a76e7996b26486bb2faa92ba265a0fd.png','http://news.ifeng.com/mil/','2018-07-16 17:14:36',13),(74,'空军之翼','空军之翼','images/Site/2018/07/16/0b410bca2045445e85d71d4d21585c35.png','http://www.afwing.com/','2018-07-16 17:14:36',13),(75,'超级大本营','超级大本营','images/Site/2018/07/16/4af0bd3b117b4591b49417dda3b177b0.png','http://lt.cjdby.net/','2018-07-16 17:14:36',13),(76,'铁血网','铁血网','images/Site/2018/07/16/fc42234f880741ca9792eef176fd2153.png','http://www.tiexue.net/','2018-07-16 17:14:36',13),(77,'西陆网','西陆网','images/Site/2018/07/16/2d584acf7dda4210977814f92504b049.png','http://junshi.xilu.com/','2018-07-16 17:14:36',13),(78,'米尔军事','米尔军事','images/Site/2018/07/16/8082b5b4fca54dc7a97e0e8f37342fd4.png','http://www.miercn.com/','2018-07-16 17:14:36',13),(79,'汽车之家','汽车之家','images/Site/2018/07/16/b46327352f8b4f9f82269ed6f655c4e6.png','http://www.autohome.com.cn/','2018-07-16 17:17:22',16),(80,'太平洋汽车','太平洋汽车','images/Site/2018/07/16/fd67f9bcfd354804a2fd7d75da6f5681.png','http://www.pcauto.com.cn/','2018-07-16 17:17:22',16),(81,'易车','易车','images/Site/2018/07/16/8e723cb4c2d749869e5b93e26f4ea2aa.png','http://www.bitauto.com/','2018-07-16 17:17:22',16),(82,'爱卡汽车','爱卡汽车','images/Site/2018/07/16/c1355581c9654e8e9c0006634bc6a04e.png','http://www.xcar.com.cn/','2018-07-16 17:17:22',16),(83,'新浪汽车','新浪汽车','images/Site/2018/07/16/873faff4c39e4df790547c09a912cfd6.png','http://auto.sina.com.cn/','2018-07-16 17:17:22',16),(84,'搜狐汽车','搜狐汽车','images/Site/2018/07/16/c9f1cfb443544d56acf8f17f7125d4b2.png','http://auto.sohu.com/','2018-07-16 17:17:22',16),(85,'英雄联盟','英雄联盟','images/Site/2018/07/16/56a2c95539a9438daea4c12be4dd5a8b.png','http://lol.qq.com/','2018-07-16 17:19:27',15),(86,'龙之谷','龙之谷','images/Site/2018/07/16/d6dec467235f436994465318d21d1c07.png','http://dn.qq.com/','2018-07-16 17:19:27',15),(87,'魔兽世界','魔兽世界','images/Site/2018/07/16/86931c7ab8e440408a4f4f0db08ee27e.png','https://www.wowchina.com/','2018-07-16 17:19:27',15),(88,'坦克世界','坦克世界','images/Site/2018/07/16/eadd2e225abe48b1802a88cb60c32c28.png','http://wot.kongzhong.com/','2018-07-16 17:19:27',15),(89,'穿越火线','穿越火线','images/Site/2018/07/16/cd72b5533c70432898d055e30ce4bf2b.png','http://cf.qq.com/','2018-07-16 17:19:27',15),(90,'地下城与勇士','地下城与勇士','images/Site/2018/07/16/e35c9d711b834185a34ebe3598972f85.png','http://dnf.qq.com/','2018-07-16 17:19:27',15),(91,'瘾科技','瘾科技','images/Site/2018/07/16/aeff7cbbc25646a7afcb3f4124da17c9.png','http://cn.engadget.com/','2018-07-16 17:21:59',14),(92,'Zealer','Zealer','images/Site/2018/07/16/693670ee03c34d42831efd1a796dc4de.png','http://www.zealer.com/','2018-07-16 17:21:59',14),(93,'数字尾巴','数字尾巴','images/Site/2018/07/16/523faebf794641a88511e3d22dc143de.png','http://www.dgtle.com/','2018-07-16 17:21:59',14),(94,'中关村在线','中关村在线','images/Site/2018/07/16/8f4fc4ef4789427e9abdce4275209ec3.png','http://www.zol.com.cn/','2018-07-16 17:21:59',14),(95,'太平洋电脑','太平洋电脑','images/Site/2018/07/16/930cd985641645a8aa88b31d4c173397.png','http://www.pconline.com.cn/','2018-07-16 17:21:59',14),(96,'大米评测','大米评测','images/Site/2018/07/16/b0eaae78693940a496d816006bc7dc28.png','http://www.pingce.net/','2018-07-16 17:21:59',14),(97,'尤果','尤果','images/Site/2018/07/16/9595a0cb5f7d448992e424a2b06b5e59.png','http://www.ugirls.com/','2018-07-16 17:24:18',18),(98,'花瓣','花瓣','images/Site/2018/07/16/485ba9134d6b48eb834410bbb63e5846.png','http://huaban.com/favorite/beauty/','2018-07-16 17:24:18',18),(99,'日韩美女','日韩美女','images/Site/2018/07/16/c7e6092bc2794118959f0ece16b62fea.png','http://www.84420.com/','2018-07-16 17:24:18',18),(100,'新浪美女','新浪美女','images/Site/2018/07/16/2ca0c11cf95a42389408330dca42ba13_t9PG7IC.png','http://eladies.sina.com.cn/photo/','2018-07-16 17:24:18',18),(101,'多玩美女','多玩美女','images/Site/2018/07/16/963b13f07875488d980c3127bbb8862a.png','http://tu.duowan.com/m/meinv/','2018-07-16 17:24:18',18),(102,'美女8','美女8','images/Site/2018/07/16/47a5d17975bb495081973a336de9617f.png','http://www.84233.com/','2018-07-16 17:24:18',18),(103,'东方财富','东方财富','images/Site/2018/07/16/038d5f83cba247a5948bac5eb8370c47.png','http://www.eastmoney.com/','2018-07-16 17:27:18',17),(104,'第一财经','第一财经','images/Site/2018/07/16/eae9c567c8c948dc852ff46029a6f957.png','http://www.yicai.com/','2018-07-16 17:27:18',17),(105,'和讯财经','和讯财经','images/Site/2018/07/16/36947644014648dabdb2a87b1953a9c2.png','http://www.hexun.com/','2018-07-16 17:27:18',17),(106,'股吧','股吧','images/Site/2018/07/16/3159c19081b243a6aaa0df19a72e931a.png','http://guba.eastmoney.com/','2018-07-16 17:27:18',17),(107,'雪球','雪球','images/Site/2018/07/16/9a027e5fa44749118defefeed1a2b68c.png','https://xueqiu.com/','2018-07-16 17:27:18',17),(108,'凤凰财经','凤凰财经','images/Site/2018/07/16/19e0d31846494845a0d3f5d351a6600c.png','http://finance.ifeng.com/','2018-07-16 17:27:19',17),(109,'雷锋网','雷锋网','images/Site/2018/07/16/d9ce6c77ff33432d979865065eba7e46.png','http://www.leiphone.com/','2018-07-16 17:30:12',19),(110,'比特网','比特网','images/Site/2018/07/16/8d566098ea0a45c19faee110b55df5c8.png','http://www.chinabyte.com/','2018-07-16 17:30:12',19),(111,'极客公园','极客公园','images/Site/2018/07/16/c9608d72f67e484986773c548bf9ab1a.png','http://www.geekpark.net/','2018-07-16 17:30:12',19),(112,'爱范儿','爱范儿','images/Site/2018/07/16/dc353231930b4ea29c4780f5286a958a.png','http://www.ifanr.com/','2018-07-16 17:30:12',19),(113,'钛媒体','钛媒体','images/Site/2018/07/16/560019291622491bb37495b01a18ca63.png','http://www.tmtpost.com/','2018-07-16 17:30:12',19),(114,'花火','花火','images/Site/2018/07/16/d86ad7955381494c913f60a7d6583a9c.png','http://www.huahuo.com/','2018-07-16 17:30:12',19),(115,'39健康减肥','39健康减肥','images/Site/2018/07/16/057567e6a0564093bce6f86491472ba4.png','http://fitness.39.net/','2018-07-16 17:32:40',20),(116,'减肥瘦身','减肥瘦身','images/Site/2018/07/16/8bfc34c3d1254c999a93636d6b75b123.png','http://www.jianfei.net/','2018-07-16 17:32:40',20),(117,'6631','6631','images/Site/2018/07/16/92a5ac53385a40ecb662d6475a53d75b.png','http://www.6631.com/','2018-07-16 17:32:40',20),(118,'减肥网','减肥网','images/Site/2018/07/16/7e076218d8414e73a5b781669859c986.png','http://www.jjff.com/','2018-07-16 17:32:40',20),(119,'薄荷','薄荷','images/Site/2018/07/16/0c32f2861b09416d995a72a6e09af2df.png','http://www.boohee.com/','2018-07-16 17:32:40',20),(120,'爱美瘦身','爱美瘦身','images/Site/2018/07/16/a48060a8db4f4b708a2c83208ae8567e.png','http://www.lady8844.com/shoushen/','2018-07-16 17:32:40',20),(121,'搜狐女人','搜狐女人','images/Site/2018/07/16/e409e76b2f4e47778e4e1b1a905aee32.png','http://beauty.sohu.com/','2018-07-16 17:34:56',21),(122,'YOKA美容','YOKA美容','images/Site/2018/07/16/d0a1fe8b6fb14fb39fdfb706789337de.png','http://www.yoka.com/beauty/','2018-07-16 17:34:56',21),(123,'onlyLady','onlyLady','images/Site/2018/07/16/63598c03801643dfad3d8e2ec325b310.png','http://beauty.onlylady.com/','2018-07-16 17:34:56',21),(124,'pcLady','pcLady','images/Site/2018/07/16/03d37262d2174816a863fb86d19d3f46.png','http://beauty.pclady.com.cn/','2018-07-16 17:34:56',21),(125,'腾讯女性','腾讯女性','images/Site/2018/07/16/02a4307bc7634e90b1d8bfe043e6b75e.png','http://lady.qq.com/beauty/beauty.shtml','2018-07-16 17:34:56',21),(126,'网易美容','网易美容','images/Site/2018/07/16/25fcb2f750d644299f4cc6b3b85beb2c.png','http://lady.163.com/beauty/','2018-07-16 17:34:56',21),(127,'星座屋','星座屋','images/Site/2018/07/16/de382c110fa240b8b6f81f02de3aab47.png','http://www.xzw.com/','2018-07-16 17:37:11',22),(128,'第一星座','第一星座','images/Site/2018/07/16/7b0478263a5841968dd6ef3c3ad1b669.png','http://www.d1xz.net/','2018-07-16 17:37:11',22),(129,'腾讯星座','腾讯星座','images/Site/2018/07/16/02a4307bc7634e90b1d8bfe043e6b75e_luc9MQs.png','http://astro.fashion.qq.com/','2018-07-16 17:37:11',22),(130,'网易星座','网易星座','images/Site/2018/07/16/25fcb2f750d644299f4cc6b3b85beb2c_B9Miv4k.png','http://lady.163.com/astro/','2018-07-16 17:37:11',22),(131,'搜狐星座','搜狐星座','images/Site/2018/07/16/66bfed515c544e01a51b3be42e4b7dc2.png','http://astro.women.sohu.com/','2018-07-16 17:37:11',22),(132,'新浪星座','新浪星座','images/Site/2018/07/16/1a234b7e97ca41e8898bc33811d9c1ce.png','http://astro.sina.com.cn/','2018-07-16 17:37:11',22),(133,'太平洋亲子','太平洋亲子','images/Site/2018/07/16/3556f56e02f4404c920cf4cc850cb29b.png','http://www.pcbaby.com.cn/','2018-07-16 17:39:30',24),(134,'妈妈网','妈妈网','images/Site/2018/07/16/d862e3f639d44c0f9f9d4d3e02e2aa3f.png','http://www.mama.cn/','2018-07-16 17:39:30',24),(135,'蜜芽网','蜜芽网','images/Site/2018/07/16/bcf920d0150f4df9b8777b15ad96c1bc.png','http://www.mia.com/','2018-07-16 17:39:30',24),(136,'亲亲宝贝','亲亲宝贝','images/Site/2018/07/16/592372540bad415c909a21018edfd98f.png','http://www.qbaobei.com/','2018-07-16 17:39:30',24),(137,'新浪育儿','新浪育儿','images/Site/2018/07/16/1a234b7e97ca41e8898bc33811d9c1ce_nlnarqc.png','http://baby.sina.com.cn/','2018-07-16 17:39:30',24),(138,'搜狐母婴','搜狐母婴','images/Site/2018/07/16/66bfed515c544e01a51b3be42e4b7dc2_GnkQJjL.png','http://baobao.sohu.com/','2018-07-16 17:39:30',24),(139,'net-a-porter','net-a-porter','images/Site/2018/07/16/fe2c02181c9f43febfeec91eefb701b8.png','https://www.net-a-porter.com/','2018-07-16 17:42:15',23),(140,'yoox','yoox','images/Site/2018/07/16/8d95b783c40e4c52bdd1ff3e0843addb.png','http://www.yoox.cn/cn','2018-07-16 17:42:15',23),(141,'第五大道','第五大道','images/Site/2018/07/16/4ee9d164d1c64f8c888f8f1672793cc0.png','http://www.5lux.com/','2018-07-16 17:42:15',23),(142,'优众','优众','images/Site/2018/07/16/9129b92430eb4e4d8c2c5a1ee301d6e0.png','http://www.ihaveu.com/','2018-07-16 17:42:15',23),(143,'寺库','寺库','images/Site/2018/07/16/ceb29e842b6f4706aaaf31af4020c694.png','http://www.secoo.com/','2018-07-16 17:42:15',23),(144,'farfetch','farfetch','images/Site/2018/07/16/48165a8a85044e618100cf9393886224.png','https://www.farfetch.com/cn/shopping/women/items.aspx','2018-07-16 17:42:15',23),(145,'脸书','脸书','images/Site/2018/07/16/aa4ac7b0c8904d07935eb7ae2dcd8028.png','http://www.facebook.com/','2018-07-16 17:45:29',111),(146,'油管','油管','images/Site/2018/07/16/bf17da1ca0cb447696903fd685d7ab98.png','http://www.youtube.com/','2018-07-16 17:45:29',111),(147,'照片墙','照片墙','images/Site/2018/07/16/0a3145f5db2f48d1bf752bc3549c5cf8.png','http://instagram.com/','2018-07-16 17:45:29',111),(148,'推特','推特','images/Site/2018/07/16/7647ff2d43b74701b0d12460fefb067d.png','https://twitter.com/','2018-07-16 17:45:29',111),(149,'汤不热','汤不热','images/Site/2018/07/16/4a05a23c991d46f1bb81771915771fe3.png','https://www.tumblr.com/','2018-07-16 17:45:29',111),(150,'谷歌+','谷歌+','images/Site/2018/07/16/cac7f6bed32c4349ac89b53f97161c57.png','http://plus.google.com/','2018-07-16 17:45:29',111),(151,'Hulu','Hulu','images/Site/2018/07/16/91e55fb5442b43348018f9bb94f49c49.png','https://www.hulu.com/','2018-07-16 17:55:41',113),(152,'烂番茄','烂番茄','images/Site/2018/07/16/808a05fc3e0d49bc8f78e493881c3c51.png','https://www.rottentomatoes.com/','2018-07-16 17:55:41',113),(153,'Vimeo','Vimeo','images/Site/2018/07/16/24f40c4df86043d8bfac49a08aad85fb.png','http://vimeo.com/','2018-07-16 17:55:41',113),(154,'Spotify','Spotify','images/Site/2018/07/16/13ab896f8cb74d10a2dc6c79e12c2445.png','https://www.spotify.com/','2018-07-16 17:55:41',113),(155,'IMDb','IMDb','images/Site/2018/07/16/a47111eaad2849ae9577ff14993ee232.png','http://www.imdb.com/','2018-07-16 17:55:41',113),(156,'潘多拉','潘多拉','images/Site/2018/07/16/e241466a96054eba8a33d8fade8b0f37.png','http://www.pandora.com/','2018-07-16 17:55:41',113),(157,'Reddit','Reddit','images/Site/2018/07/16/2ed454a28533485384b18d210f051d4d.png','https://www.reddit.com/','2018-07-16 17:58:16',112),(158,'领英','领英','images/Site/2018/07/16/f922f5528f9b42dcb2927335272d7a5a.png','https://www.linkedin.com/','2018-07-16 17:58:16',112),(159,'雅虎','雅虎','images/Site/2018/07/16/f65b0e559a6a4bba8168d8077fa1baaf.png','https://www.yahoo.com/','2018-07-16 17:58:16',112),(160,'拼趣','拼趣','images/Site/2018/07/16/0ddc118f60d94607868cedb6d0fd15b0.png','http://www.pinterest.com/','2018-07-16 17:58:16',112),(161,'维基百科','维基百科','images/Site/2018/07/16/2f577dac6ddd4d769975083f1125ba12.png','https://en.wikipedia.org/','2018-07-16 17:58:16',112),(162,'Quora','Quora','images/Site/2018/07/16/62b3854febdd44d784b67046b44e48f3.png','https://www.quora.com/','2018-07-16 17:58:16',112),(163,'CNN','CNN','images/Site/2018/07/16/bdc2067e1ab24711831ec4f56a1fb121.png','http://www.cnn.com/','2018-07-16 18:00:43',115),(164,'BBC','BBC','images/Site/2018/07/16/e8d34cf3772f4d229c0589dd06f71bfc.png','http://www.bbc.com/news','2018-07-16 18:00:43',115),(165,'谷歌新闻','谷歌新闻','images/Site/2018/07/16/92bb443cf02f4c46b2233963152070b4.png','https://news.google.com/','2018-07-16 18:00:43',115),(166,'福克斯新闻','福克斯新闻','images/Site/2018/07/16/87033b4319ac4075bdea16b83e7ebffe.png','http://www.foxnews.com/','2018-07-16 18:00:43',115),(167,'雅虎新闻','雅虎新闻','images/Site/2018/07/16/f2cbbaa76ea84c8fa0a4a3329540e276.png','https://www.yahoo.com/news','2018-07-16 18:00:43',115),(168,'SalonNews','SalonNews','images/Site/2018/07/16/adfa94640747400a96e7732c1e581714.png','http://www.salon.com/category/news','2018-07-16 18:00:43',115),(169,'Gmail','Gmail','images/Site/2018/07/16/6be758eb2ad5437fb22f2dc9471d5c36.png','https://www.gmail.com/','2018-07-16 18:03:08',114),(170,'YahooMail','YahooMail','images/Site/2018/07/16/e306f2d42a294dc081a17f5faa0b48e6.png','https://login.yahoo.com/','2018-07-16 18:03:08',114),(171,'OutlookMail','OutlookMail','images/Site/2018/07/16/d702ff9ad060487fbd32c729585a9545.png','https://outlook.live.com/','2018-07-16 18:03:08',114),(172,'AOLMail','AOLMail','images/Site/2018/07/16/b5a4066f5fcb4315aea66806d34eff5a.png','https://www.mail.aol.com/','2018-07-16 18:03:08',114),(173,'zohoMail','zohoMail','images/Site/2018/07/16/6ac88c18d1434685bd042e0ee1e4ab10.png','https://www.zoho.com/mail','2018-07-16 18:03:08',114),(174,'Mail','Mail','images/Site/2018/07/16/f0b11df597d14a6bb7747f0b7d6538be.png','https://www.mail.com/','2018-07-16 18:03:08',114),(175,'瘾科技','瘾科技','images/Site/2018/07/16/d578c76aac114e10a5e06685c1635577.png','https://www.engadget.com/','2018-07-16 18:05:53',117),(176,'TheVerge','TheVerge','images/Site/2018/07/16/6a5ad19908d24305bf6f0734644a6da6.png','http://www.theverge.com/','2018-07-16 18:05:53',117),(177,'DigitalTrends','DigitalTrends','images/Site/2018/07/16/a20ead8d25b845ecba02720edc6b257a.png','http://www.digitaltrends.com/','2018-07-16 18:05:53',117),(178,'CM团队','CM团队','images/Site/2018/07/16/9484767ca57d4014aadff84e9f5fc121.png','https://www.cyanogenmod.org/','2018-07-16 18:05:53',117),(179,'Anandtech','Anandtech','images/Site/2018/07/16/7ccd3a6a7a8c4f00ac0ee980c95ce8dd.png','http://www.anandtech.com/','2018-07-16 18:05:53',117),(180,'NotebookCheck','NotebookCheck','images/Site/2018/07/16/22c3b09cac794a169fc8d365c6e6f2b8.png','https://www.notebookcheck.net/','2018-07-16 18:05:53',117),(181,'亚马逊','亚马逊','images/Site/2018/07/16/5ae16a84504740ef89a8da13204e964c.png','https://www.amazon.com/','2018-07-16 18:08:42',116),(182,'Ebay','Ebay','images/Site/2018/07/16/b8e51e7a04bc4bff85f8fad42c8f494d.png','http://www.ebay.com/','2018-07-16 18:08:42',116),(183,'NewEgg','NewEgg','images/Site/2018/07/16/0bbd132de98948448a6cd381a3fff031.png','https://www.newegg.com/','2018-07-16 18:08:42',116),(184,'GroupOn','GroupOn','images/Site/2018/07/16/bd90716688ca4d59ae2dccadd7511d65.png','https://www.groupon.com/','2018-07-16 18:08:42',116),(185,'Esty','Esty','images/Site/2018/07/16/44e4942ca39c4f79a49751b37e49848f.png','https://www.etsy.com/','2018-07-16 18:08:42',116),(186,'Target','Target','images/Site/2018/07/16/7a78e494519846928fcdf674ed651532.png','http://intl.target.com/','2018-07-16 18:08:42',116),(187,'美国在线','美国在线','images/Site/2018/07/16/25b083e5f63f40e39aeb8701ceb552de.png','https://www.aol.com/','2018-07-16 18:10:55',120),(188,'TED','TED','images/Site/2018/07/16/c4b2c201a06345c4af4749fd1c037033.png','https://www.ted.com/','2018-07-16 18:10:55',120),(189,'美国之声','美国之声','images/Site/2018/07/16/f96ccad0c8a04138adab6c774880adc9.png','http://www.voanews.com/','2018-07-16 18:10:55',120),(190,'500PX','500PX','images/Site/2018/07/16/cf3155029cc44fe2b543a38a129750f0.png','http://500px.com/','2018-07-16 18:10:55',120),(191,'格莱美','格莱美','images/Site/2018/07/16/afab4d1306d149a4bfda17153a5ec24c.png','http://www.grammy.com/','2018-07-16 18:10:55',120),(192,'奥斯卡','奥斯卡','images/Site/2018/07/16/40e035a5167a4319b383e25b344f570e.png','http://www.oscars.org/','2018-07-16 18:10:55',120),(193,'谷歌地球','谷歌地球','images/Site/2018/07/16/8dd87aeeb8684c2f8e1291069889092c.png','https://www.google.com/earth','2018-07-16 18:13:16',119),(194,'谷歌地图','谷歌地图','images/Site/2018/07/16/4e73b5da86834e06ab2b0cb2c32638ff.png','https://www.google.com/maps','2018-07-16 18:13:16',119),(195,'谷歌学术','谷歌学术','images/Site/2018/07/16/c6df7928db394ddea6e434d4702d1b38.png','https://scholar.google.com/','2018-07-16 18:13:16',119),(196,'谷歌+','谷歌+','images/Site/2018/07/16/c3f3da31cbfa410cb74616e1225e8fc3.png','https://plus.google.com/','2018-07-16 18:13:16',119),(197,'谷歌图书','谷歌图书','images/Site/2018/07/16/7559701a4770430bbfde22d6559251dd.png','https://books.google.com/','2018-07-16 18:13:16',119),(198,'GooglePlay','GooglePlay','images/Site/2018/07/16/151a312bf824401fbab81c513427ba86.png','https://play.google.com/','2018-07-16 18:13:16',119),(199,'海盗湾','海盗湾','images/Site/2018/07/16/26731d459df5414e94cea61ac45410c4.png','https://thepiratebay.org/','2018-07-16 18:15:28',118),(200,'kickasstorrentsan','kickasstorrentsan','images/Site/2018/07/16/70db97d6a94542988a9f75ea13fca3b1.png','http://kickasstorrentsan.com/','2018-07-16 18:15:28',118),(201,'btsynckeys','btsynckeys','images/Site/2018/07/16/4ec17a38b2114ec2a9d4b1946e56194a.png','http://btsynckeys.com/','2018-07-16 18:15:28',118),(202,'mininova','mininova','images/Site/2018/07/16/ce0e0638f4124a9da425821d3a06d0a7.png','http://www.mininova.org/','2018-07-16 18:15:28',118),(203,'btmeet','btmeet','images/Site/2018/07/16/149c5453e3d44a22adcd993a63bb18b7.png','http://www.btmeet.org/','2018-07-16 18:15:28',118),(204,'btdigg','btdigg','images/Site/2018/07/16/13e3e17134294789866a952924253c11.png','http://www.btdigg.org/','2018-07-16 18:15:28',118),(205,'寻医问药网','寻医问药网','images/Site/2018/07/17/c20da6cbca974e6da488da2ad6968035.png','http://www.xywy.com/','2018-07-17 09:06:18',27),(206,'好大夫在线','好大夫在线','images/Site/2018/07/17/e4f162b6bab740d1b521253877b9420f.png','http://www.haodf.com/','2018-07-17 09:06:18',27),(207,'39健康网','39健康网','images/Site/2018/07/17/fcc022b735a845f69653cd1ab82ea0cb.png','http://www.39.net/','2018-07-17 09:06:18',27),(208,'有问必答','有问必答','images/Site/2018/07/17/34f1117eae82467d89fce5f762e74e65.png','http://www.120ask.com/','2018-07-17 09:06:18',27),(209,'挂号网','挂号网','images/Site/2018/07/17/3eb299eccaeb4a56a9f7cb74c5a5243b.png','http://www.guahao.com/','2018-07-17 09:06:18',27),(210,'39养生堂','39养生堂','images/Site/2018/07/17/ceef2a7312cd4ccdbbceab9b78f34728.png','http://www.39yst.com/','2018-07-17 09:06:18',27),(211,'聚美优品','聚美优品','images/Site/2018/07/17/ac5f203bda944105aba92f74d0d91afd.png','http://www.jumei.com/','2018-07-17 09:08:28',26),(212,'唯品会','唯品会','images/Site/2018/07/17/18398fac40ae4ec3bdce171e05c84d69.png','http://www.vip.com/','2018-07-17 09:08:28',26),(213,'蘑菇街','蘑菇街','images/Site/2018/07/17/73c98236226d45e1ad2389f73863404e.png','http://www.mogujie.com/','2018-07-17 09:08:28',26),(214,'柚子街','柚子街','images/Site/2018/07/17/6645e3765fa44f638ecd879546145f43.png','http://www.youzibuy.com/','2018-07-17 09:08:28',26),(215,'美丽说','美丽说','images/Site/2018/07/17/0d09599ce36244f3ba9c2cc61422c8e8.png','http://www.meilishuo.com/','2018-07-17 09:08:28',26),(216,'梦芭莎','梦芭莎','images/Site/2018/07/17/d4eeadd6930b45249422af340fc1896c.png','http://www.moonbasa.com/','2018-07-17 09:08:28',26),(217,'时尚芭莎','时尚芭莎','images/Site/2018/07/17/c3765804382641a2b1efc985a7a380b8.png','http://www.bazaar.com.cn/','2018-07-17 09:10:58',25),(218,'yoka时尚','yoka时尚','images/Site/2018/07/17/f062d850d4004e32988861f31dd4bdd1.png','http://www.yoka.com/dna/','2018-07-17 09:10:58',25),(219,'太平洋女性','太平洋女性','images/Site/2018/07/17/94ba3cbff65c4892a0f2c833b250f91f.png','http://www.pclady.com.cn/','2018-07-17 09:10:58',25),(220,'vogue时尚','vogue时尚','images/Site/2018/07/17/e5777aec038540be8fbddb43be03faad.png','http://www.vogue.com.cn/','2018-07-17 09:10:58',25),(221,'onlylady','onlylady','images/Site/2018/07/17/9f218aa6bb4f4272bfbc35040fa81af1.png','http://trends.onlylady.com/','2018-07-17 09:10:58',25),(222,'海报时尚','海报时尚','images/Site/2018/07/17/fdc1f13568a74bf69ba0e793a57fb41e.png','http://www.haibao.com/','2018-07-17 09:10:58',25),(223,'房天下','房天下','images/Site/2018/07/17/68e540b524004eb0a30c5c018d8fd422.png','http://www.fang.com/','2018-07-17 09:14:13',28),(224,'链家','链家','images/Site/2018/07/17/cb6fe3184b524ccdb4065c624b2413e2.png','http://www.lianjia.com/','2018-07-17 09:14:13',28),(225,'房多多','房多多','images/Site/2018/07/17/91c1b7e8da004406be4bad0f7c7fa0dc.png','http://www.fangdd.com/','2018-07-17 09:14:13',28),(226,'安居客','安居客','images/Site/2018/07/17/f1c3de1910ea47c6b6103a26281fa113.png','http://www.anjuke.com/','2018-07-17 09:14:13',28),(227,'搜狐购房','搜狐购房','images/Site/2018/07/17/929af203d7a94d38bca03d28a5692f0d.png','http://www.focus.cn/','2018-07-17 09:14:13',28),(228,'爱屋吉屋','爱屋吉屋','images/Site/2018/07/17/01ab8e952a6045e8a874ce14467b2848.png','https://www.iwjw.com/','2018-07-17 09:14:13',28),(229,'豆瓣读书','豆瓣读书','images/Site/2018/07/17/643c103873b640d59a8212981b3a2721.png','https://book.douban.com/','2018-07-17 09:16:32',29),(230,'Kindle资源','Kindle资源','images/Site/2018/07/17/1fb0e23efa7344649f86e3fa585a0282.png','http://www.readfree.me/','2018-07-17 09:16:32',29),(231,'网易云阅读','网易云阅读','images/Site/2018/07/17/7fce2cb7431b4a09a88592ce44494d84.png','http://yuedu.163.com/','2018-07-17 09:16:32',29),(232,'凤凰读书','凤凰读书','images/Site/2018/07/17/61aec4fe12b641d8b94e496388d6458e.png','http://book.ifeng.com/','2018-07-17 09:16:32',29),(233,'新浪读书','新浪读书','images/Site/2018/07/17/3172f966eba54c11835bd86d60976565.png','http://book.sina.com.cn/','2018-07-17 09:16:32',29),(234,'搜狐读书','搜狐读书','images/Site/2018/07/17/9097961b33874eee901be58620dff3db.png','http://book.sohu.com/','2018-07-17 09:16:32',29),(235,'携程','携程','images/Site/2018/07/17/3db8ad98e9e945368c96f820224a46c2.png','http://www.ctrip.com/','2018-07-17 09:27:33',30),(236,'途牛','途牛','images/Site/2018/07/17/477fd5cb506f49e3b94185b3c55d4907.png','http://www.tuniu.com/','2018-07-17 09:27:33',30),(237,'驴妈妈旅游','驴妈妈旅游','images/Site/2018/07/17/bfa35001dfb94bf6bf728efd76c160f3.png','http://www.lvmama.com/','2018-07-17 09:27:33',30),(238,'马蜂窝','马蜂窝','images/Site/2018/07/17/aa0662babb7a47e2bbd7569c95606ef6.png','http://www.mafengwo.cn/','2018-07-17 09:27:33',30),(239,'12306','12306','images/Site/2018/07/17/9070dd09953e4c9d80c82dade8cb8d4b.png','http://www.12306.cn/','2018-07-17 09:27:33',30),(240,'长途汽车查询','长途汽车查询','images/Site/2018/07/17/edc3cc5488184eb384bdbb86953b60dd.png','http://www.keyunzhan.com/','2018-07-17 09:27:33',30),(241,'腾讯娱乐','腾讯娱乐','images/Site/2018/07/17/828c9bc3141c4af4ad9bd636b9a96146.png','','2018-07-17 09:29:47',31),(242,'网易娱乐','网易娱乐','images/Site/2018/07/17/38fc75777032444a9a45eb1abc2f5677.png','','2018-07-17 09:29:47',31),(243,'凤凰娱乐','凤凰娱乐','images/Site/2018/07/17/61aec4fe12b641d8b94e496388d6458e_aWcuiio.png','','2018-07-17 09:29:47',31),(244,'搜狐娱乐','搜狐娱乐','images/Site/2018/07/17/9097961b33874eee901be58620dff3db_U6ZJ0Id.png','','2018-07-17 09:29:47',31),(245,'环球娱乐','环球娱乐','images/Site/2018/07/17/97daf4a769944d01991149c5f9761d1b.png','','2018-07-17 09:29:47',31),(246,'新浪娱乐','新浪娱乐','images/Site/2018/07/17/c9f5d9015cb94ac6b15aa45a5ad301b3.png','','2018-07-17 09:29:47',31),(247,'下厨房','下厨房','images/Site/2018/07/17/d740493008db46eda3cf6bc25e808062.png','http://www.xiachufang.com/','2018-07-17 09:32:04',32),(248,'中国菜谱网','中国菜谱网','images/Site/2018/07/17/758940352f574af7ae38c4fc3f3f59df.png','http://www.chinacaipu.com/','2018-07-17 09:32:04',32),(249,'豆果美食','豆果美食','images/Site/2018/07/17/bd19d8a4ab1d4095a32b2c2f3b20a443.png','http://www.douguo.com/','2018-07-17 09:32:04',32),(250,'搜狐美食','搜狐美食','images/Site/2018/07/17/9097961b33874eee901be58620dff3db_bfWX08D.png','http://chihe.sohu.com/','2018-07-17 09:32:04',32),(251,'心食谱','心食谱','images/Site/2018/07/17/15a1e19fccff48fe870980553a87ac62.png','http://www.xinshipu.com/','2018-07-17 09:32:04',32),(252,'美食天下','美食天下','images/Site/2018/07/17/d5faa46a060147f79e026923ec3b70c6.png','http://www.meishichina.com/','2018-07-17 09:32:04',32),(253,'波奇网','波奇网','images/Site/2018/07/17/fd7f4078bdd2483796894458c2a0314c.png','http://www.boqii.com/','2018-07-17 09:34:53',33),(254,'天天宠物','天天宠物','images/Site/2018/07/17/81f59e1ee5fb4143a41a5b3a5856157f.png','http://www.ttpet.com/','2018-07-17 09:34:53',33),(255,'宠物中国','宠物中国','images/Site/2018/07/17/d3b5f5bdee3949b3b92164c4a69486fe.png','http://www.chinapet.com/','2018-07-17 09:34:53',33),(256,'爱宠医生','爱宠医生','images/Site/2018/07/17/778fbb1111b44670bd95fb4515c318df.png','http://q.5ichong.com/','2018-07-17 09:34:53',33),(257,'网易宠物','网易宠物','images/Site/2018/07/17/38fc75777032444a9a45eb1abc2f5677_PHLSJ24.png','http://pet.163.com/','2018-07-17 09:34:53',33),(258,'太平洋宠物','太平洋宠物','images/Site/2018/07/17/cc53c48ee82340a79ea9b61c1e09c414.png','http://pet.pclady.com.cn/','2018-07-17 09:34:53',33),(259,'糗事百科','糗事百科','images/Site/2018/07/17/e95ec1d09b4c4404a7b0e94ce2aabdc6.png','http://www.qiushibaike.com/','2018-07-17 09:37:36',34),(260,'暴走漫画','暴走漫画','images/Site/2018/07/17/b9f668f7b97e4a61ad1972f962200feb.png','http://baozoumanhua.com/','2018-07-17 09:37:36',34),(261,'百思不得姐','百思不得姐','images/Site/2018/07/17/f89a517614fd40f68d556770f73877c0.png','http://www.budejie.com/','2018-07-17 09:37:36',34),(262,'快乐麻花','快乐麻花','images/Site/2018/07/17/2da547772648420393ab52b4cb4d0894.png','http://www.mahua.com/','2018-07-17 09:37:36',34),(263,'捧腹网','捧腹网','images/Site/2018/07/17/caf8adfc6ae0488a95e3215255dbe1db.png','http://www.pengfu.com/','2018-07-17 09:37:36',34),(264,'来福岛','来福岛','images/Site/2018/07/17/8174087687784d079c81510f8cafae45.png','http://www.laifudao.com/','2018-07-17 09:37:36',34),(265,'世纪佳缘','世纪佳缘','images/Site/2018/07/17/64cd1a36517340dd85ef8b895937fc65.png','http://www.jiayuan.com/','2018-07-17 09:39:50',35),(266,'百合网','百合网','images/Site/2018/07/17/c990b5e488964b3497b0d309171cc958.png','http://www.baihe.com/','2018-07-17 09:39:50',35),(267,'陌陌','陌陌','images/Site/2018/07/17/db5693a951154629b34ee0734581610e.png','https://web.immomo.com/','2018-07-17 09:39:50',35),(268,'网易花田','网易花田','images/Site/2018/07/17/82b6721fa70c4daba82aa13dd77feffb.png','http://love.163.com/','2018-07-17 09:39:50',35),(269,'豆瓣同城','豆瓣同城','images/Site/2018/07/17/aefbbe9e90cf43fab4d1bb5ebf8275e0.png','https://www.douban.com/location/world/','2018-07-17 09:39:50',35),(270,'网易同城','网易同城','images/Site/2018/07/17/23d237fd0ece4f5c8b050f749c0b9051.png','http://yuehui.163.com/','2018-07-17 09:39:50',35),(271,'大麦网','大麦网','images/Site/2018/07/17/ccc93134892344f9a9a8c1b6aadb1db5.png','https://www.damai.cn/','2018-07-17 09:42:03',36),(272,'娱票儿','娱票儿','images/Site/2018/07/17/1e583ab0645545229b6019d3168493ba.png','http://www.wepiao.com/','2018-07-17 09:42:03',36),(273,'永乐票务','永乐票务','images/Site/2018/07/17/a0bb83ceee9044ba9b1ffcba37824e2c.png','http://www.228.com.cn/','2018-07-17 09:42:03',36),(274,'票务通','票务通','images/Site/2018/07/17/2305af4658c649f7bf42c8daedb5ba19.png','http://www.t3.com.cn/','2018-07-17 09:42:03',36),(275,'快票网','快票网','images/Site/2018/07/17/58b5fb14509c46d6af625a0e6be26749.png','http://www.qqkp.com/','2018-07-17 09:42:03',36),(276,'票务中国','票务中国','images/Site/2018/07/17/eeca02f7c9494d908ca9e02d4083584e.png','http://www.piao.com/','2018-07-17 09:42:03',36),(277,'优设导航','优设导航','images/Site/2018/07/17/0b56e26f462f4ea0872d54e8b2d5f09b.png','http://www.hao.uisdc.com/','2018-07-17 09:44:24',37),(278,'优波导航','优波导航','images/Site/2018/07/17/9b0c6602b01a4f8794c3bc1d5dfb7a13.png','http://ubuuk.com/','2018-07-17 09:44:24',37),(279,'图翼导航','图翼导航','images/Site/2018/07/17/4e07c719df5443ef85ee097e051d8c1e.png','http://www.tuyiyi.com/hao/','2018-07-17 09:44:24',37),(280,'设计达人','设计达人','images/Site/2018/07/17/814e02486f6a465a907b8339e96f3e65.png','http://hao.shejidaren.com/','2018-07-17 09:44:24',37),(281,'腾讯设计导航','腾讯设计导航','images/Site/2018/07/17/a954d976d31a433ba0d46eba98bdd14d.png','http://idesign.qq.com/#!index/site','2018-07-17 09:44:24',37),(282,'牛大拿导航','牛大拿导航','images/Site/2018/07/17/a8fbc40e225440319a6e6c2085fc140f.png','https://www.niudana.com/','2018-07-17 09:44:24',37),(283,'dribbble','dribbble','images/Site/2018/07/17/bc0d1091d4714a6b84e70aec1937e282.png','https://dribbble.com/','2018-07-17 09:54:34',38),(284,'behance','behance','images/Site/2018/07/17/fbdf4e9984ce43698783c07e2e170cf4.png','https://www.behance.net/','2018-07-17 09:54:34',38),(285,'花瓣网','花瓣网','images/Site/2018/07/17/5bdf69c059f54bfcab655aca9422850d.png','http://huaban.com/','2018-07-17 09:54:34',38),(286,'拼趣','拼趣','images/Site/2018/07/17/4197f0f9a2bf4839bd7c55cf3215947d.png','https://www.pinterest.com/','2018-07-17 09:54:34',38),(287,'booooooom','booooooom','images/Site/2018/07/17/1f0c331e4f3542b09c5c7e7e56a8a115.png','http://www.booooooom.com/','2018-07-17 09:54:34',38),(288,'cssdesignawards','cssdesignawards','images/Site/2018/07/17/0fe88eea7546451ca929da916409ad2a.png','http://www.cssdesignawards.com/','2018-07-17 09:54:34',38),(289,'findicons','findicons','images/Site/2018/07/17/50f2278ad5494534a168a305302b9d8b.png','http://findicons.com/','2018-07-17 09:57:44',39),(290,'UI-cloud','UI-cloud','images/Site/2018/07/17/968f50195c014e08a197276a592539b2.png','http://ui-cloud.com/','2018-07-17 09:57:44',39),(291,'easyicon','easyicon','images/Site/2018/07/17/800bacefc09d456fafec9e724cdcf5cb.png','http://www.easyicon.net/','2018-07-17 09:57:44',39),(292,'flaticon','flaticon','images/Site/2018/07/17/984472fb2c73441b874b4a6949e52ac4.png','http://www.flaticon.com/','2018-07-17 09:57:44',39),(293,'iconfinder','iconfinder','images/Site/2018/07/17/2dad62e5960840cbac3dff06c332fd44.png','https://www.iconfinder.com/','2018-07-17 09:57:44',39),(294,'dryicons','dryicons','images/Site/2018/07/17/9b5c20af88354f81931bb2c7da25a187.png','http://dryicons.com/free-icons/','2018-07-17 09:57:44',39),(295,'unsplash','unsplash','images/Site/2018/07/17/6a1d12185d8c4c58ba70723036830337.png','https://unsplash.com/','2018-07-17 10:00:11',40),(296,'wallhaven','wallhaven','images/Site/2018/07/17/1adbf4e854f9419ea232c67c1e83ec82.png','https://alpha.wallhaven.cc/','2018-07-17 10:00:11',40),(297,'forwallpaper','forwallpaper','images/Site/2018/07/17/f8bb60056195492da7df3e8afbba81ae.png','http://cn.forwallpaper.com/','2018-07-17 10:00:11',40),(298,'pixabay','pixabay','images/Site/2018/07/17/bbf9a91e6d8548e4a20e1cfecad1382e.png','https://pixabay.com/','2018-07-17 10:00:11',40),(299,'pexels','pexels','images/Site/2018/07/17/14423fbfcad64a6cb6c7bd55c584b0fc.png','https://www.pexels.com/','2018-07-17 10:00:11',40),(300,'500px','500px','images/Site/2018/07/17/bc6cf589c03b4c94baa34da08226ad87.png','https://500px.com/','2018-07-17 10:00:11',40),(301,'翼狐网','翼狐网','images/Site/2018/07/17/24fd7479e6fd4fe280cff0b41410be7b.png','http://www.yiihuu.com/','2018-07-17 10:02:39',41),(302,'站酷','站酷','images/Site/2018/07/17/b65e1a42b79f439b8918503b3065111d.png','http://www.zcool.com.cn/','2018-07-17 10:02:39',41),(303,'优设','优设','images/Site/2018/07/17/39a5c23069234d4f8fa3e8a52355245c.png','http://www.uisdc.com/','2018-07-17 10:02:39',41),(304,'视觉中国','视觉中国','images/Site/2018/07/17/7958ed7fa0db4b2b94c15cab7f6c83fd.png','http://www.shijue.me/','2018-07-17 10:02:39',41),(305,'设计之家','设计之家','images/Site/2018/07/17/6c99e018129a4fcc8af7c2f2c7d5c114.png','http://www.sj33.cn/','2018-07-17 10:02:39',41),(306,'设计癖','设计癖','images/Site/2018/07/17/da71a6fc79e847faa0c3f10e9da79c63.png','http://www.shejipi.com/','2018-07-17 10:02:39',41),(307,'H5生成','H5生成','images/Site/2018/07/17/83a1646a40404f359debaaef9d2aac49.png','http://www.ih5.cn/not-logged-in','2018-07-17 10:05:02',42),(308,'PNG压缩','PNG压缩','images/Site/2018/07/17/91c61746f68c4f198e86e7bbc73cae5e.png','https://tinypng.com/','2018-07-17 10:05:02',42),(309,'比例计算','比例计算','images/Site/2018/07/17/f0d999f894034de4aae4d7646d010760.png','http://www.shejidaren.com/examples/tools/golden-ratio/index.html','2018-07-17 10:05:02',42),(310,'模板生成','模板生成','images/Site/2018/07/17/e04f04df967a44a7a968447d79ccd626.png','http://sketchsheets.com/','2018-07-17 10:05:02',42),(311,'栅格生成','栅格生成','images/Site/2018/07/17/ba842844f6d1431a86124f69f5464c2b.png','http://grid.guide/','2018-07-17 10:05:02',42),(312,'网点网格生成','网点网格生成','images/Site/2018/07/17/e4fe8dac83d54869b19bbcda162ca6f2.png','http://gridzzly.com/','2018-07-17 10:05:02',42),(313,'网易UEDC','网易UEDC','images/Site/2018/07/17/d756d5195d9b4bc0b3e4ffb652503d81.png','http://uedc.163.com/','2018-07-17 10:30:40',43),(314,'腾讯CDC','腾讯CDC','images/Site/2018/07/17/adfed5e703b14a72956d3f3dd4a01bb4.png','http://cdc.tencent.com/','2018-07-17 10:30:40',43),(315,'腾讯ISUX','腾讯ISUX','images/Site/2018/07/17/a887b9114710481d969fa2e714705d4f.png','https://isux.tencent.com/','2018-07-17 10:30:40',43),(316,'腾讯MXD','腾讯MXD','images/Site/2018/07/17/7f0b777bdae84baaae6d9414f9524a94.png','http://mxd.tencent.com/','2018-07-17 10:30:40',43),(317,'阿里国际UED','阿里国际UED','images/Site/2018/07/17/9ebc05d54b3749b7a46ff1a2648d410d.png','http://www.aliued.com/','2018-07-17 10:30:40',43),(318,'阿里UED','阿里UED','images/Site/2018/07/17/c01049af2eb8448aafdbb50d1c7475c6.png','http://www.aliued.cn/','2018-07-17 10:30:40',43),(319,'求字体','求字体','images/Site/2018/07/17/2a349d87815948daa7b748493ae4df4c.png','http://www.qiuziti.com/','2018-07-17 10:32:16',44),(320,'字体之家','字体之家','images/Site/2018/07/17/b0ddf67827ca47889efc3d756c21c79c.png','http://www.17ziti.com/','2018-07-17 10:32:16',44),(321,'字体传奇','字体传奇','images/Site/2018/07/17/c04faa3e895243c0a1c86825adbbd203.png','http://www.ziticq.com/','2018-07-17 10:32:16',44),(322,'有字体','有字体','images/Site/2018/07/17/1fc0c85de2f749adaa7988c18ff1d88d.png','http://www.youziku.com/','2018-07-17 10:32:16',44),(323,'fontsup','fontsup','images/Site/2018/07/17/5c4e4bf8325346b3bf8cf63481aef94b.png','http://fontsup.com/','2018-07-17 10:32:16',44),(324,'pixiv','pixiv','images/Site/2018/07/17/993f0c2b20a246e89b489b5d06dd53c2.png','http://www.pixiv.net/','2018-07-17 10:33:07',45),(325,'布卡漫画','布卡漫画','images/Site/2018/07/17/dad53a9e66f54e87b64350bb7c61cbcb.png','http://www.buka.cn/','2018-07-17 10:33:07',45),(326,'VIZ','VIZ','images/Site/2018/07/17/3eda35941b3e4815bde0b74abbc44423.png','http://www.viz.com/','2018-07-17 10:33:07',45),(327,'模板之家','模板之家','images/Site/2018/07/17/6dd91379275f40ffa266e3b5dff5d9a6.png','http://www.cssmoban.com/','2018-07-17 10:33:47',46),(328,'templated','templated','images/Site/2018/07/17/01a10debb77747a0811a269a981636b0.png','https://templated.co/','2018-07-17 10:33:47',46),(329,'我是PM','我是PM','images/Site/2018/07/17/db72287766884f0ab62dcb9971e0bbd3.png','http://dh.woshipm.com/','2018-07-17 10:43:46',47),(330,'产品大牛','产品大牛','images/Site/2018/07/17/a1bc6dccb23f4161b2bf561b5b20660b.png','http://www.pmdaniu.com/','2018-07-17 10:43:46',47),(331,'PM265','PM265','images/Site/2018/07/17/b57f15c4bb534ec1991c11a30af2b266.png','http://www.pm265.com/','2018-07-17 10:43:46',47),(332,'爱范儿','爱范儿','images/Site/2018/07/17/d4f2abd984ad4b7cb0fd3354e60a1646.png','http://www.ifanr.com/','2018-07-17 10:45:09',48),(333,'虎嗅','虎嗅','images/Site/2018/07/17/4ed9f84d829a472497f1788c9b7ae8e9.png','https://www.huxiu.com/','2018-07-17 10:45:09',48),(334,'钛媒体','钛媒体','images/Site/2018/07/17/4fa1f7978dd8425b904fda5e736d3994.png','http://www.tmtpost.com/','2018-07-17 10:45:09',48),(335,'36kr','36kr','images/Site/2018/07/17/b8fa927040384b43a0e522a62e32ec40.png','http://36kr.com/','2018-07-17 10:45:09',48),(336,'极客公园','极客公园','images/Site/2018/07/17/2ed1ead2ae4e4fddb7f7b75e238e0868.png','http://www.geekpark.net/','2018-07-17 10:45:09',48),(337,'易观','易观','images/Site/2018/07/17/294a5d10eea44b259ef35f3487b4a4ca.png','http://www.analysys.cn/','2018-07-17 10:46:56',49),(338,'Alexa排名','Alexa排名','images/Site/2018/07/17/359f8f7a38384076b2ed2ce1aaa53234.png','http://www.alexa.cn/','2018-07-17 10:46:56',49),(339,'微博指数','微博指数','images/Site/2018/07/17/06197745d21249c8a91d5bdfc5f9809e.png','http://data.weibo.com/index','2018-07-17 10:46:56',49),(340,'友盟指数','友盟指数','images/Site/2018/07/17/6d6fb755451b42ac9bc3a806f0375e75.png','http://www.umindex.com/','2018-07-17 10:46:56',49),(341,'百度指数','百度指数','images/Site/2018/07/17/38e6a806388a429aa6df45f52a23d223.png','http://index.baidu.com/','2018-07-17 10:46:56',49),(342,'腾讯罗盘','腾讯罗盘','images/Site/2018/07/17/471930e31f224ac09f66ea8c072b9584.png','http://compass.qq.com/','2018-07-17 10:46:56',49),(343,'优设','优设','images/Site/2018/07/17/3e4dcb4ccb34413fa81f64ff6bb936e0.png','http://www.uisdc.com/','2018-07-17 10:48:59',50),(344,'站酷','优设','images/Site/2018/07/17/40ab3336ea46430ba00fcbbf473e0283.png','http://www.zcool.com.cn/','2018-07-17 10:48:59',50),(345,'dribble','dribble','images/Site/2018/07/17/db923858414240e9a020a3c2a80cc6de.png','https://dribbble.com/','2018-07-17 10:48:59',50),(346,'behance','behance','images/Site/2018/07/17/c670ab705d1d4369b76d2dfe2b7eea06.png','https://www.behance.net/','2018-07-17 10:48:59',50),(347,'花瓣','花瓣','images/Site/2018/07/17/e8be4b84e6304f639f2b9b8e6d399f3f.png','http://huaban.com/','2018-07-17 10:48:59',50),(348,'设计癖','设计癖','images/Site/2018/07/17/c7480cd98c53423db785107790b379f1.png','http://www.shejipi.com/','2018-07-17 10:48:59',50),(349,'SEO查询','SEO查询','images/Site/2018/07/17/dd08359051174852b30b60bae01873f4.png','http://seo.chinaz.com/','2018-07-17 10:50:51',51),(350,'阿里指数','阿里指数','images/Site/2018/07/17/55e0828fba394f93b2859141d1dfc6fa.png','https://alizs.taobao.com/','2018-07-17 10:50:51',51),(351,'百度统计','百度统计','images/Site/2018/07/17/38e6a806388a429aa6df45f52a23d223_9H1j4zr.png','http://tongji.baidu.com/','2018-07-17 10:50:51',51),(352,'SEOWHY','SEOWHY','images/Site/2018/07/17/8731d35437374abb84b35a42dc7d5839.png','http://tool.seowhy.com/','2018-07-17 10:50:51',51),(353,'SEO研究中心','SEO研究中心','images/Site/2018/07/17/d981815f502d4c4bbf42db2c293702c6.png','http://bbs.moonseo.cn/','2018-07-17 10:50:51',51),(354,'学SEO','学SEO','images/Site/2018/07/17/7dcf4870d4da483fa7ed91a5e3a0ca0c.png','http://www.xueseo.com/','2018-07-17 10:50:51',51),(355,'极光推送','极光推送','images/Site/2018/07/17/697b595bb6794588aca5002e3e8e9819.png','https://www.jiguang.cn/','2018-07-17 10:52:17',52),(356,'百度推送','百度推送','images/Site/2018/07/17/c933df6eea2c474cbb1a3a8a85ea641d.png','http://push.baidu.com/','2018-07-17 10:52:17',52),(357,'融云','融云','images/Site/2018/07/17/843737bc5b544c3ebae33a4be2e86989.png','http://www.rongcloud.cn/','2018-07-17 10:52:17',52),(358,'腾讯问卷','腾讯问卷','images/Site/2018/07/17/471930e31f224ac09f66ea8c072b9584_LL0QdO1.png','https://wj.qq.com/','2018-07-17 10:52:17',52),(359,'百度联盟','百度联盟','images/Site/2018/07/17/38e6a806388a429aa6df45f52a23d223_QBYkkjl.png','http://union.baidu.com/','2018-07-17 10:52:17',52),(360,'阿里妈妈','阿里妈妈','images/Site/2018/07/17/6b18f01740f14bd489faa01bae65dfd2.png','http://www.alimama.com/','2018-07-17 10:52:17',52),(361,'数据工具大全','数据工具大全','images/Site/2018/07/17/aea0e77af0b04bdb9ab8480f418d018d.png','http://hao.199it.com/','2018-07-17 10:54:06',53),(362,'站长工具','站长工具','images/Site/2018/07/17/dd08359051174852b30b60bae01873f4_nG4KzbO.png','http://tool.chinaz.com/','2018-07-17 10:54:06',53),(363,'蒲公英测试','蒲公英测试','images/Site/2018/07/17/df19ca4a3f0644b4aab970373fc20e27.png','https://www.pgyer.com/','2018-07-17 10:54:06',53),(364,'TestIn测试','TestIn测试','images/Site/2018/07/17/65ace76af23c4ce8a679229d22fad902.png','http://www.testin.cn/','2018-07-17 10:54:06',53),(365,'新浪微盘','新浪微盘','images/Site/2018/07/17/06197745d21249c8a91d5bdfc5f9809e_A1D1Zbd.png','http://vdisk.weibo.com/','2018-07-17 10:54:06',53),(366,'百度云盘','百度云盘','images/Site/2018/07/17/c933df6eea2c474cbb1a3a8a85ea641d_zDp3Bhs.png','https://pan.baidu.com/','2018-07-17 10:54:06',53),(367,'网易UEDC','网易UEDC','images/Site/2018/07/17/7daac38315ac481987e81d4a22d0aa90.png','http://uedc.163.com/','2018-07-17 10:55:35',54),(368,'腾讯CDC','腾讯CDC','images/Site/2018/07/17/d8b9950f52c84c13a5038cb85a750925.png','http://cdc.tencent.com/','2018-07-17 10:55:35',54),(369,'腾讯ISUX','腾讯ISUX','images/Site/2018/07/17/efcc2c120ebb4e30b3ec3439b7684d02.png','https://isux.tencent.com/','2018-07-17 10:55:35',54),(370,'腾讯MXD','腾讯MXD','images/Site/2018/07/17/487c17f4dfb940e48a1f1546ac78f455.png','http://mxd.tencent.com/','2018-07-17 10:55:35',54),(371,'阿里国际UED','阿里国际UED','images/Site/2018/07/17/55e0828fba394f93b2859141d1dfc6fa_h8vwWAP.png','http://www.aliued.com/','2018-07-17 10:55:35',54),(372,'阿里UED','阿里UED','images/Site/2018/07/17/a884895fa65846eca0b7ed900739aa10.png','http://www.aliued.cn/','2018-07-17 10:55:35',54),(373,'产品壹佰','产品壹佰','images/Site/2018/07/17/af655291358945d2ad999f92a43af966.png','http://www.chanpin100.com/','2018-07-17 10:57:13',55),(374,'人人都是PM','人人都是PM','images/Site/2018/07/17/db72287766884f0ab62dcb9971e0bbd3_Vb6j5ms.png','http://www.woshipm.com/','2018-07-17 10:57:13',55),(375,'PMCaff','PMCaff','images/Site/2018/07/17/1bcea5bcc698480d8a43821f0c6ee063.png','http://www.pmcaff.com/','2018-07-17 10:57:13',55),(376,'早读课','早读课','images/Site/2018/07/17/d28094f972b24325b58b582d0ba22cf9.png','http://www.zaodula.com/','2018-07-17 10:57:13',55),(377,'pmtoo','pmtoo','images/Site/2018/07/17/7dcf4870d4da483fa7ed91a5e3a0ca0c_mZXclrn.png','http://www.pmtoo.com/','2018-07-17 10:57:13',55),(378,'WebPPD','WebPPD','images/Site/2018/07/17/c2bfb578d1a04a97afb0a78a52191faa.png','http://www.webppd.com/portal.php','2018-07-17 10:57:13',55),(379,'互动吧','互动吧','images/Site/2018/07/17/0bcec1c647414e169bd7d218a26d8bb2.png','http://www.hdb.com/','2018-07-17 10:59:04',56),(380,'活动行','活动行','images/Site/2018/07/17/d5cf31b7b01146a798e59414ff3a7325.png','http://www.huodongxing.com/','2018-07-17 10:59:04',56),(381,'会鸽','会鸽','images/Site/2018/07/17/9d21d908b1ed4a38a76c76c53a342294.png','http://www.eventdove.com/','2018-07-17 10:59:04',56),(382,'活动家','活动家','images/Site/2018/07/17/7c481e301b69450da0744bf80eec6309.png','http://www.huodongjia.com/it/','2018-07-17 10:59:04',56),(383,'懒汉互联','懒汉互联','images/Site/2018/07/17/b7a06a66967347ef9fc2f680d7ea2b70.png','http://www.lanhan.cn/hdrl/','2018-07-17 10:59:04',56),(384,'推酷活动','推酷活动','images/Site/2018/07/17/e6e9a7371e4d4a8a8ebb49799d43799b.png','http://huodong.tuicool.com/','2018-07-17 10:59:04',56),(385,'拉勾网','拉勾网','images/Site/2018/07/17/f5a2184bd88a40b19e9e2badc4c1b77a.png','https://www.lagou.com/','2018-07-17 11:24:03',57),(386,'猎聘网','猎聘网','images/Site/2018/07/17/0405ab14c19f471b8d6f2eb7873cfbe1.png','https://www.liepin.com/','2018-07-17 11:24:03',57),(387,'前程无忧','前程无忧','images/Site/2018/07/17/1382f6451c4f4c5b98a510c09db4ce0b.png','http://www.51job.com/','2018-07-17 11:24:03',57),(388,'智联招聘','智联招聘','images/Site/2018/07/17/57f34ea76aec4a86a9e84b38abfa6659.png','http://www.zhaopin.com/','2018-07-17 11:24:03',57),(389,'BOSS直聘','BOSS直聘','images/Site/2018/07/17/c5a86f9f4fa34737a30c4c2424e72ff2.png','https://www.bosszhipin.com/','2018-07-17 11:24:03',57),(390,'大街网','大街网','images/Site/2018/07/17/53a12a8db8e0419586b53ab1b2a0dbfe.png','https://www.dajie.com/','2018-07-17 11:24:03',57),(391,'中国会计网','中国会计网','images/Site/2018/07/17/412a2e4a339943c69ef0ce22a1c85edb.png','http://www.canet.com.cn/','2018-07-17 11:25:29',58),(392,'中国会计视野','中国会计视野','images/Site/2018/07/17/524d9f12c28548c0954444ee13023f5b.png','http://www.esnai.com/','2018-07-17 11:25:29',58),(393,'财务总监网','财务总监网','images/Site/2018/07/17/357c10d6a9914a579e8e3deb6b21c6b9.png','http://www.chinacfo.net/','2018-07-17 11:25:29',58),(394,'新华会计网','新华会计网','images/Site/2018/07/17/494bcd93f0444d14ab04b63316bb0442.png','http://www.kj2100.com/','2018-07-17 11:25:29',58),(395,'第一会计网','第一会计网','images/Site/2018/07/17/1350dabff65343658c4ae739f9bf54c2.png','http://www.firstacc.cn/','2018-07-17 11:25:29',58),(396,'中华财会网','中华财会网','images/Site/2018/07/17/501f6908e3e8456baa3fe7343f51e663.png','http://www.e521.com/','2018-07-17 11:25:29',58),(397,'法律之星','法律之星','images/Site/2018/07/17/acc5168000ee4ee292bd25acc3c7ffbf.png','http://law1.law-star.com/','2018-07-17 11:27:05',59),(398,'中国法院网','中国法院网','images/Site/2018/07/17/2af50b3416ab4c09993ebe247ccba87d.png','http://www.chinacourt.org/','2018-07-17 11:27:05',59),(399,'劳动争议网','劳动争议网','images/Site/2018/07/17/c23fb2ecf3d940a797580d1c0cb0fd2e.png','http://www.btophr.com/','2018-07-17 11:27:05',59),(400,'法导航','法导航','images/Site/2018/07/17/c3cf8394b1294aa88f126e8896e1ab1f.png','http://59law.com/','2018-07-17 11:27:05',59),(401,'全球法律大全','全球法律大全','images/Site/2018/07/17/501f6908e3e8456baa3fe7343f51e663_EPUDF7J.png','http://policy.mofcom.gov.cn/','2018-07-17 11:27:05',59),(402,'我的法务','我的法务','images/Site/2018/07/17/226b98b409aa4e17a6da3bd1f16c9eeb.png','http://www.myfawu.com/','2018-07-17 11:27:05',59),(403,'蓝色光标','蓝色光标','images/Site/2018/07/17/c95e4306c02f48ae90f54e07ce0c35ca.png','http://www.bluefocusgroup.com/','2018-07-17 11:28:45',60),(404,'爱德曼','爱德曼','images/Site/2018/07/17/c25e4655d8cc460a9b6d3bbde1f1c8b2.png','http://www.edelmangroup.cn/','2018-07-17 11:28:45',60),(405,'奥美公关','奥美公关','images/Site/2018/07/17/85db32c6362d4361954a4f6330b7b2eb.png','http://www.ogilvy.com.cn/','2018-07-17 11:28:45',60),(406,'罗德公关','罗德公关','images/Site/2018/07/17/59950499e57144879aad6270c7cb31be.png','http://www3.ruderfinnasia.com/cn/','2018-07-17 11:28:45',60),(407,'伟达公关','伟达公关','images/Site/2018/07/17/d6fc6f70f194433f936c6f2e0d236152.png','http://www.hkstrategies.com/','2018-07-17 11:28:45',60),(408,'嘉利公关','嘉利公关','images/Site/2018/07/17/ec83abc4ca334612b566501378eb024b.png','http://www.mrgc.com.cn/','2018-07-17 11:28:45',60),(409,'国家税务总局','国家税务总局','images/Site/2018/07/17/a4aa3a228ee5427aba61d51475142369.png','http://www.chinatax.gov.cn/','2018-07-17 11:30:11',61),(410,'纳税服务网','纳税服务网','images/Site/2018/07/17/279f27338b0249aab85da9216d526410.png','http://www.cnnsr.com.cn/','2018-07-17 11:30:11',61),(411,'北京网上办税','北京网上办税','images/Site/2018/07/17/b44b0fc20e8a4cea87cef80a8e081f1e.png','http://www.bjsat.gov.cn/WSBST/bsdt/login/login.jsp','2018-07-17 11:30:11',61),(412,'上海网上办税','上海网上办税','images/Site/2018/07/17/b44b0fc20e8a4cea87cef80a8e081f1e_s9MsJJk.png','https://www.tax.sh.gov.cn/xbwt/','2018-07-17 11:30:11',61),(413,'深圳网上办税','深圳网上办税','images/Site/2018/07/17/b44b0fc20e8a4cea87cef80a8e081f1e_R19vY0v.png','http://dzswj.szgs.gov.cn/','2018-07-17 11:30:11',61),(414,'国家审计署','国家审计署','images/Site/2018/07/17/0a16d4924aae418cbe7d3b91d8f4637a.png','http://www.audit.gov.cn/','2018-07-17 11:31:36',62),(415,'中国审计网','中国审计网','images/Site/2018/07/17/6748c9a59b0b49c49c50527c898afcaf.png','http://www.iaudit.cn/','2018-07-17 11:31:36',62),(416,'中国审计协会','中国审计协会','images/Site/2018/07/17/a7cd59927038435fbf893dabc61ca41d.png','http://www.ciia.com.cn/','2018-07-17 11:31:36',62),(417,'中国审计论坛','中国审计论坛','images/Site/2018/07/17/6748c9a59b0b49c49c50527c898afcaf_Y3izySN.png','http://bbs.iaudit.cn/','2018-07-17 11:31:36',62),(418,'审计考试网','审计考试网','images/Site/2018/07/17/501f6908e3e8456baa3fe7343f51e663_8pGIXZn.png','http://www.icnao.cn/auditexam/','2018-07-17 11:31:36',62),(419,'审计吧','审计吧','images/Site/2018/07/17/65fef7c6349e44508d13312491e7c5cb.png','http://tieba.baidu.com/f?kw=%E5%AE%A1%E8%AE%A1','2018-07-17 11:31:36',62),(420,'腾讯问卷','腾讯问卷','images/Site/2018/07/17/c454179d3aa7460999d6f9b4b736cd30.png','https://wj.qq.com/','2018-07-17 11:32:57',63),(421,'问卷星','问卷星','images/Site/2018/07/17/ded7ea7983324616aacd9cec7c685225.png','https://www.sojump.com/','2018-07-17 11:32:57',63),(422,'波士顿咨询','波士顿咨询','images/Site/2018/07/17/e6cd398ce159474a9c9d8dd96e40eee9.png','http://www.bcg.com.cn/cn/default.html','2018-07-17 11:32:57',63),(423,'北大纵横','北大纵横','images/Site/2018/07/17/c12e4ba69278479e90936a70e5693453.png','http://www.allpku.com/','2018-07-17 11:32:57',63),(424,'和君咨询','和君咨询','images/Site/2018/07/17/562ee5e9fcd64aeeb777eb0382f7284a.png','http://www.hejun.com/','2018-07-17 11:32:57',63),(425,'中大咨询','中大咨询','images/Site/2018/07/17/7cbdae0ba7da4fb39648aee3c26892dc.png','http://www.mpgroup.cn/','2018-07-17 11:32:57',63),(426,'百度统计','百度统计','images/Site/2018/07/17/0f57522e697c4ef7a10d9a145ab20b62.png','http://tongji.baidu.com/','2018-07-17 11:35:31',64),(427,'百度指数','百度指数','images/Site/2018/07/17/110e6fd60651414d974f50f55f47ca47.png','http://index.baidu.com/','2018-07-17 11:35:31',64),(428,'友盟','友盟','images/Site/2018/07/17/0b90662c7ece4e72b87ef89b43a30f81.png','http://www.umeng.com/','2018-07-17 11:35:31',64),(429,'腾讯罗盘','腾讯罗盘','images/Site/2018/07/17/005a4c43fa8844fca1fbbe62befadbe9.png','http://compass.qq.com/','2018-07-17 11:35:31',64),(430,'微博指数','微博指数','images/Site/2018/07/17/edaac1b7d17c401bb5f08fa74bd06308.png','http://data.weibo.com/','2018-07-17 11:35:31',64),(431,'百度搜索热度','百度搜索热度','images/Site/2018/07/17/6901244b1b024f9696d6d129dd4f1fa2.png','http://top.baidu.com/','2018-07-17 11:35:31',64),(432,'推一把','推一把','images/Site/2018/07/17/3456f6718e9c474e8ad8d8284548ec91.png','http://www.tui18.com/','2018-07-17 11:37:06',65),(433,'阿里学院','阿里学院','images/Site/2018/07/17/bf925bd35b2048a1be3349a9c7c432e5.png','https://daxue.taobao.com/','2018-07-17 11:37:06',65),(434,'网络广告社区','网络广告社区','images/Site/2018/07/17/3383920732054c609a779897c0ddd7a4.png','http://iwebad.com/','2018-07-17 11:37:06',65),(435,'第一营销网','第一营销网','images/Site/2018/07/17/1b20a468179b4fc0a20d9bfc25788c2c.png','http://www.cmmo.cn/','2018-07-17 11:37:06',65),(436,'成功营销','成功营销','images/Site/2018/07/17/32fbad476da346ee845bc84d694fa6b3.png','http://www.vmarketing.cn/','2018-07-17 11:37:06',65),(437,'中国营销网','中国营销网','images/Site/2018/07/17/8118e6c56ce347e4913bf702f2da23c6.png','http://www.hizcn.com/','2018-07-17 11:37:06',65),(438,'百度联盟','百度联盟','images/Site/2018/07/17/6224d94af48e4c1abcc4fe504474f786.png','http://union.baidu.com/','2018-07-17 11:38:29',66),(439,'阿里妈妈','阿里妈妈','images/Site/2018/07/17/bf925bd35b2048a1be3349a9c7c432e5_eZmkPgc.png','http://www.alimama.com/','2018-07-17 11:38:29',66),(440,'腾讯联盟','腾讯联盟','images/Site/2018/07/17/005a4c43fa8844fca1fbbe62befadbe9_md76Yax.png','http://e.qq.com/','2018-07-17 11:38:29',66),(441,'多盟','多盟','images/Site/2018/07/17/3456f6718e9c474e8ad8d8284548ec91_l6ZVCkk.png','http://www.domob.cn/','2018-07-17 11:38:29',66),(442,'有米','有米','images/Site/2018/07/17/7392539f9e1b41d893558b8fc20674b4.png','https://www.youmi.net/','2018-07-17 11:38:29',66),(443,'亿动','亿动','images/Site/2018/07/17/8370dcecbf68407ab1551fc669e6d4c2.png','http://www.madhouse.cn/','2018-07-17 11:38:29',66),(444,'腾讯开放平台','腾讯开放平台','images/Site/2018/07/17/bde2b02e453f4ffab5fc3eabb9881ce3.png','http://open.qq.com/','2018-07-17 14:37:50',67),(445,'微博开放平台','微博开放平台','images/Site/2018/07/17/edaac1b7d17c401bb5f08fa74bd06308_2aiDA1N.png','http://open.weibo.com/','2018-07-17 14:37:50',67),(446,'微信公众平台','微信公众平台','images/Site/2018/07/17/793c218cd84c472baac7045b867a43bf.png','https://mp.weixin.qq.com/','2018-07-17 14:37:50',67),(447,'淘宝开放平台','淘宝开放平台','images/Site/2018/07/17/bf29834de62441fd972ff3b82701b5cd.png','http://open.taobao.com/','2018-07-17 14:37:50',67),(448,'百度开放平台','百度开放平台','images/Site/2018/07/17/6224d94af48e4c1abcc4fe504474f786_t52QYMO.png','http://open.baidu.com/','2018-07-17 14:37:50',67),(449,'微信开放平台','微信开放平台','images/Site/2018/07/17/793c218cd84c472baac7045b867a43bf_Tg9JdBb.png','https://open.weixin.qq.com/','2018-07-17 14:37:50',67),(450,'爱运营','爱运营','images/Site/2018/07/17/11e7d2cf2a7744bd9963f82dd5ef7499.png','http://www.iyunying.org/','2018-07-17 14:42:14',68),(451,'运营者','运营者','images/Site/2018/07/17/6303da91d0fe4ceeb5d064609ace102d.png','http://www.yunyingzhe.com/','2018-07-17 14:42:14',68),(452,'淘宝运营','淘宝运营','images/Site/2018/07/17/cf78b23388a743ebb21c788b7c062c15.png','http://www.taobaots.com/','2018-07-17 14:42:14',68),(453,'运营之家','运营之家','images/Site/2018/07/17/fd1734fb28dc4d1cab0e35274b2cd1f2.png','http://www.deolv.com/','2018-07-17 14:42:14',68),(454,'运营喵','运营喵','images/Site/2018/07/17/cc321498da0d4cce8e5965de57975497.png','http://www.yunyingmiao.com/','2018-07-17 14:42:14',68),(455,'运营人','运营人','images/Site/2018/07/17/306cfe64ed0e4808940b42c00a05993a.png','http://tem365.com/','2018-07-17 14:42:14',68),(456,'爱范儿','爱范儿','images/Site/2018/07/17/477372e7f809428587a2f2f95807e47c.png','http://www.ifanr.com/','2018-07-17 14:43:53',69),(457,'虎嗅','虎嗅','images/Site/2018/07/17/9c41d2a2d35c45c585a47693f9506a2a.png','http://www.yunyingzhe.com/','2018-07-17 14:43:53',69),(458,'钛媒体','钛媒体','images/Site/2018/07/17/3fd5d91e508245719a8195b3a7510b7a.png','http://www.taobaots.com/','2018-07-17 14:43:53',69),(459,'极客公园','极客公园','images/Site/2018/07/17/79102388468c4c5aa69065416d95fe57.png','http://www.deolv.com/','2018-07-17 14:43:53',69),(460,'36kr','36kr','images/Site/2018/07/17/d45a40e188c943179a05a7ea06d7ae36.png','http://www.yunyingmiao.com/','2018-07-17 14:43:53',69),(461,'雷锋网','雷锋网','images/Site/2018/07/17/bb9ff7b63e88407b88cc9b61e41112b7.png','http://tem365.com/','2018-07-17 14:43:53',69),(462,'SEO研究中心','SEO研究中心','images/Site/2018/07/17/7935a1508c9e42728acb922b8413a823.png','http://bbs.moonseo.cn/','2018-07-17 14:45:31',70),(463,'SEO查询','SEO查询','images/Site/2018/07/17/aedf204657774b199f470e5ec8eeafe3.png','http://seo.chinaz.com/','2018-07-17 14:45:31',70),(464,'搜外网','搜外网','images/Site/2018/07/17/57bbe868e1534959b0156f52b50e5fab.png','http://www.seowhy.com/','2018-07-17 14:45:31',70),(465,'学SEO','学SEO','images/Site/2018/07/17/9872dbae52fa42238ea8dade1462288d.png','http://www.xueseo.com/','2018-07-17 14:45:31',70),(466,'每日一贴','每日一贴','images/Site/2018/07/17/d967d4c743b8420197f4183dc67f0385.png','http://www.seozac.com/','2018-07-17 14:45:31',70),(467,'SEO自学网','SEO自学网','images/Site/2018/07/17/3456f6718e9c474e8ad8d8284548ec91_kFcFbSO.png','http://www.seozixuewang.com/','2018-07-17 14:45:31',70),(468,'二维码生成','二维码生成','images/Site/2018/07/17/8778f0cdad59410f9547422f0003cdd8.png','http://cli.im/','2018-07-17 14:47:13',71),(469,'微信编辑器','微信编辑器','images/Site/2018/07/17/52138d3d96764f6e9273651e4bd4407e.png','http://www.wxeditor.com/','2018-07-17 14:47:13',71),(470,'在线PS','在线PS','images/Site/2018/07/17/5c2292df727d4993a2922e3c0dc6cc92.png','http://www.uupoop.com/','2018-07-17 14:47:13',71),(471,'站长工具','站长工具','images/Site/2018/07/17/aedf204657774b199f470e5ec8eeafe3_ELurDNb.png','http://tool.chinaz.com/','2018-07-17 14:47:13',71),(472,'在线自动排版','在线自动排版','images/Site/2018/07/17/a597f6f6e0aa41419dbe77cb2a1453ec.png','http://p.haoii123.com/','2018-07-17 14:47:13',71),(473,'在线工具大全','在线工具大全','images/Site/2018/07/17/a597f6f6e0aa41419dbe77cb2a1453ec_AN60AzA.png','http://www.51240.com/','2018-07-17 14:47:13',71),(474,'创业邦','创业邦','images/Site/2018/07/17/e8a5f57b4eda48dc840b67cfafc26cd3.png','http://www.cyzone.cn/','2018-07-17 14:50:24',72),(475,'专利查询','专利查询','images/Site/2018/07/17/fa3e5914e7474f8ba1e47ff78fcd4420.png','http://www.pss-system.gov.cn/sipopublicsearch/portal/index.shtml','2018-07-17 14:50:24',72),(476,'企业信息查询','企业信息查询','images/Site/2018/07/17/46f3ebb2d96047179cca0a478f05d4c3.png','http://www.gsxt.gov.cn/','2018-07-17 14:50:24',72),(477,'商标查询注册','商标查询注册','images/Site/2018/07/17/6d0d7c656feb4e5fb03af365a70b13ef.png','http://sbj.saic.gov.cn/','2018-07-17 14:50:24',72),(478,'企业在线注册','企业在线注册','images/Site/2018/07/17/6d0d7c656feb4e5fb03af365a70b13ef_AaYuYSS.png','http://wsdj.saic.gov.cn/saicetpsweb/jsp/login/login1.jsp','2018-07-17 14:50:24',72),(479,'工信部','工信部','images/Site/2018/07/17/1336adaff0d14c9ca260d96de55ea710.png','http://www.miibeian.gov.cn/state/outPortal/loginPortal.action','2018-07-17 14:50:24',72),(480,'阿里学院','阿里学院','images/Site/2018/07/17/409c37af1d644ad19f49dbbd8a09fcff.png','https://daxue.taobao.com/','2018-07-17 14:52:00',73),(481,'推一把','推一把','images/Site/2018/07/17/a373b7850cc54536a36de3be80ec8b59.png','http://www.tui18.com/','2018-07-17 14:52:00',73),(482,'网络广告社区','网络广告社区','images/Site/2018/07/17/d88d2e0ccc8a428eb569c3acad59f250.png','http://iwebad.com/','2018-07-17 14:52:00',73),(483,'第一营销网','第一营销网','images/Site/2018/07/17/c622ec06c287408995c66e01abecc72e.png','http://www.cmmo.cn/','2018-07-17 14:52:00',73),(484,'成功营销','第一营销网','images/Site/2018/07/17/a13777cbb3a5472fa20cbf3f586f8b20.png','http://www.vmarketing.cn/','2018-07-17 14:52:00',73),(485,'中国营销网','中国营销网','images/Site/2018/07/17/1f3114e0c0c7439782816b002c10cb3f.png','http://www.hizcn.com/','2018-07-17 14:52:00',73),(486,'互动吧','互动吧','images/Site/2018/07/17/d078912b9ee244d2b6ba0646baee0d3e.png','http://www.hdb.com/','2018-07-17 14:53:54',74),(487,'活动行','活动行','images/Site/2018/07/17/e46a93a2a5094448b917132573ffa36c.png','http://www.huodongxing.com/','2018-07-17 14:53:54',74),(488,'会鸽','会鸽','images/Site/2018/07/17/565cc5abd9d3483ead969e2e0f2c54bc.png','http://www.eventdove.com/index.html','2018-07-17 14:53:54',74),(489,'活动家','活动家','images/Site/2018/07/17/7748a9d78999464091be245e88edf878.png','http://www.huodongjia.com/it/','2018-07-17 14:53:54',74),(490,'推酷活动','推酷活动','images/Site/2018/07/17/5fb1562a5c93474b9ec137a0e010c4b1.png','http://huodong.tuicool.com/','2018-07-17 14:53:54',74),(491,'懒汉互联','懒汉互联','images/Site/2018/07/17/f69b37ea977f4eaabaa562ee3570af7a.png','http://www.lanhan.cn/hdrl/','2018-07-17 14:53:54',74),(492,'创新工场','创新工场','images/Site/2018/07/17/bfc35eea7efc496989500289a81fb231.png','http://www.chuangxin.com/','2018-07-17 14:55:44',75),(493,'腾讯众创空间','腾讯众创空间','images/Site/2018/07/17/63b017a74ca84038b7a21e3fd29a7c98.png','http://zc.open.qq.com/base/index','2018-07-17 14:55:44',75),(494,'洪泰创新空间','洪泰创新空间','images/Site/2018/07/17/238a328c97994a53bdda132105b123b6.png','http://www.htnewspace.cn/','2018-07-17 14:55:44',75),(495,'创业邦孵化器','创业邦孵化器','images/Site/2018/07/17/a3043eb626ca4c728179dfc9ad54a5f7.png','http://www.cyzone.cn/incubator-1.html','2018-07-17 14:55:44',75),(496,'中关村孵化园','中关村孵化园','images/Site/2018/07/17/fa490182346948fcb2ccfe4704e3e822.png','http://incubase.net/','2018-07-17 14:55:44',75),(497,'深圳孵化器','深圳孵化器','images/Site/2018/07/17/1a67be236f8f4ac7aeb5ee6dd8e80135.png','http://www.szsbi.org.cn/index1.asp','2018-07-17 14:55:44',75),(498,'36kr','36kr','images/Site/2018/07/17/2c9ae00c17164780896946af5fb9a34f.png','http://36kr.com/','2018-07-17 14:57:26',76),(499,'天使汇','天使汇','images/Site/2018/07/17/28963c4d0550490e8896dcfda883ebf8.png','http://angelcrunch.com/','2018-07-17 14:57:26',76),(500,'投融界','投融界','images/Site/2018/07/17/810cf65a448343f6a0aa1251044cddbc.png','http://www.trjcn.com/','2018-07-17 14:57:26',76),(501,'创投圈','创投圈','images/Site/2018/07/17/03446df82bc44341a4ac67b27eb8ef86.png','https://www.vc.cn/','2018-07-17 14:57:26',76),(502,'黑马','黑马','images/Site/2018/07/17/8ff87e0951e94836b5d9dc8494fb6394.png','http://www.iheima.com/','2018-07-17 14:57:26',76),(503,'苏河汇','苏河汇','images/Site/2018/07/17/6a858021412e4453a42d06ee9c9e884f.png','http://suhehui.com/','2018-07-17 14:57:26',76),(504,'爱范儿','爱范儿','images/Site/2018/07/17/77ef7574e8c745fca1cd7fb9bece2cbc.png','http://www.ifanr.com/','2018-07-17 14:58:39',77),(505,'虎嗅','虎嗅','images/Site/2018/07/17/7d53c3d04d974099bf1dd9cbb8a91575.png','https://www.huxiu.com/','2018-07-17 14:58:39',77),(506,'钛媒体','钛媒体','images/Site/2018/07/17/dd05769baa764d69a3c9c3f538d59b5f.png','http://www.tmtpost.com/','2018-07-17 14:58:39',77),(507,'极客公园','极客公园','images/Site/2018/07/17/59ae966b7a064e4986fe71e407a607a8.png','http://www.geekpark.net/','2018-07-17 14:58:39',77),(508,'36kr','36kr','images/Site/2018/07/17/2c9ae00c17164780896946af5fb9a34f_Hf0HyJj.png','http://36kr.com/','2018-07-17 14:58:39',77),(509,'智联','智联','images/Site/2018/07/17/60429014299444299dbc1521d8768e34.png','http://www.zhaopin.com/','2018-07-17 15:00:25',78),(510,'猎聘','猎聘','images/Site/2018/07/17/e9479a0df4af46668acb41835145a991.png','https://www.liepin.com/','2018-07-17 15:00:25',78),(511,'前程无忧','前程无忧','images/Site/2018/07/17/a3886febeb154e0b8b4597412cffef74.png','http://www.51job.com/','2018-07-17 15:00:25',78),(512,'赶集','赶集','images/Site/2018/07/17/a4f22ef3ee834801bb48111065147e6b.png','http://www.ganji.com/zhaopin/','2018-07-17 15:00:25',78),(513,'大街','大街','images/Site/2018/07/17/8ab8affc7e4040d9b4756c9d2b63b544.png','https://www.dajie.com/','2018-07-17 15:00:25',78),(514,'拉钩','拉钩','images/Site/2018/07/17/d9e12fdb87854fe7850ac2d7e4287da3.png','https://www.lagou.com/','2018-07-17 15:00:25',78),(515,'京东众筹','京东众筹','images/Site/2018/07/17/156624f786824d15a06d80d16c3dd237.png','https://z.jd.com/','2018-07-17 15:02:06',79),(516,'淘宝众筹','淘宝众筹','images/Site/2018/07/17/71584375d41d4d5087b5de6e3f3e780c.png','https://izhongchou.taobao.com/','2018-07-17 15:02:06',79),(517,'点名时间','点名时间','images/Site/2018/07/17/47adc609f00a4947b2c7b48a730823c2.png','http://www.demohour.com/','2018-07-17 15:02:06',79),(518,'开始众筹','开始众筹','images/Site/2018/07/17/0bc3ffdc6d79452cb2881ed8d7b77900.png','http://www.kaistart.com/','2018-07-17 15:02:06',79),(519,'众筹网','众筹网','images/Site/2018/07/17/4449687058444a62be479a0831596a51.png','http://www.zhongchou.com/','2018-07-17 15:02:06',79),(520,'摩点网','摩点网','images/Site/2018/07/17/cd9ec555480c47ba90ec0861a80f9d35.png','https://www.modian.com/','2018-07-17 15:02:06',79),(521,'猪八戒','猪八戒','images/Site/2018/07/17/5d0aa91dfa9f4246a29e9169d33053b7.png','http://www.zbj.com/','2018-07-17 15:03:34',80),(522,'一品威客','一品威客','images/Site/2018/07/17/250384c92e964a22b9b1d106cf62cbc6.png','http://www.epwk.com/','2018-07-17 15:03:34',80),(523,'智城','智城','images/Site/2018/07/17/7e20fbadad6a47b6a77bc9fac3f3f467.png','http://taskcity.com/','2018-07-17 15:03:34',80),(524,'威客中国','威客中国','images/Site/2018/07/17/a299d16b0092473b88d56788defc16e1.png','http://www.vikecn.com/','2018-07-17 15:03:34',80),(525,'任务中国','任务中国','images/Site/2018/07/17/a373b7850cc54536a36de3be80ec8b59_g1g9WbT.png','http://www.taskcn.com/','2018-07-17 15:03:34',80),(526,'创易网','创易网','images/Site/2018/07/17/a3043eb626ca4c728179dfc9ad54a5f7_4v0RTmX.png','http://www.toidea.com/','2018-07-17 15:03:34',80),(527,'开发者-中文','开发者-中文','images/Site/2018/07/17/0d8cc6b9238a4cd89b507cf0a089a42e.png','https://developers.google.cn/','2018-07-17 15:06:54',81),(528,'开发者-英文','开发者-英文','images/Site/2018/07/17/6c7666d0d7874d56bebe388bddf8b5b4.png','http://developer.android.com/','2018-07-17 15:06:54',81),(529,'Android官网','Android官网','images/Site/2018/07/17/45ca77201b504f7eb226f945666c6336.png','https://www.android.com/','2018-07-17 15:06:54',81),(530,'中文文档','中文文档','images/Site/2018/07/17/134ed38794b84b05bddf22d82c9afbb3.png','https://developer.android.google.cn/guide/','2018-07-17 15:06:54',81),(531,'英文文档','英文文档','images/Site/2018/07/17/b6a2ea6c209041f190642e2aabd3e3db.png','https://developer.android.com/reference/org/w3c/dom/Document.html','2018-07-17 15:06:54',81),(532,'GooglePlay','GooglePlay','images/Site/2018/07/17/65016f2606164fb9b3dc0266b66a5a2d.png','https://play.google.com/','2018-07-17 15:06:54',81),(533,'ApkBus','ApkBus','images/Site/2018/07/17/e889909da027455eb2509d43fc150ecc.png','http://www.apkbus.com/','2018-07-17 15:09:06',82),(534,'eoe','eoe','images/Site/2018/07/17/14238d76c4324732b780d7d253ab53a8.png','http://www.eoeandroid.com/','2018-07-17 15:09:06',82),(535,'stackoverflow','stackoverflow','images/Site/2018/07/17/df72d61e319b4ee79bdc22a256ca1132.png','http://stackoverflow.com/','2018-07-17 15:09:06',82),(536,'AS中文社区','AS中文社区','images/Site/2018/07/17/6a2126e3ca364a349a4641774b47037d.png','http://www.android-studio.org/','2018-07-17 15:09:06',82),(537,'AS论坛','AS论坛','images/Site/2018/07/17/8366c3c66d864e8aa5b95c83a6537fab.png','http://forum.android-studio.org/','2018-07-17 15:09:06',82),(538,'segmentfault','segmentfault','images/Site/2018/07/17/2d53371319954a7fa65e4c714a8a77e0.png','https://segmentfault.com/t/android','2018-07-17 15:09:06',82),(539,'AndroidStudio','AndroidStudio','images/Site/2018/07/17/6a2126e3ca364a349a4641774b47037d_QM4FD7j.png','https://developer.android.google.cn/studio/','2018-07-17 15:10:29',83),(540,'SQLiteExpert','SQLiteExpert','images/Site/2018/07/17/a279d8f110db47cd9606dbd6b0f53dde.png','http://www.sqliteexpert.com/','2018-07-17 15:10:29',83),(541,'Genymotion','Genymotion','images/Site/2018/07/17/2279f49269524a7d9ae915da3d1b6853.png','http://www.genymotion.net/','2018-07-17 15:10:29',83),(542,'AssetStudio','AssetStudio','images/Site/2018/07/17/039ee182ab8044029ab2950f9a0789ac.png','http://romannurik.github.io/AndroidAssetStudio/','2018-07-17 15:10:29',83),(543,'OkHttp','OkHttp','images/Site/2018/07/17/2c8d44d23eb5423291742c80cba222be.png','https://github.com/square/okhttp','2018-07-17 15:12:08',84),(544,'Volley','Volley','images/Site/2018/07/17/3bc40e1f40624415a0252ac1b79bcb35.png','https://github.com/mcxiaoke/android-volley','2018-07-17 15:12:08',84),(545,'xUtils3','xUtils3','images/Site/2018/07/17/4b948d257d554b7f80a3d757884d4681.png','https://github.com/wyouflf/xUtils3','2018-07-17 15:12:08',84),(546,'Retrofit','Retrofit','images/Site/2018/07/17/4db904e202dc46f0a3b60ef05251b6f5.png','https://github.com/square/retrofit','2018-07-17 15:12:08',84),(547,'Retrofit','Retrofit','images/Site/2018/07/17/4e16639036d644d1af8a51a2f918592a.png','https://github.com/yangfuhai/afinal','2018-07-17 15:12:08',84),(548,'AsyncHttp','AsyncHttp','images/Site/2018/07/17/6a0da2bc96cd4fc39d748555e45416a5.png','https://github.com/loopj/android-async-http','2018-07-17 15:12:08',84),(549,'UIL','UIL','images/Site/2018/07/17/87595eaca6564a79a80e10ac1b8317bd.png','https://github.com/nostra13/Android-Universal-Image-Loader','2018-07-17 15:13:48',85),(550,'Glide','Glide','images/Site/2018/07/17/28e0d56e8e5c4815b9f34ce89d1dee23.png','https://github.com/bumptech/glide','2018-07-17 15:13:48',85),(551,'Picasso','Picasso','images/Site/2018/07/17/57c3451f799144b1ba7ddf159538160f.png','https://github.com/square/picasso','2018-07-17 15:13:48',85),(552,'GpuImage','GpuImage','images/Site/2018/07/17/09abc5a30df648098216f276656c5c7d.png','https://github.com/CyberAgent/android-gpuimage','2018-07-17 15:13:48',85),(553,'Fresco','Fresco','images/Site/2018/07/17/9ce013d9539c4b5289e12425269e1736.png','https://github.com/facebook/fresco','2018-07-17 15:13:48',85),(554,'greenDAO','greenDAO','images/Site/2018/07/17/58cf247622724bf1963fd79e5c65c6d0.png','https://github.com/greenrobot/greenDAO','2018-07-17 15:15:27',86),(555,'OrmLite','OrmLite','images/Site/2018/07/17/84f3414d4e754535a7ee3eb5348ddd57.png','https://github.com/j256/ormlite-android','2018-07-17 15:15:27',86),(556,'Sugar','Sugar','images/Site/2018/07/17/89ad72b604104fa68709b5dda6934d86.png','https://github.com/chennaione/sugar','2018-07-17 15:15:27',86),(557,'ActiveAndroid','ActiveAndroid','images/Site/2018/07/17/490adf06c68043869821e42a01cacf0d.png','https://github.com/pardom/ActiveAndroid','2018-07-17 15:15:27',86),(558,'SQLBrite','SQLBrite','images/Site/2018/07/17/98e9332859254fdba4f965a138383b14.png','https://github.com/square/sqlbrite','2018-07-17 15:15:27',86),(559,'Realm','Realm','images/Site/2018/07/17/805dbc504b264a7887a136fd47f42da2.png','https://github.com/realm/realm-java','2018-07-17 15:15:27',86),(560,'Cordova','Cordova','images/Site/2018/07/17/693386eb3ce4486e839bc71c10c7172d.png','https://github.com/apache/cordova-android','2018-07-17 15:16:37',87),(561,'ionic','ionic','images/Site/2018/07/17/766227ce124e40aebb61332bf85d55d7.png','https://github.com/ionic-team/ionic','2018-07-17 15:16:37',87),(562,'Angular','Angular','images/Site/2018/07/17/6434252cad4f445d87a9190b5da688e9.png','https://github.com/mcasimir/mobile-angular-ui','2018-07-17 15:16:37',87),(563,'titanium','titanium','images/Site/2018/07/17/8839919d9448420187f93ea3bc14fffa.png','https://github.com/appcelerator/titanium_mobile','2018-07-17 15:16:37',87),(564,'butterknife','butterknife','images/Site/2018/07/17/0cd4908fea094548946071dd9be1993b.png','https://github.com/JakeWharton/butterknife','2018-07-17 15:17:44',88),(565,'Dagger','Dagger','images/Site/2018/07/17/3cc3c82bef3646dfaa9f0afb71aaf167.png','https://github.com/square/dagger','2018-07-17 15:17:44',88),(566,'AndroidAnnotations','AndroidAnnotations','images/Site/2018/07/17/cd6c2b0102bc4138ac5adabcff0a0c3f.png','https://github.com/androidannotations/androidannotations','2018-07-17 15:17:44',88),(567,'RoboGuice','RoboGuice','images/Site/2018/07/17/d3cc38562a1d4ac9a9dbbcfbb7fb3782.png','https://github.com/roboguice/roboguice','2018-07-17 15:17:44',88),(568,'WilliamChart','WilliamChart','images/Site/2018/07/17/a7106cb8a10b45cdb494368128932f76.png','https://github.com/diogobernardino/WilliamChart','2018-07-17 15:18:42',89),(569,'HelloCharts','HelloCharts','images/Site/2018/07/17/af75a2f6da3646598368b55a7073eb06.png','https://github.com/lecho/hellocharts-android','2018-07-17 15:18:42',89),(570,'MPAndroidChart','MPAndroidChart','images/Site/2018/07/17/b3cd980675a946a090a92dea152818fb.png','https://github.com/PhilJay/MPAndroidChart','2018-07-17 15:18:42',89),(571,'EventBus','EventBus','images/Site/2018/07/17/2c8d44d23eb5423291742c80cba222be_RNik7Tx.png','https://github.com/greenrobot/EventBus','2018-07-17 15:20:25',90),(572,'RxJava','RxJava','images/Site/2018/07/17/09abc5a30df648098216f276656c5c7d_XobIq0G.png','https://github.com/ReactiveX/RxJava','2018-07-17 15:20:25',90),(573,'LeakCanary','LeakCanary','images/Site/2018/07/17/98e9332859254fdba4f965a138383b14_6uJPwqP.png','https://github.com/square/leakcanary','2018-07-17 15:20:25',90),(574,'ACRA','ACRA','images/Site/2018/07/17/693386eb3ce4486e839bc71c10c7172d_kQnAizZ.png','https://github.com/ACRA/acra','2018-07-17 15:20:25',90),(575,'Stetho','Stetho','images/Site/2018/07/17/d3cc38562a1d4ac9a9dbbcfbb7fb3782_TwU4zei.png','https://github.com/facebook/stetho','2018-07-17 15:20:25',90),(576,'Mockito','Mockito','images/Site/2018/07/17/cd6c2b0102bc4138ac5adabcff0a0c3f_wEp7DzI.png','https://github.com/mockito/mockito','2018-07-17 15:20:25',90),(577,'开发者官网','开发者官网','images/Site/2018/07/17/42bbeae200974a368a139527ea18ec65.png','https://developer.apple.com/cn','2018-07-17 15:22:19',91),(578,'Xcode','Xcode','images/Site/2018/07/17/604c465b20514bcb94841579c4624ef3.png','https://developer.apple.com/cn/xcode','2018-07-17 15:22:19',91),(579,'Swift','Swift','images/Site/2018/07/17/6622d80e0787470f9b3fe7fb6b0d72af.png','https://developer.apple.com/swift','2018-07-17 15:22:19',91),(580,'API','API','images/Site/2018/07/17/b5f8df670d73444a8151ed6da8139301.png','https://developer.apple.com/documentation','2018-07-17 15:22:19',91),(581,'CocoaChina','CocoaChina','images/Site/2018/07/17/4e137a3e3c8a43b198e8ca5c4fe4c750.png','http://www.cocoachina.com/','2018-07-17 15:23:15',92),(582,'CodeIOS','CodeIOS','images/Site/2018/07/17/85331965cdbc418eb2b6b7d4a62f1d22.png','http://www.codeios.com/','2018-07-17 15:23:15',92),(583,'Code4App','Code4App','images/Site/2018/07/17/263e20600e9043baa5886d61871b8565.png','http://www.code4app.com/','2018-07-17 15:23:15',92),(584,'AFNetworking','AFNetworking','images/Site/2018/07/17/1a2bc13f7fa64ab79cf99bd890b5606a.png','https://github.com/AFNetworking/AFNetworking','2018-07-17 15:24:56',93),(585,'Alamofire','Alamofire','images/Site/2018/07/17/1ab9bc9ef3ae4c72bd4accb7d556d071.png','https://github.com/Alamofire/Alamofire','2018-07-17 15:24:56',93),(586,'YTKNetwork','YTKNetwork','images/Site/2018/07/17/2ad56024c546469ca98ac4f132f01428.png','https://github.com/yuantiku/YTKNetwork','2018-07-17 15:24:56',93),(587,'CocoaAsyncSocket','CocoaAsyncSocket','images/Site/2018/07/17/3af9db185b8441de819d5b2a88507dbc.png','https://github.com/robbiehanson/CocoaAsyncSocket','2018-07-17 15:24:56',93),(588,'socket.io-client-swi','socket.io-client-swift','images/Site/2018/07/17/3c8e5a5ae7ec4018b9ab45a730c6c8e2.png','https://github.com/socketio/socket.io-client-swift','2018-07-17 15:24:56',93),(589,'Networking','Networking','images/Site/2018/07/17/05afdea429214826a112a944e4e0cf5e.png','https://github.com/3lvis/Networking','2018-07-17 15:24:56',93),(590,'SDWebImage','SDWebImage','images/Site/2018/07/17/05afdea429214826a112a944e4e0cf5e_M23JYig.png','https://github.com/rs/SDWebImage','2018-07-17 15:26:37',94),(591,'Kingfisher','Kingfisher','images/Site/2018/07/17/5debd9d56b464045a5a4e480a45cd7bb.png','https://github.com/onevcat/Kingfisher','2018-07-17 15:26:37',94),(592,'KFSwiftImageLoader','KFSwiftImageLoader','images/Site/2018/07/17/6bc73cb67234489abb6e020130c65933.png','https://github.com/kiavashfaisali/KFSwiftImageLoader','2018-07-17 15:26:37',94),(593,'FastImageCache','FastImageCache','images/Site/2018/07/17/7a1c28fc27034ffebbfdb148da6141d0.png','https://github.com/path/FastImageCache','2018-07-17 15:26:37',94),(594,'EGOCache','EGOCache','images/Site/2018/07/17/8d74e01099b74d5a8b782de4bb88f0a5.png','https://github.com/enormego/EGOCache','2018-07-17 15:26:37',94),(595,'YYWebImage','YYWebImage','images/Site/2018/07/17/8eed0c7eaee54c009ab0a0ad05465ac0.png','https://github.com/ibireme/YYWebImage','2018-07-17 15:26:37',94),(596,'PNChart','PNChart','images/Site/2018/07/17/95c8d2207b934c5eb9bbe5e7b3b286cf.png','https://github.com/kevinzhow/PNChart','2018-07-17 15:28:28',95),(597,'Charts','Charts','images/Site/2018/07/17/120b13d0599b4cdcab0a87fc154a5e65.png','https://github.com/danielgindi/Charts','2018-07-17 15:28:28',95),(598,'TEAChart','TEAChart','images/Site/2018/07/17/469cca0041de4efcb5d373fb50160bd8.png','https://github.com/xhacker/TEAChart','2018-07-17 15:28:28',95),(599,'XYPieChart','XYPieChart','images/Site/2018/07/17/941b3b36a9854968ab21b101a61a44c7.png','https://github.com/xyfeng/XYPieChart','2018-07-17 15:28:28',95),(600,'ScrollableGraphView','ScrollableGraphView','images/Site/2018/07/17/1193b23cf79b46dfab6bbaf3bb2d6d24.png','https://github.com/philackm/ScrollableGraphView','2018-07-17 15:28:28',95),(601,'swift-linechart','swift-linechart','images/Site/2018/07/17/4670f4b5092547c0a32a911c48291adb.png','https://github.com/zemirco/swift-linechart','2018-07-17 15:28:28',95),(602,'fmdb','fmdb','images/Site/2018/07/17/45275eb8edd849da9781418ec8bd6b6c.png','https://github.com/ccgus/fmdb','2018-07-17 15:30:06',96),(603,'realm-cocoa','realm-cocoa','images/Site/2018/07/17/a0ae8a9808414d8586579a69edc7e769.png','https://github.com/realm/realm-cocoa','2018-07-17 15:30:06',96),(604,'SQLcipher','SQLcipher','images/Site/2018/07/17/a7f4ec96dae64699ab599830a655d3b7.png','https://github.com/sqlcipher/sqlcipher','2018-07-17 15:30:06',96),(605,'SQLite.swift','SQLite.swift','images/Site/2018/07/17/a38ba66f94034fd9a9795097530a35bf.png','https://github.com/stephencelis/SQLite.swift','2018-07-17 15:30:06',96),(606,'Graph','Graph','images/Site/2018/07/17/b827bf5301524ebaba195e24b7e5cd2e.png','https://github.com/CosmicMind/Graph','2018-07-17 15:30:06',96),(607,'SwiftyDB','SwiftyDB','images/Site/2018/07/17/a08dbc42e50c4b7db2cfc88e459b5c7b.png','http://www.appcoda.com/swiftydb','2018-07-17 15:30:06',96),(608,'cordova','cordova','images/Site/2018/07/17/bd40c6730b3c4eb7a2144cb87e715b83.png','https://github.com/apache/cordova-ios','2018-07-17 15:31:12',97),(609,'ionic','ionic','images/Site/2018/07/17/7126d67956a94257ba56638ff8b6d0c1.png','https://github.com/ionic-team/ionic','2018-07-17 15:31:12',97),(610,'angular','angular','images/Site/2018/07/17/81b48eb98df2433296ccd16c5c4cd7e9.png','https://github.com/mcasimir/mobile-angular-ui','2018-07-17 15:31:12',97),(611,'titanium','titanium','images/Site/2018/07/17/7a1c28fc27034ffebbfdb148da6141d0_rVQwInR.png','https://github.com/appcelerator/titanium_mobile','2018-07-17 15:31:12',97),(612,'ReactiveCocoa','ReactiveCocoa','images/Site/2018/07/17/c7ccb15bb78d4c93b277b50af2f5ed68.png','https://github.com/ReactiveCocoa/ReactiveCocoa','2018-07-17 15:32:49',98),(613,'RxSwift','RxSwift','images/Site/2018/07/17/c72761930bc74fd291a2f6927bea80e8.png','https://github.com/ReactiveX/RxSwift','2018-07-17 15:32:49',98),(614,'Permission','Permission','images/Site/2018/07/17/cb965d39746c43608521a44ba85e5389.png','https://github.com/delba/Permission','2018-07-17 15:32:49',98),(615,'BeeFramework','BeeFramework','images/Site/2018/07/17/d5c13ba63df543d19ab45c8e85899a0f.png','https://github.com/gavinkwoe/BeeFramework','2018-07-17 15:32:49',98),(616,'MVVMFramework','MVVMFramework','images/Site/2018/07/17/d16e9a08b06d4ff8ba838ee38d464d23.png','https://github.com/lovemo/MVVMFramework','2018-07-17 15:32:49',98),(617,'HeapInspector','HeapInspector','images/Site/2018/07/17/ffdb82c9b06b4f77b7ccf37ad26a6e63.png','https://github.com/tapwork/HeapInspector-for-iOS','2018-07-17 15:34:27',99),(618,'CleanroomLogger','CleanroomLogger','images/Site/2018/07/17/fcc7737b42bf45019468f14baf34a8d1.png','https://github.com/emaloney/CleanroomLogger','2018-07-17 15:34:27',99),(619,'FBMemoryProfiler','FBMemoryProfiler','images/Site/2018/07/17/f569568eacf74f1ea41cbae05b9374ab.png','https://github.com/facebook/FBMemoryProfiler','2018-07-17 15:34:27',99),(620,'Peek','Peek','images/Site/2018/07/17/f3da8de3bf3e43c69f76f63a61bde415.png','https://github.com/shaps80/Peek','2018-07-17 15:34:27',99),(621,'specta','specta','images/Site/2018/07/17/edc1d6079f694f8e93e42d01e84f54a3.png','https://github.com/specta/specta','2018-07-17 15:34:27',99),(622,'KMCGeigerCounter','KMCGeigerCounter','images/Site/2018/07/17/eb4f81a10bca4210b085740151edf7de.png','https://github.com/kconner/KMCGeigerCounter','2018-07-17 15:34:27',99),(623,'MJRefresh','MJRefresh','images/Site/2018/07/17/c7ccb15bb78d4c93b277b50af2f5ed68_F0fL65U.png','https://github.com/CoderMJLee/MJRefresh','2018-07-17 15:36:02',100),(624,'Masonry','Masonry','images/Site/2018/07/17/c72761930bc74fd291a2f6927bea80e8_GgrD1HN.png','https://github.com/SnapKit/Masonry','2018-07-17 15:36:02',100),(625,'PureLayout','PureLayout','images/Site/2018/07/17/cb965d39746c43608521a44ba85e5389_JuY1rcN.png','https://github.com/PureLayout/PureLayout','2018-07-17 15:36:02',100),(626,'YYText','YYText','images/Site/2018/07/17/d5c13ba63df543d19ab45c8e85899a0f_rXp8rlj.png','https://github.com/ibireme/YYText','2018-07-17 15:36:02',100),(627,'MBProgressHUD','MBProgressHUD','images/Site/2018/07/17/d16e9a08b06d4ff8ba838ee38d464d23_HolEWU3.png','https://github.com/jdg/MBProgressHUD','2018-07-17 15:36:02',100),(628,'AwesomeMenu','AwesomeMenu','images/Site/2018/07/17/e629f332928e4369b01ae1025bb8a673.png','https://github.com/levey/AwesomeMenu','2018-07-17 15:36:02',100),(629,'Java官网','Java官网','images/Site/2018/07/17/0a3613e26f5d4029a6813f23eecf82d9.png','http://www.oracle.com/technetwork/java/','2018-07-17 15:37:53',101),(630,'JDK','JDK','images/Site/2018/07/17/0a3613e26f5d4029a6813f23eecf82d9_2QF6Eca.png','http://www.oracle.com/technetwork/java/javase/downloads/','2018-07-17 15:37:53',101),(631,'API','API','images/Site/2018/07/17/0a3613e26f5d4029a6813f23eecf82d9_pfPdeOq.png','http://www.oracle.com/technetwork/java/api-141528.html','2018-07-17 15:37:53',101),(632,'中文API','中文API','images/Site/2018/07/17/0a3613e26f5d4029a6813f23eecf82d9_s4xClG1.png','http://tool.oschina.net/apidocs/apidoc?api=jdk-zh','2018-07-17 15:37:53',101),(633,'stackoverflow','stackoverflow','images/Site/2018/07/17/6a620b36662b467ab8be428869dcce59.png','http://stackoverflow.com/','2018-07-17 15:38:50',102),(634,'segmentfault','segmentfault','images/Site/2018/07/17/f2015559b6c745848e333aecce132875.png','https://segmentfault.com/t/java','2018-07-17 15:38:50',102),(635,'JAVA中文站','JAVA中文站','images/Site/2018/07/17/bc791201aa2142e09ad9b77e5e6335be.png','http://www.java-cn.com/','2018-07-17 15:38:50',102),(636,'Struts','Struts','images/Site/2018/07/17/f646c0d7082b4969bea974e45a7571c5.png','http://struts.apache.org/','2018-07-17 15:40:15',103),(637,'Hibernate','Hibernate','images/Site/2018/07/17/6bf2117d443f4e749f2b3e3d612aab32.png','http://hibernate.org/','2018-07-17 15:40:15',103),(638,'Spring','Spring','images/Site/2018/07/17/8a964c0384aa4608a0567d03778baa93.png','http://spring.io/','2018-07-17 15:40:15',103),(639,'MyBatis','MyBatis','images/Site/2018/07/17/abb6469bbe51492dbe826e7ca0b7a3fe.png','http://www.mybatis.org/mybatis-3/','2018-07-17 15:40:15',103),(640,'Quartz','Quartz','images/Site/2018/07/17/d23502d8bd81470e920218408fa18619.png','http://www.quartz-scheduler.org/','2018-07-17 15:40:15',103),(641,'Eclipse','Eclipse','images/Site/2018/07/17/a768d30cdf4746bc8822b4ffc2c3405e.png','http://www.eclipse.org/downloads/','2018-07-17 15:42:02',104),(642,'MyEclipse','MyEclipse','images/Site/2018/07/17/ffe9322aa128400fa591590f0ccf581c.png','http://www.myeclipsecn.com/','2018-07-17 15:42:02',104),(643,'NaviCat','NaviCat','images/Site/2018/07/17/cbcd1362947f455bb5dcae827327d820.png','https://www.navicat.com.cn/','2018-07-17 15:42:02',104),(644,'PLSQL','PLSQL','images/Site/2018/07/17/5f72ec8f597b4003aae79a16c1e2a7b7.png','http://www.oracle.com/technetwork/database/features/plsql/','2018-07-17 15:42:02',104),(645,'Git','Git','images/Site/2018/07/17/f0fc789d5dae423c8278a28809cb67cd.png','https://git-scm.com/','2018-07-17 15:42:02',104),(646,'PowerDesigner','PowerDesigner','images/Site/2018/07/17/4081115b88164ab2a8ff975ac96463c4.png','http://powerdesigner.de/','2018-07-17 15:42:02',104),(647,'CSDN','CSDN','images/Site/2018/07/17/21993d7a03414e0cabfa710b7ce2b0fe.png','http://www.csdn.net/','2018-07-17 15:43:41',105),(648,'51CTO','51CTO','images/Site/2018/07/17/f161ee773bb74c899983b37f7b9d0eef.png','http://www.51cto.com/','2018-07-17 15:43:41',105),(649,'ITEYE','ITEYE','images/Site/2018/07/17/af1c6c7932ad488b87a69a350ab502a6.png','http://www.iteye.com/','2018-07-17 15:43:41',105),(650,'博客园','博客园','images/Site/2018/07/17/d9107c9b21c74aa0942d04e5a1025971.png','https://www.cnblogs.com/','2018-07-17 15:43:41',105),(651,'红黑联盟','红黑联盟','images/Site/2018/07/17/1650b74fbe784e339e6eb17791cbfd48.png','http://www.2cto.com/','2018-07-17 15:43:41',105),(652,'开源中国','开源中国','images/Site/2018/07/17/29dc212bf1f943ac825f704b7d3b4e9d.png','http://www.oschina.net/','2018-07-17 15:43:41',105),(653,'源码之家','源码之家','images/Site/2018/07/17/322ced3ced584ca2841a49141dacad81.png','http://www.mycodes.net/','2018-07-17 15:45:08',106),(654,'开源项目','开源项目','images/Site/2018/07/17/13bd55aefbeb4ba6a61db7e9907561f8.png','https://www.oschina.net/project','2018-07-17 15:45:08',106),(655,'Github','Github','images/Site/2018/07/17/3e8e92e452ea48c6accfd5058023069d.png','https://github.com/','2018-07-17 15:45:08',106),(656,'站长之家','站长之家','images/Site/2018/07/17/351c2c6ee5404889aca796159036ac45.png','http://down.chinaz.com/','2018-07-17 15:45:08',106),(657,'A5源码','A5源码','images/Site/2018/07/17/ed21855f7c4b44ad91fa87735247c358.png','http://down.admin5.com/','2018-07-17 15:45:08',106),(658,'慕课网','慕课网','images/Site/2018/07/17/70facf3bbac44a48b3166b07b68c5038.png','http://www.imooc.com/','2018-07-17 15:47:02',107),(659,'极客学院','极客学院','images/Site/2018/07/17/0b53fed67ddb484b88d153d5c8270ad2.png','http://www.jikexueyuan.com/','2018-07-17 15:47:02',107),(660,'黑马程序员','黑马程序员','images/Site/2018/07/17/fd375b06e6cb436184f4887581e8ff17.png','http://v.itcast.cn/','2018-07-17 15:47:02',107),(661,'多贝公开课','多贝公开课','images/Site/2018/07/17/602a58384d834f2489a125ccc4d69237.png','http://www.duobei.com/explore','2018-07-17 15:47:02',107),(662,'麦子学院','麦子学院','images/Site/2018/07/17/58ddcad3c4224b6fb3998a44d5db1c28.png','http://www.maiziedu.com/','2018-07-17 15:47:02',107),(663,'萌码','萌码','images/Site/2018/07/17/998991d23c4c4d5caa73f4fd6295b820.png','http://www.mengma.com/','2018-07-17 15:47:02',107),(664,'开源中国工具','开源中国工具','images/Site/2018/07/17/d31e84933b4f4209baf596d34ee3ef3f.png','http://tool.oschina.net/','2018-07-17 15:48:46',108),(665,'在线工具','在线工具','images/Site/2018/07/17/8c3e855308694294befe34486bce4537.png','http://tool.lu/','2018-07-17 15:48:46',108),(666,'ATool工具','ATool工具','images/Site/2018/07/17/0a36b80a4fab400c9cd1504dd8b5b3ed.png','http://www.atool.org/','2018-07-17 15:48:46',108),(667,'调色板','调色板','images/Site/2018/07/17/167158730a524acfb29f4f6b9f6ad15a.png','http://tool.chinaz.com/Tools/onlinecolor.aspx','2018-07-17 15:48:46',108),(668,'Json格式化','Json格式化','images/Site/2018/07/17/54c733998ad94e48ad0617f8512878be.png','http://www.sojson.com/','2018-07-17 15:48:46',108),(669,'正则表达式','正则表达式','images/Site/2018/07/17/8a68f09c6caf40b6b7e40cc5a503bdc3.png','http://tool.oschina.net/regex/','2018-07-17 15:48:46',108),(670,'MySQL','MySQL','images/Site/2018/07/17/125903737bf84abe819e7a1b11f388c2.png','http://www.mysql.com/','2018-07-17 15:50:34',109),(671,'Oracle','Oracle','images/Site/2018/07/17/8c221489ffce4f78b098842d34456a83.png','https://www.oracle.com/','2018-07-17 15:50:34',109),(672,'SQLServer','SQLServer','images/Site/2018/07/17/964baaaec2af46789f41dd2b50e73d01.png','https://www.microsoft.com/zh-cn/server-cloud/products/sql-server/','2018-07-17 15:50:34',109),(673,'mongoDB','mongoDB','images/Site/2018/07/17/c9ddee3605844f028ffdfd85d7da3964.png','https://www.mongodb.com/','2018-07-17 15:50:34',109),(674,'DB2','DB2','images/Site/2018/07/17/005464d33f774fe5b8f59f61c60a9889.png','http://www.ibm.com/analytics/us/en/technology/db2/','2018-07-17 15:50:34',109),(675,'SQLite','SQLite','images/Site/2018/07/17/49a8931dd6a04f8daacd5166f35748bc.png','https://www.sqlite.org/','2018-07-17 15:50:34',109),(676,'Tomcat','Tomcat','images/Site/2018/07/17/6de0ffb178414f179f484a8ac99bd3e4.png','http://tomcat.apache.org/','2018-07-17 15:52:32',110),(677,'Jetty','Jetty','images/Site/2018/07/17/a30d830253bc4b588768856ff589e579.png','http://www.eclipse.org/jetty/','2018-07-17 15:52:32',110),(678,'JBoss','JBoss','images/Site/2018/07/17/c4fc88650e57459298a024110d35f2bb.png','https://www.jboss.org/','2018-07-17 15:52:32',110),(679,'Glassfish','Glassfish','images/Site/2018/07/17/a4300f3b129c42ae9009c1d1a8f14cc4.png','https://glassfish.java.net/','2018-07-17 15:52:32',110),(680,'Weblogic','Weblogic','images/Site/2018/07/17/4621172b8eff41c5a7356cef68b2eb56.png','http://www.oracle.com/technetwork/middleware/weblogic','2018-07-17 15:52:32',110),(681,'Resin','Resin','images/Site/2018/07/17/bc791201aa2142e09ad9b77e5e6335be_FsMGTNa.png','http://caucho.com/','2018-07-17 15:52:32',110),(682,'凤凰历史','凤凰历史','images/Site/2018/07/17/c8efc1bea57b4e8d98d2e9fb89e0b50b.png','http://news.ifeng.com/history/','2018-07-17 15:55:33',194),(683,'腾讯历史','腾讯历史','images/Site/2018/07/17/6c66a654a8f545019d85c72e00963ea8.png','http://history.news.qq.com/','2018-07-17 15:55:33',194),(684,'历史网','历史网','images/Site/2018/07/17/bfc298d1d1e74098b40f39b2c8f6afda.png','http://www.lishi.com/','2018-07-17 15:55:33',194),(685,'看历史','看历史','images/Site/2018/07/17/577f235549ec4888a11b7c19e53cc58d.png','http://www.readlishi.com/','2018-07-17 15:55:33',194),(686,'历史春秋网','历史春秋网','images/Site/2018/07/17/360592e2087e4243b568e95956cd821f.png','http://www.lishichunqiu.com/','2018-07-17 15:55:33',194),(687,'讲历史','讲历史','images/Site/2018/07/17/8462d11635cd495e9b1e622ab820d875.png','http://www.jianglishi.cn/','2018-07-17 15:55:33',194),(688,'国家地理','国家地理','images/Site/2018/07/17/898fac6b41ba4881a8cacd457e1835bd.png','http://www.nationalgeographic.com.cn/','2018-07-17 15:57:07',195),(689,'图虫','图虫','images/Site/2018/07/17/10ceaea021894820a1d259e5340de7e7.png','https://tuchong.com/','2018-07-17 15:57:07',195),(690,'色影无忌','色影无忌','images/Site/2018/07/17/a56eb8f56c664bb3bfc0a8ea92cb9c62.png','http://ww.xitek.com/','2018-07-17 15:57:07',195),(691,'蜂鸟','蜂鸟','images/Site/2018/07/17/1412c0469164480d921d25f99d97158a.png','http://www.fengniao.com/','2018-07-17 15:57:07',195),(692,'Lofter','Lofter','images/Site/2018/07/17/31ac6448f4c14a3fb5f13cf35c4dec8e.png','http://www.lofter.com/','2018-07-17 15:57:07',195),(693,'摄影吧','摄影吧','images/Site/2018/07/17/a74e1be8b4c4486483227b4a92ed5055.png','http://www.sheying8.com/','2018-07-17 15:57:07',195),(694,'旗米拉','旗米拉','images/Site/2018/07/17/ce51f46e3cd54dcd9cd76c021223f141.png','http://bbs.taiwan123.cn/','2018-07-17 15:58:54',196),(695,'大公报','大公报','images/Site/2018/07/17/36b46a1555834afc9e23e7a70103d913.png','http://www.takungpao.com.hk/','2018-07-17 15:58:54',196),(696,'中国时报','中国时报','images/Site/2018/07/17/bf6a4b4b990c48a8915a4440a3e5ce0f.png','http://www.chinatimes.com/','2018-07-17 15:58:54',196),(697,'番薯藤','番薯藤','images/Site/2018/07/17/eb752c47eeb74bdebad2392f6705e108.png','http://www.yam.com/','2018-07-17 15:58:54',196),(698,'台湾网址大全','台湾网址大全','images/Site/2018/07/17/f0f5514140db49599d9861b07505444e.png','http://www.9900.com.tw/','2018-07-17 15:58:54',196),(699,'香港网址大全','香港网址大全','images/Site/2018/07/17/ca889c15d4d747b6ac120b4bd838df01.png','http://www.im123.com/','2018-07-17 15:58:54',196),(700,'映客直播','映客直播','images/Site/2018/07/17/3a8b0dc9255942fabe137cd68cb208c4.png','http://www.inke.cn/hotlive_list.html','2018-07-17 16:01:21',197),(701,'一直播','一直播','images/Site/2018/07/17/9383ec429f104303a3ad9f43b1648b53.png','http://yizhibo.com/','2018-07-17 16:01:21',197),(702,'YY直播','YY直播','images/Site/2018/07/17/ac602c09dded4cb998c84cf4bf7d5df1.png','http://www.yy.com/','2018-07-17 16:01:21',197),(703,'斗鱼直播','斗鱼直播','images/Site/2018/07/17/bd1447b1ebd5420c9e26dea228bcd03e.png','https://www.douyu.com/','2018-07-17 16:01:21',197),(704,'虎牙直播','虎牙直播','images/Site/2018/07/17/6e3eaa4fba3648d794b07fc956f0dce5.png','http://www.huya.com/','2018-07-17 16:01:21',197),(705,'花椒直播','花椒直播','images/Site/2018/07/17/d89770e9d77c4deb9c294c10d6d9ae89.png','http://www.huajiao.com/','2018-07-17 16:01:21',197),(706,'A站','A站','images/Site/2018/07/17/1649ab84fec343fe8f80837eae03d0c3.png','http://www.acfun.cn/','2018-07-17 16:02:50',198),(707,'B站','B站','images/Site/2018/07/17/e6157d35ff524422930c388f9f01d9af.png','http://www.bilibili.com/','2018-07-17 16:02:50',198),(708,'M站','M站','images/Site/2018/07/17/17aec5c6bb434bcdb74db31dc678c1ce.png','http://www.missevan.com/','2018-07-17 16:02:50',198),(709,'萌娘百科','萌娘百科','images/Site/2018/07/17/b53ea508db6747f7b0d0fa834232c432.png','https://zh.moegirl.org/Mainpage','2018-07-17 16:02:50',198),(710,'动漫之家','动漫之家','images/Site/2018/07/17/1e71cf71e9c248fc8418c6d7607a61c4.png','http://manhua.dmzj.com/','2018-07-17 16:02:50',198),(711,'半次元','半次元','images/Site/2018/07/17/b26d2166bd724f42b0e39e7038c4a471.png','http://bcy.net/start','2018-07-17 16:02:50',198),(712,'中国知网','中国知网','images/Site/2018/07/17/8ce170fe159d499f89fbae17ef992a19.png','http://www.cnki.net/','2018-07-17 16:04:42',199),(713,'国家图书馆','国家图书馆','images/Site/2018/07/17/dcef2d1561954e6fa8bfda9ca89503c1.png','http://www.nlc.gov.cn/','2018-07-17 16:04:42',199),(714,'中科院图书馆','中科院图书馆','images/Site/2018/07/17/594547b2dde8425d878e2f6857eff6fd.png','http://www.las.ac.cn/','2018-07-17 16:04:42',199),(715,'学术网站大全','学术网站大全','images/Site/2018/07/17/14c7b6dabef0478e834f66224de4c4db.png','http://kbs.cnki.net/','2018-07-17 16:04:42',199),(716,'谷歌学术镜像','谷歌学术镜像','images/Site/2018/07/17/609646a0e4664def8e5ec6d19a2e2397.png','http://dir.scmor.com/google/','2018-07-17 16:04:42',199),(717,'百度学术','百度学术','images/Site/2018/07/17/55f7a4329a3b45218068af02d305c862.png','http://xueshu.baidu.com/','2018-07-17 16:04:42',199),(718,'南方人物周刊','南方人物周刊','images/Site/2018/07/17/c68b806ac17443a489b8e56b3cd35fb9.png','http://www.nfpeople.com/','2018-07-17 16:06:43',200),(719,'三联生活周刊','三联生活周刊','images/Site/2018/07/17/166a492b0b504aacae17f12e74b4b663.png','http://www.lifeweek.com.cn/','2018-07-17 16:06:43',200),(720,'看天下','看天下','images/Site/2018/07/17/5c33d2061022494f83e911d2e784682b.png','http://www.vistastory.com/','2018-07-17 16:06:43',200),(721,'新民周刊','新民周刊','images/Site/2018/07/17/ed03b186c6a245e0b7958739b6fbe4d7.png','http://www.xinminweekly.com.cn/','2018-07-17 16:06:43',200),(722,'南风窗','南风窗','images/Site/2018/07/17/a62a40febf66402c980ec3f633566ef0.png','http://www.nfcmag.com/','2018-07-17 16:06:43',200),(723,'参考消息','参考消息','images/Site/2018/07/17/2fccc78d886647ff9b3dfde14464599d.png','http://www.cankaoxiaoxi.com/','2018-07-17 16:06:43',200),(724,'dribbble','dribbble','images/Site/2018/07/17/0b5da3f3116f400b8d8b430b09ba6e09.png','http://www.dribbble.com/','2018-07-17 16:08:19',201),(725,'设计癖','设计癖','images/Site/2018/07/17/c6d2b176aa114dab92002e4eeed54418.png','http://www.shejipi.com/','2018-07-17 16:08:19',201),(726,'花瓣网','花瓣网','images/Site/2018/07/17/77223da2029a4ec992c7fd9ef3fb6964.png','http://huaban.com/','2018-07-17 16:08:19',201),(727,'设计之家','设计之家','images/Site/2018/07/17/d10b6b2dc13c4b3a9c85a7b100326b5f.png','http://www.sj33.cn/','2018-07-17 16:08:19',201),(728,'doooor','doooor','images/Site/2018/07/17/666bc6dc2127415da738a7d26753e93c.png','http://www.doooor.com/','2018-07-17 16:08:19',201),(729,'webfieldmanual','webfieldmanual','images/Site/2018/07/17/485a229926084094a244ce02b6fcf8bc.png','http://webfieldmanual.com/','2018-07-17 16:08:19',201),(730,'文艺范','文艺范','images/Site/2018/07/17/2687fc0abb6345f588eda39e4248f3ba.png','http://www.wenyi.fr/','2018-07-17 16:10:15',202),(731,'堆糖','堆糖','images/Site/2018/07/17/c7dc827043ca4a668cb34d02bc869ebe.png','https://www.duitang.com/','2018-07-17 16:10:15',202),(732,'一画换一画','一画换一画','images/Site/2018/07/17/83e21c8df1434f5b9f86b4012a1b0cc5.png','http://www.sketchswap.com/','2018-07-17 16:10:15',202),(733,'青番茄','青番茄','images/Site/2018/07/17/f9bee46a2a6b44f7ad8e1c0997b05f42.png','http://www.qingfanqie.com/','2018-07-17 16:10:15',202),(734,'慢时间','慢时间','images/Site/2018/07/17/e54b9307846b4f018d1b1bc8efdae211.png','http://www.manshijian.com/','2018-07-17 16:10:15',202),(735,'哇塞网','哇塞网','images/Site/2018/07/17/8448ab953c044a8c9d7008fdf4bc5df9.png','http://www.wowsai.com/','2018-07-17 16:10:15',202);
/*!40000 ALTER TABLE `web_site` ENABLE KEYS */;
UNLOCK TABLES;

--
-- Table structure for table `web_smallcategory`
--

DROP TABLE IF EXISTS `web_smallcategory`;
/*!40101 SET @saved_cs_client     = @@character_set_client */;
/*!40101 SET character_set_client = utf8 */;
CREATE TABLE `web_smallcategory` (
  `id` int(11) NOT NULL AUTO_INCREMENT,
  `name` varchar(100) NOT NULL,
  `created_time` datetime NOT NULL,
  `category_id` int(11) NOT NULL,
  PRIMARY KEY (`id`),
  KEY `web_smallcategory_category_id_5860eb94_fk_web_category_id` (`category_id`),
  CONSTRAINT `web_smallcategory_category_id_5860eb94_fk_web_category_id` FOREIGN KEY (`category_id`) REFERENCES `web_category` (`id`)
) ENGINE=InnoDB AUTO_INCREMENT=203 DEFAULT CHARSET=utf8;
/*!40101 SET character_set_client = @saved_cs_client */;

--
-- Dumping data for table `web_smallcategory`
--

LOCK TABLES `web_smallcategory` WRITE;
/*!40000 ALTER TABLE `web_smallcategory` DISABLE KEYS */;
INSERT INTO `web_smallcategory` VALUES (1,'热门','2018-07-14 10:22:41',1),(2,'资讯','2018-07-14 10:22:48',1),(3,'影音','2018-07-14 10:22:55',1),(4,'邮箱','2018-07-14 10:23:03',1),(5,'社区','2018-07-14 10:23:13',1),(6,'办公','2018-07-14 10:23:19',1),(7,'学习','2018-07-14 10:23:25',1),(8,'资源','2018-07-14 10:23:30',1),(9,'百科','2018-07-14 10:23:38',1),(10,'问答','2018-07-14 10:23:43',1),(11,'足球','2018-07-14 10:45:19',2),(12,'篮球','2018-07-14 10:45:19',2),(13,'军事','2018-07-14 10:45:19',2),(14,'数码','2018-07-14 10:45:19',2),(15,'游戏','2018-07-14 10:45:19',2),(16,'汽车','2018-07-14 10:45:19',2),(17,'财经','2018-07-14 10:45:19',2),(18,'美女','2018-07-14 10:45:19',2),(19,'科技','2018-07-14 10:45:19',2),(20,'减肥','2018-07-14 10:46:09',3),(21,'美容','2018-07-14 10:46:09',3),(22,'星座','2018-07-14 10:46:09',3),(23,'奢侈品','2018-07-14 10:46:09',3),(24,'母婴','2018-07-14 10:46:09',3),(25,'时尚','2018-07-14 10:46:10',3),(26,'购物','2018-07-14 10:46:10',3),(27,'健康','2018-07-14 10:46:10',3),(28,'房产','2018-07-14 10:46:58',4),(29,'读书','2018-07-14 10:46:58',4),(30,'旅行','2018-07-14 10:46:58',4),(31,'娱乐','2018-07-14 10:46:58',4),(32,'美食','2018-07-14 10:46:58',4),(33,'宠物','2018-07-14 10:46:58',4),(34,'搞笑','2018-07-14 10:46:58',4),(35,'交友','2018-07-14 10:46:58',4),(36,'演出','2018-07-14 10:46:58',4),(37,'导航','2018-07-14 10:47:50',5),(38,'灵感','2018-07-14 10:47:50',5),(39,'图标','2018-07-14 10:47:50',5),(40,'图库','2018-07-14 10:47:50',5),(41,'社区','2018-07-14 10:47:50',5),(42,'工具','2018-07-14 10:47:50',5),(43,'团队','2018-07-14 10:47:50',5),(44,'字体','2018-07-14 10:47:50',5),(45,'漫画','2018-07-14 10:47:50',5),(46,'模板','2018-07-14 10:47:50',5),(47,'导航','2018-07-14 10:48:34',6),(48,'资讯','2018-07-14 10:48:34',6),(49,'数据','2018-07-14 10:48:34',6),(50,'设计','2018-07-14 10:48:34',6),(51,'运营','2018-07-14 10:48:34',6),(52,'服务','2018-07-14 10:48:34',6),(53,'工具','2018-07-14 10:48:34',6),(54,'体验','2018-07-14 10:48:34',6),(55,'社区','2018-07-14 10:48:34',6),(56,'活动','2018-07-14 10:48:34',6),(57,'人力','2018-07-14 10:49:17',7),(58,'财务','2018-07-14 10:49:17',7),(59,'法务','2018-07-14 10:49:17',7),(60,'公关','2018-07-14 10:49:17',7),(61,'税务','2018-07-14 10:49:17',7),(62,'审计','2018-07-14 10:49:17',7),(63,'调查','2018-07-14 10:49:17',7),(64,'数据分析','2018-07-14 10:50:13',8),(65,'营销推广','2018-07-14 10:50:13',8),(66,'广告平台','2018-07-14 10:50:13',8),(67,'开放平台','2018-07-14 10:50:13',8),(68,'论坛社区','2018-07-14 10:50:13',8),(69,'媒体资讯','2018-07-14 10:50:13',8),(70,'SEO','2018-07-14 10:50:13',8),(71,'在线工具','2018-07-14 10:50:13',8),(72,'创业服务','2018-07-14 10:51:03',9),(73,'营销推广','2018-07-14 10:51:03',9),(74,'线下活动','2018-07-14 10:51:03',9),(75,'孵化器','2018-07-14 10:51:03',9),(76,'融资','2018-07-14 10:51:03',9),(77,'资讯','2018-07-14 10:51:03',9),(78,'找人','2018-07-14 10:51:03',9),(79,'众筹','2018-07-14 10:51:03',9),(80,'外包','2018-07-14 10:51:03',9),(81,'官网','2018-07-14 10:51:57',10),(82,'社区','2018-07-14 10:51:57',10),(83,'软件','2018-07-14 10:51:57',10),(84,'网络框架','2018-07-14 10:51:57',10),(85,'图片框架','2018-07-14 10:51:57',10),(86,'数据库','2018-07-14 10:51:57',10),(87,'H5框架','2018-07-14 10:51:57',10),(88,'依赖注入','2018-07-14 10:51:57',10),(89,'图表框架','2018-07-14 10:51:57',10),(90,'综合','2018-07-14 10:51:57',10),(91,'官网','2018-07-14 10:52:46',11),(92,'社区','2018-07-14 10:52:46',11),(93,'网络框架','2018-07-14 10:52:46',11),(94,'图片框架','2018-07-14 10:52:46',11),(95,'图表框架','2018-07-14 10:52:46',11),(96,'数据库','2018-07-14 10:52:46',11),(97,'H5框架','2018-07-14 10:52:46',11),(98,'响应式','2018-07-14 10:52:46',11),(99,'测试调试','2018-07-14 10:52:46',11),(100,'UI框架','2018-07-14 10:52:46',11),(101,'官网','2018-07-14 10:53:35',12),(102,'社区','2018-07-14 10:53:36',12),(103,'框架','2018-07-14 10:53:36',12),(104,'软件','2018-07-14 10:53:36',12),(105,'论坛','2018-07-14 10:53:36',12),(106,'源码','2018-07-14 10:53:36',12),(107,'教程','2018-07-14 10:53:36',12),(108,'在线工具','2018-07-14 10:53:36',12),(109,'数据库','2018-07-14 10:53:36',12),(110,'服务器','2018-07-14 10:53:36',12),(111,'热门','2018-07-14 10:55:56',14),(112,'社区','2018-07-14 10:55:56',14),(113,'影音','2018-07-14 10:55:56',14),(114,'邮箱','2018-07-14 10:55:56',14),(115,'新闻','2018-07-14 10:55:56',14),(116,'电商','2018-07-14 10:55:56',14),(117,'数码','2018-07-14 10:55:56',14),(118,'资源','2018-07-14 10:55:56',14),(119,'Google','2018-07-14 10:55:56',14),(120,'综合','2018-07-14 10:55:56',14),(121,'公开课','2018-07-14 10:56:40',15),(122,'在线问答','2018-07-14 10:56:40',15),(123,'学术','2018-07-14 10:56:40',15),(124,'图书资源','2018-07-14 10:56:40',15),(125,'报纸','2018-07-14 10:56:40',15),(126,'杂志','2018-07-14 10:56:40',15),(127,'综合','2018-07-14 10:56:40',15),(128,'杂志','2018-07-14 10:57:29',16),(129,'专利查询','2018-07-14 10:57:29',16),(130,'众筹','2018-07-14 10:57:29',16),(131,'主机','2018-07-14 10:57:29',16),(132,'风投','2018-07-14 10:57:29',16),(133,'投行','2018-07-14 10:57:29',16),(134,'交易所','2018-07-14 10:57:29',16),(135,'人工智能','2018-07-14 10:57:57',17),(136,'虚拟现实','2018-07-14 10:57:57',17),(137,'生物','2018-07-14 10:57:57',17),(138,'能源','2018-07-14 10:57:57',17),(139,'空间','2018-07-14 10:57:57',17),(140,'机器人','2018-07-14 10:57:57',17),(141,'香港报纸','2018-07-14 10:58:58',18),(142,'香港大学','2018-07-14 10:58:58',18),(143,'香港社区','2018-07-14 10:58:58',18),(144,'香港政府','2018-07-14 10:58:58',18),(145,'台湾报纸','2018-07-14 10:58:58',18),(146,'台湾社区','2018-07-14 10:58:58',18),(147,'台湾新闻','2018-07-14 10:58:58',18),(148,'台湾机构','2018-07-14 10:58:58',18),(149,'台湾学校','2018-07-14 10:58:58',18),(150,'汽车','2018-07-14 10:59:35',19),(151,'服装','2018-07-14 10:59:35',19),(152,'手表','2018-07-14 10:59:35',19),(153,'化妆品','2018-07-14 10:59:35',19),(154,'游艇','2018-07-14 10:59:35',19),(155,'珠宝','2018-07-14 10:59:35',19),(156,'私人飞机','2018-07-14 10:59:35',19),(157,'电子','2018-07-14 10:59:35',19),(158,'联合国','2018-07-14 11:00:26',20),(159,'美国政府','2018-07-14 11:00:26',20),(160,'NGO','2018-07-14 11:00:26',20),(161,'科研','2018-07-14 11:00:26',20),(162,'金融','2018-07-14 11:00:26',20),(163,'足球','2018-07-14 11:00:26',20),(164,'篮球','2018-07-14 11:00:26',20),(165,'综合','2018-07-14 11:00:26',20),(166,'美国','2018-07-14 11:01:02',21),(167,'英国','2018-07-14 11:01:02',21),(168,'加拿大','2018-07-14 11:01:02',21),(169,'澳大利亚','2018-07-14 11:01:02',21),(170,'新西兰','2018-07-14 11:01:02',21),(171,'德国','2018-07-14 11:01:02',21),(172,'法国','2018-07-14 11:01:02',21),(173,'日本','2018-07-14 11:01:02',21),(174,'美国','2018-07-14 11:01:51',22),(175,'俄罗斯','2018-07-14 11:01:51',22),(176,'日本','2018-07-14 11:01:51',22),(177,'德国','2018-07-14 11:01:51',22),(178,'英国','2018-07-14 11:01:51',22),(179,'法国','2018-07-14 11:01:51',22),(180,'印度','2018-07-14 11:01:51',22),(181,'以色列','2018-07-14 11:01:51',22),(182,'论坛','2018-07-14 11:01:51',22),(183,'军工厂','2018-07-14 11:01:51',22),(184,'空间','2018-07-14 11:02:38',23),(185,'奇葩','2018-07-14 11:02:38',23),(186,'创意','2018-07-14 11:02:38',23),(187,'视频','2018-07-14 11:02:38',23),(188,'地图','2018-07-14 11:02:38',23),(189,'数据','2018-07-14 11:02:38',23),(190,'3D','2018-07-14 11:02:38',23),(191,'无聊','2018-07-14 11:02:38',23),(192,'技术','2018-07-14 11:02:38',23),(193,'其他','2018-07-14 11:02:38',23),(194,'历史','2018-07-17 00:01:11',13),(195,'摄影','2018-07-17 00:01:11',13),(196,'港台','2018-07-17 00:01:11',13),(197,'直播','2018-07-17 00:01:11',13),(198,'二次元','2018-07-17 00:01:11',13),(199,'学术','2018-07-17 00:01:11',13),(200,'周刊','2018-07-17 00:01:11',13),(201,'设计','2018-07-17 00:01:11',13),(202,'文艺','2018-07-17 00:01:11',13);
/*!40000 ALTER TABLE `web_smallcategory` ENABLE KEYS */;
UNLOCK TABLES;
/*!40103 SET TIME_ZONE=@OLD_TIME_ZONE */;

/*!40101 SET SQL_MODE=@OLD_SQL_MODE */;
/*!40014 SET FOREIGN_KEY_CHECKS=@OLD_FOREIGN_KEY_CHECKS */;
/*!40014 SET UNIQUE_CHECKS=@OLD_UNIQUE_CHECKS */;
/*!40101 SET CHARACTER_SET_CLIENT=@OLD_CHARACTER_SET_CLIENT */;
/*!40101 SET CHARACTER_SET_RESULTS=@OLD_CHARACTER_SET_RESULTS */;
/*!40101 SET COLLATION_CONNECTION=@OLD_COLLATION_CONNECTION */;
/*!40111 SET SQL_NOTES=@OLD_SQL_NOTES */;

-- Dump completed on 2018-07-17 22:33:36
