-- MySQL dump 10.13  Distrib 5.5.57, for Linux (x86_64)
--
-- Host: localhost    Database: zhuye
-- ------------------------------------------------------
-- Server version	5.5.57-log

/*!40101 SET @OLD_CHARACTER_SET_CLIENT=@@CHARACTER_SET_CLIENT */;
/*!40101 SET @OLD_CHARACTER_SET_RESULTS=@@CHARACTER_SET_RESULTS */;
/*!40101 SET @OLD_COLLATION_CONNECTION=@@COLLATION_CONNECTION */;
/*!40101 SET NAMES utf8 */;
/*!40103 SET @OLD_TIME_ZONE=@@TIME_ZONE */;
/*!40103 SET TIME_ZONE='+00:00' */;
/*!40014 SET @OLD_UNIQUE_CHECKS=@@UNIQUE_CHECKS, UNIQUE_CHECKS=0 */;
/*!40014 SET @OLD_FOREIGN_KEY_CHECKS=@@FOREIGN_KEY_CHECKS, FOREIGN_KEY_CHECKS=0 */;
/*!40101 SET @OLD_SQL_MODE=@@SQL_MODE, SQL_MODE='NO_AUTO_VALUE_ON_ZERO' */;
/*!40111 SET @OLD_SQL_NOTES=@@SQL_NOTES, SQL_NOTES=0 */;

--
-- Table structure for table `auth_group`
--

DROP TABLE IF EXISTS `auth_group`;
/*!40101 SET @saved_cs_client     = @@character_set_client */;
/*!40101 SET character_set_client = utf8 */;
CREATE TABLE `auth_group` (
  `id` int(11) NOT NULL AUTO_INCREMENT,
  `name` varchar(80) NOT NULL,
  PRIMARY KEY (`id`),
  UNIQUE KEY `name` (`name`)
) ENGINE=InnoDB DEFAULT CHARSET=utf8;
/*!40101 SET character_set_client = @saved_cs_client */;

--
-- Dumping data for table `auth_group`
--

LOCK TABLES `auth_group` WRITE;
/*!40000 ALTER TABLE `auth_group` DISABLE KEYS */;
/*!40000 ALTER TABLE `auth_group` ENABLE KEYS */;
UNLOCK TABLES;

--
-- Table structure for table `auth_group_permissions`
--

DROP TABLE IF EXISTS `auth_group_permissions`;
/*!40101 SET @saved_cs_client     = @@character_set_client */;
/*!40101 SET character_set_client = utf8 */;
CREATE TABLE `auth_group_permissions` (
  `id` int(11) NOT NULL AUTO_INCREMENT,
  `group_id` int(11) NOT NULL,
  `permission_id` int(11) NOT NULL,
  PRIMARY KEY (`id`),
  UNIQUE KEY `auth_group_permissions_group_id_permission_id_0cd325b0_uniq` (`group_id`,`permission_id`),
  KEY `auth_group_permissio_permission_id_84c5c92e_fk_auth_perm` (`permission_id`),
  CONSTRAINT `auth_group_permissio_permission_id_84c5c92e_fk_auth_perm` FOREIGN KEY (`permission_id`) REFERENCES `auth_permission` (`id`),
  CONSTRAINT `auth_group_permissions_group_id_b120cbf9_fk_auth_group_id` FOREIGN KEY (`group_id`) REFERENCES `auth_group` (`id`)
) ENGINE=InnoDB DEFAULT CHARSET=utf8;
/*!40101 SET character_set_client = @saved_cs_client */;

--
-- Dumping data for table `auth_group_permissions`
--

LOCK TABLES `auth_group_permissions` WRITE;
/*!40000 ALTER TABLE `auth_group_permissions` DISABLE KEYS */;
/*!40000 ALTER TABLE `auth_group_permissions` ENABLE KEYS */;
UNLOCK TABLES;

--
-- Table structure for table `auth_permission`
--

DROP TABLE IF EXISTS `auth_permission`;
/*!40101 SET @saved_cs_client     = @@character_set_client */;
/*!40101 SET character_set_client = utf8 */;
CREATE TABLE `auth_permission` (
  `id` int(11) NOT NULL AUTO_INCREMENT,
  `name` varchar(255) NOT NULL,
  `content_type_id` int(11) NOT NULL,
  `codename` varchar(100) NOT NULL,
  PRIMARY KEY (`id`),
  UNIQUE KEY `auth_permission_content_type_id_codename_01ab375a_uniq` (`content_type_id`,`codename`),
  CONSTRAINT `auth_permission_content_type_id_2f476e4b_fk_django_co` FOREIGN KEY (`content_type_id`) REFERENCES `django_content_type` (`id`)
) ENGINE=InnoDB AUTO_INCREMENT=28 DEFAULT CHARSET=utf8;
/*!40101 SET character_set_client = @saved_cs_client */;

--
-- Dumping data for table `auth_permission`
--

LOCK TABLES `auth_permission` WRITE;
/*!40000 ALTER TABLE `auth_permission` DISABLE KEYS */;
INSERT INTO `auth_permission` VALUES (1,'Can add log entry',1,'add_logentry'),(2,'Can change log entry',1,'change_logentry'),(3,'Can delete log entry',1,'delete_logentry'),(4,'Can add permission',2,'add_permission'),(5,'Can change permission',2,'change_permission'),(6,'Can delete permission',2,'delete_permission'),(7,'Can add group',3,'add_group'),(8,'Can change group',3,'change_group'),(9,'Can delete group',3,'delete_group'),(10,'Can add user',4,'add_user'),(11,'Can change user',4,'change_user'),(12,'Can delete user',4,'delete_user'),(13,'Can add content type',5,'add_contenttype'),(14,'Can change content type',5,'change_contenttype'),(15,'Can delete content type',5,'delete_contenttype'),(16,'Can add session',6,'add_session'),(17,'Can change session',6,'change_session'),(18,'Can delete session',6,'delete_session'),(19,'Can add 大分类',7,'add_category'),(20,'Can change 大分类',7,'change_category'),(21,'Can delete 大分类',7,'delete_category'),(22,'Can add 小分类',8,'add_smallcategory'),(23,'Can change 小分类',8,'change_smallcategory'),(24,'Can delete 小分类',8,'delete_smallcategory'),(25,'Can add 站点',9,'add_site'),(26,'Can change 站点',9,'change_site'),(27,'Can delete 站点',9,'delete_site');
/*!40000 ALTER TABLE `auth_permission` ENABLE KEYS */;
UNLOCK TABLES;

--
-- Table structure for table `auth_user`
--

DROP TABLE IF EXISTS `auth_user`;
/*!40101 SET @saved_cs_client     = @@character_set_client */;
/*!40101 SET character_set_client = utf8 */;
CREATE TABLE `auth_user` (
  `id` int(11) NOT NULL AUTO_INCREMENT,
  `password` varchar(128) NOT NULL,
  `last_login` datetime DEFAULT NULL,
  `is_superuser` tinyint(1) NOT NULL,
  `username` varchar(150) NOT NULL,
  `first_name` varchar(30) NOT NULL,
  `last_name` varchar(150) NOT NULL,
  `email` varchar(254) NOT NULL,
  `is_staff` tinyint(1) NOT NULL,
  `is_active` tinyint(1) NOT NULL,
  `date_joined` datetime NOT NULL,
  PRIMARY KEY (`id`),
  UNIQUE KEY `username` (`username`)
) ENGINE=InnoDB AUTO_INCREMENT=2 DEFAULT CHARSET=utf8;
/*!40101 SET character_set_client = @saved_cs_client */;

--
-- Dumping data for table `auth_user`
--

LOCK TABLES `auth_user` WRITE;
/*!40000 ALTER TABLE `auth_user` DISABLE KEYS */;
INSERT INTO `auth_user` VALUES (1,'pbkdf2_sha256$100000$X1dIENA8l1hX$f7Lu+hD1yUXxYerwTwOsnuAvI7edxvdPKImgmZv7qsE=','2018-07-16 21:22:17',1,'admin','','','',1,1,'2018-07-14 10:19:41');
/*!40000 ALTER TABLE `auth_user` ENABLE KEYS */;
UNLOCK TABLES;

--
-- Table structure for table `auth_user_groups`
--

DROP TABLE IF EXISTS `auth_user_groups`;
/*!40101 SET @saved_cs_client     = @@character_set_client */;
/*!40101 SET character_set_client = utf8 */;
CREATE TABLE `auth_user_groups` (
  `id` int(11) NOT NULL AUTO_INCREMENT,
  `user_id` int(11) NOT NULL,
  `group_id` int(11) NOT NULL,
  PRIMARY KEY (`id`),
  UNIQUE KEY `auth_user_groups_user_id_group_id_94350c0c_uniq` (`user_id`,`group_id`),
  KEY `auth_user_groups_group_id_97559544_fk_auth_group_id` (`group_id`),
  CONSTRAINT `auth_user_groups_group_id_97559544_fk_auth_group_id` FOREIGN KEY (`group_id`) REFERENCES `auth_group` (`id`),
  CONSTRAINT `auth_user_groups_user_id_6a12ed8b_fk_auth_user_id` FOREIGN KEY (`user_id`) REFERENCES `auth_user` (`id`)
) ENGINE=InnoDB DEFAULT CHARSET=utf8;
/*!40101 SET character_set_client = @saved_cs_client */;

--
-- Dumping data for table `auth_user_groups`
--

LOCK TABLES `auth_user_groups` WRITE;
/*!40000 ALTER TABLE `auth_user_groups` DISABLE KEYS */;
/*!40000 ALTER TABLE `auth_user_groups` ENABLE KEYS */;
UNLOCK TABLES;

--
-- Table structure for table `auth_user_user_permissions`
--

DROP TABLE IF EXISTS `auth_user_user_permissions`;
/*!40101 SET @saved_cs_client     = @@character_set_client */;
/*!40101 SET character_set_client = utf8 */;
CREATE TABLE `auth_user_user_permissions` (
  `id` int(11) NOT NULL AUTO_INCREMENT,
  `user_id` int(11) NOT NULL,
  `permission_id` int(11) NOT NULL,
  PRIMARY KEY (`id`),
  UNIQUE KEY `auth_user_user_permissions_user_id_permission_id_14a6b632_uniq` (`user_id`,`permission_id`),
  KEY `auth_user_user_permi_permission_id_1fbb5f2c_fk_auth_perm` (`permission_id`),
  CONSTRAINT `auth_user_user_permi_permission_id_1fbb5f2c_fk_auth_perm` FOREIGN KEY (`permission_id`) REFERENCES `auth_permission` (`id`),
  CONSTRAINT `auth_user_user_permissions_user_id_a95ead1b_fk_auth_user_id` FOREIGN KEY (`user_id`) REFERENCES `auth_user` (`id`)
) ENGINE=InnoDB DEFAULT CHARSET=utf8;
/*!40101 SET character_set_client = @saved_cs_client */;

--
-- Dumping data for table `auth_user_user_permissions`
--

LOCK TABLES `auth_user_user_permissions` WRITE;
/*!40000 ALTER TABLE `auth_user_user_permissions` DISABLE KEYS */;
/*!40000 ALTER TABLE `auth_user_user_permissions` ENABLE KEYS */;
UNLOCK TABLES;

--
-- Table structure for table `django_admin_log`
--

DROP TABLE IF EXISTS `django_admin_log`;
/*!40101 SET @saved_cs_client     = @@character_set_client */;
/*!40101 SET character_set_client = utf8 */;
CREATE TABLE `django_admin_log` (
  `id` int(11) NOT NULL AUTO_INCREMENT,
  `action_time` datetime NOT NULL,
  `object_id` longtext,
  `object_repr` varchar(200) NOT NULL,
  `action_flag` smallint(5) unsigned NOT NULL,
  `change_message` longtext NOT NULL,
  `content_type_id` int(11) DEFAULT NULL,
  `user_id` int(11) NOT NULL,
  PRIMARY KEY (`id`),
  KEY `django_admin_log_content_type_id_c4bce8eb_fk_django_co` (`content_type_id`),
  KEY `django_admin_log_user_id_c564eba6_fk_auth_user_id` (`user_id`),
  CONSTRAINT `django_admin_log_user_id_c564eba6_fk_auth_user_id` FOREIGN KEY (`user_id`) REFERENCES `auth_user` (`id`),
  CONSTRAINT `django_admin_log_content_type_id_c4bce8eb_fk_django_co` FOREIGN KEY (`content_type_id`) REFERENCES `django_content_type` (`id`)
) ENGINE=InnoDB AUTO_INCREMENT=93 DEFAULT CHARSET=utf8;
/*!40101 SET character_set_client = @saved_cs_client */;

--
-- Dumping data for table `django_admin_log`
--

LOCK TABLES `django_admin_log` WRITE;
/*!40000 ALTER TABLE `django_admin_log` DISABLE KEYS */;
INSERT INTO `django_admin_log` VALUES (1,'2018-07-14 10:21:12','1','常用',1,'[{\"added\": {}}]',7,1),(2,'2018-07-14 10:21:16','2','男生',1,'[{\"added\": {}}]',7,1),(3,'2018-07-14 10:21:20','3','女生',1,'[{\"added\": {}}]',7,1),(4,'2018-07-14 10:21:26','4','生活',1,'[{\"added\": {}}]',7,1),(5,'2018-07-14 10:21:28','5','设计',1,'[{\"added\": {}}]',7,1),(6,'2018-07-14 10:21:32','6','产品',1,'[{\"added\": {}}]',7,1),(7,'2018-07-14 10:21:43','7','职能',1,'[{\"added\": {}}]',7,1),(8,'2018-07-14 10:21:47','8','运营',1,'[{\"added\": {}}]',7,1),(9,'2018-07-14 10:21:50','9','创业',1,'[{\"added\": {}}]',7,1),(10,'2018-07-14 10:21:54','10','Android',1,'[{\"added\": {}}]',7,1),(11,'2018-07-14 10:22:02','11','IOS',1,'[{\"added\": {}}]',7,1),(12,'2018-07-14 10:22:11','12','JavaWeb',1,'[{\"added\": {}}]',7,1),(13,'2018-07-14 10:22:18','13','趣味',1,'[{\"added\": {}}]',7,1),(14,'2018-07-14 10:22:41','1','热门',1,'[{\"added\": {}}]',10,1),(15,'2018-07-14 10:22:48','2','资讯',1,'[{\"added\": {}}]',10,1),(16,'2018-07-14 10:22:55','3','影音',1,'[{\"added\": {}}]',10,1),(17,'2018-07-14 10:23:03','4','邮箱',1,'[{\"added\": {}}]',10,1),(18,'2018-07-14 10:23:13','5','社区',1,'[{\"added\": {}}]',10,1),(19,'2018-07-14 10:23:19','6','办公',1,'[{\"added\": {}}]',10,1),(20,'2018-07-14 10:23:25','7','学习',1,'[{\"added\": {}}]',10,1),(21,'2018-07-14 10:23:30','8','资源',1,'[{\"added\": {}}]',10,1),(22,'2018-07-14 10:23:38','9','百科',1,'[{\"added\": {}}]',10,1),(23,'2018-07-14 10:23:43','10','问答',1,'[{\"added\": {}}]',10,1),(24,'2018-07-14 10:45:19','2','男生',2,'[{\"added\": {\"name\": \"\\u5c0f\\u5206\\u7c7b\", \"object\": \"\\u8db3\\u7403\"}}, {\"added\": {\"name\": \"\\u5c0f\\u5206\\u7c7b\", \"object\": \"\\u7bee\\u7403\"}}, {\"added\": {\"name\": \"\\u5c0f\\u5206\\u7c7b\", \"object\": \"\\u519b\\u4e8b\"}}, {\"added\": {\"name\": \"\\u5c0f\\u5206\\u7c7b\", \"object\": \"\\u6570\\u7801\"}}, {\"added\": {\"name\": \"\\u5c0f\\u5206\\u7c7b\", \"object\": \"\\u6e38\\u620f\"}}, {\"added\": {\"name\": \"\\u5c0f\\u5206\\u7c7b\", \"object\": \"\\u6c7d\\u8f66\"}}, {\"added\": {\"name\": \"\\u5c0f\\u5206\\u7c7b\", \"object\": \"\\u8d22\\u7ecf\"}}, {\"added\": {\"name\": \"\\u5c0f\\u5206\\u7c7b\", \"object\": \"\\u7f8e\\u5973\"}}, {\"added\": {\"name\": \"\\u5c0f\\u5206\\u7c7b\", \"object\": \"\\u79d1\\u6280\"}}]',7,1),(25,'2018-07-14 10:46:10','3','女生',2,'[{\"added\": {\"name\": \"\\u5c0f\\u5206\\u7c7b\", \"object\": \"\\u51cf\\u80a5\"}}, {\"added\": {\"name\": \"\\u5c0f\\u5206\\u7c7b\", \"object\": \"\\u7f8e\\u5bb9\"}}, {\"added\": {\"name\": \"\\u5c0f\\u5206\\u7c7b\", \"object\": \"\\u661f\\u5ea7\"}}, {\"added\": {\"name\": \"\\u5c0f\\u5206\\u7c7b\", \"object\": \"\\u5962\\u4f88\\u54c1\"}}, {\"added\": {\"name\": \"\\u5c0f\\u5206\\u7c7b\", \"object\": \"\\u6bcd\\u5a74\"}}, {\"added\": {\"name\": \"\\u5c0f\\u5206\\u7c7b\", \"object\": \"\\u65f6\\u5c1a\"}}, {\"added\": {\"name\": \"\\u5c0f\\u5206\\u7c7b\", \"object\": \"\\u8d2d\\u7269\"}}, {\"added\": {\"name\": \"\\u5c0f\\u5206\\u7c7b\", \"object\": \"\\u5065\\u5eb7\"}}]',7,1),(26,'2018-07-14 10:46:58','4','生活',2,'[{\"added\": {\"name\": \"\\u5c0f\\u5206\\u7c7b\", \"object\": \"\\u623f\\u4ea7\"}}, {\"added\": {\"name\": \"\\u5c0f\\u5206\\u7c7b\", \"object\": \"\\u8bfb\\u4e66\"}}, {\"added\": {\"name\": \"\\u5c0f\\u5206\\u7c7b\", \"object\": \"\\u65c5\\u884c\"}}, {\"added\": {\"name\": \"\\u5c0f\\u5206\\u7c7b\", \"object\": \"\\u5a31\\u4e50\"}}, {\"added\": {\"name\": \"\\u5c0f\\u5206\\u7c7b\", \"object\": \"\\u7f8e\\u98df\"}}, {\"added\": {\"name\": \"\\u5c0f\\u5206\\u7c7b\", \"object\": \"\\u5ba0\\u7269\"}}, {\"added\": {\"name\": \"\\u5c0f\\u5206\\u7c7b\", \"object\": \"\\u641e\\u7b11\"}}, {\"added\": {\"name\": \"\\u5c0f\\u5206\\u7c7b\", \"object\": \"\\u4ea4\\u53cb\"}}, {\"added\": {\"name\": \"\\u5c0f\\u5206\\u7c7b\", \"object\": \"\\u6f14\\u51fa\"}}]',7,1),(27,'2018-07-14 10:47:50','5','设计',2,'[{\"added\": {\"name\": \"\\u5c0f\\u5206\\u7c7b\", \"object\": \"\\u5bfc\\u822a\"}}, {\"added\": {\"name\": \"\\u5c0f\\u5206\\u7c7b\", \"object\": \"\\u7075\\u611f\"}}, {\"added\": {\"name\": \"\\u5c0f\\u5206\\u7c7b\", \"object\": \"\\u56fe\\u6807\"}}, {\"added\": {\"name\": \"\\u5c0f\\u5206\\u7c7b\", \"object\": \"\\u56fe\\u5e93\"}}, {\"added\": {\"name\": \"\\u5c0f\\u5206\\u7c7b\", \"object\": \"\\u793e\\u533a\"}}, {\"added\": {\"name\": \"\\u5c0f\\u5206\\u7c7b\", \"object\": \"\\u5de5\\u5177\"}}, {\"added\": {\"name\": \"\\u5c0f\\u5206\\u7c7b\", \"object\": \"\\u56e2\\u961f\"}}, {\"added\": {\"name\": \"\\u5c0f\\u5206\\u7c7b\", \"object\": \"\\u5b57\\u4f53\"}}, {\"added\": {\"name\": \"\\u5c0f\\u5206\\u7c7b\", \"object\": \"\\u6f2b\\u753b\"}}, {\"added\": {\"name\": \"\\u5c0f\\u5206\\u7c7b\", \"object\": \"\\u6a21\\u677f\"}}]',7,1),(28,'2018-07-14 10:48:34','6','产品',2,'[{\"added\": {\"name\": \"\\u5c0f\\u5206\\u7c7b\", \"object\": \"\\u5bfc\\u822a\"}}, {\"added\": {\"name\": \"\\u5c0f\\u5206\\u7c7b\", \"object\": \"\\u8d44\\u8baf\"}}, {\"added\": {\"name\": \"\\u5c0f\\u5206\\u7c7b\", \"object\": \"\\u6570\\u636e\"}}, {\"added\": {\"name\": \"\\u5c0f\\u5206\\u7c7b\", \"object\": \"\\u8bbe\\u8ba1\"}}, {\"added\": {\"name\": \"\\u5c0f\\u5206\\u7c7b\", \"object\": \"\\u8fd0\\u8425\"}}, {\"added\": {\"name\": \"\\u5c0f\\u5206\\u7c7b\", \"object\": \"\\u670d\\u52a1\"}}, {\"added\": {\"name\": \"\\u5c0f\\u5206\\u7c7b\", \"object\": \"\\u5de5\\u5177\"}}, {\"added\": {\"name\": \"\\u5c0f\\u5206\\u7c7b\", \"object\": \"\\u4f53\\u9a8c\"}}, {\"added\": {\"name\": \"\\u5c0f\\u5206\\u7c7b\", \"object\": \"\\u793e\\u533a\"}}, {\"added\": {\"name\": \"\\u5c0f\\u5206\\u7c7b\", \"object\": \"\\u6d3b\\u52a8\"}}]',7,1),(29,'2018-07-14 10:49:17','7','职能',2,'[{\"added\": {\"name\": \"\\u5c0f\\u5206\\u7c7b\", \"object\": \"\\u4eba\\u529b\"}}, {\"added\": {\"name\": \"\\u5c0f\\u5206\\u7c7b\", \"object\": \"\\u8d22\\u52a1\"}}, {\"added\": {\"name\": \"\\u5c0f\\u5206\\u7c7b\", \"object\": \"\\u6cd5\\u52a1\"}}, {\"added\": {\"name\": \"\\u5c0f\\u5206\\u7c7b\", \"object\": \"\\u516c\\u5173\"}}, {\"added\": {\"name\": \"\\u5c0f\\u5206\\u7c7b\", \"object\": \"\\u7a0e\\u52a1\"}}, {\"added\": {\"name\": \"\\u5c0f\\u5206\\u7c7b\", \"object\": \"\\u5ba1\\u8ba1\"}}, {\"added\": {\"name\": \"\\u5c0f\\u5206\\u7c7b\", \"object\": \"\\u8c03\\u67e5\"}}]',7,1),(30,'2018-07-14 10:50:13','8','运营',2,'[{\"added\": {\"name\": \"\\u5c0f\\u5206\\u7c7b\", \"object\": \"\\u6570\\u636e\\u5206\\u6790\"}}, {\"added\": {\"name\": \"\\u5c0f\\u5206\\u7c7b\", \"object\": \"\\u8425\\u9500\\u63a8\\u5e7f\"}}, {\"added\": {\"name\": \"\\u5c0f\\u5206\\u7c7b\", \"object\": \"\\u5e7f\\u544a\\u5e73\\u53f0\"}}, {\"added\": {\"name\": \"\\u5c0f\\u5206\\u7c7b\", \"object\": \"\\u5f00\\u653e\\u5e73\\u53f0\"}}, {\"added\": {\"name\": \"\\u5c0f\\u5206\\u7c7b\", \"object\": \"\\u8bba\\u575b\\u793e\\u533a\"}}, {\"added\": {\"name\": \"\\u5c0f\\u5206\\u7c7b\", \"object\": \"\\u5a92\\u4f53\\u8d44\\u8baf\"}}, {\"added\": {\"name\": \"\\u5c0f\\u5206\\u7c7b\", \"object\": \"SEO\"}}, {\"added\": {\"name\": \"\\u5c0f\\u5206\\u7c7b\", \"object\": \"\\u5728\\u7ebf\\u5de5\\u5177\"}}]',7,1),(31,'2018-07-14 10:51:03','9','创业',2,'[{\"added\": {\"name\": \"\\u5c0f\\u5206\\u7c7b\", \"object\": \"\\u521b\\u4e1a\\u670d\\u52a1\"}}, {\"added\": {\"name\": \"\\u5c0f\\u5206\\u7c7b\", \"object\": \"\\u8425\\u9500\\u63a8\\u5e7f\"}}, {\"added\": {\"name\": \"\\u5c0f\\u5206\\u7c7b\", \"object\": \"\\u7ebf\\u4e0b\\u6d3b\\u52a8\"}}, {\"added\": {\"name\": \"\\u5c0f\\u5206\\u7c7b\", \"object\": \"\\u5b75\\u5316\\u5668\"}}, {\"added\": {\"name\": \"\\u5c0f\\u5206\\u7c7b\", \"object\": \"\\u878d\\u8d44\"}}, {\"added\": {\"name\": \"\\u5c0f\\u5206\\u7c7b\", \"object\": \"\\u8d44\\u8baf\"}}, {\"added\": {\"name\": \"\\u5c0f\\u5206\\u7c7b\", \"object\": \"\\u627e\\u4eba\"}}, {\"added\": {\"name\": \"\\u5c0f\\u5206\\u7c7b\", \"object\": \"\\u4f17\\u7b79\"}}, {\"added\": {\"name\": \"\\u5c0f\\u5206\\u7c7b\", \"object\": \"\\u5916\\u5305\"}}]',7,1),(32,'2018-07-14 10:51:57','10','Android',2,'[{\"added\": {\"name\": \"\\u5c0f\\u5206\\u7c7b\", \"object\": \"\\u5b98\\u7f51\"}}, {\"added\": {\"name\": \"\\u5c0f\\u5206\\u7c7b\", \"object\": \"\\u793e\\u533a\"}}, {\"added\": {\"name\": \"\\u5c0f\\u5206\\u7c7b\", \"object\": \"\\u8f6f\\u4ef6\"}}, {\"added\": {\"name\": \"\\u5c0f\\u5206\\u7c7b\", \"object\": \"\\u7f51\\u7edc\\u6846\\u67b6\"}}, {\"added\": {\"name\": \"\\u5c0f\\u5206\\u7c7b\", \"object\": \"\\u56fe\\u7247\\u6846\\u67b6\"}}, {\"added\": {\"name\": \"\\u5c0f\\u5206\\u7c7b\", \"object\": \"\\u6570\\u636e\\u5e93\"}}, {\"added\": {\"name\": \"\\u5c0f\\u5206\\u7c7b\", \"object\": \"H5\\u6846\\u67b6\"}}, {\"added\": {\"name\": \"\\u5c0f\\u5206\\u7c7b\", \"object\": \"\\u4f9d\\u8d56\\u6ce8\\u5165\"}}, {\"added\": {\"name\": \"\\u5c0f\\u5206\\u7c7b\", \"object\": \"\\u56fe\\u8868\\u6846\\u67b6\"}}, {\"added\": {\"name\": \"\\u5c0f\\u5206\\u7c7b\", \"object\": \"\\u7efc\\u5408\"}}]',7,1),(33,'2018-07-14 10:52:46','11','IOS',2,'[{\"added\": {\"name\": \"\\u5c0f\\u5206\\u7c7b\", \"object\": \"\\u5b98\\u7f51\"}}, {\"added\": {\"name\": \"\\u5c0f\\u5206\\u7c7b\", \"object\": \"\\u793e\\u533a\"}}, {\"added\": {\"name\": \"\\u5c0f\\u5206\\u7c7b\", \"object\": \"\\u7f51\\u7edc\\u6846\\u67b6\"}}, {\"added\": {\"name\": \"\\u5c0f\\u5206\\u7c7b\", \"object\": \"\\u56fe\\u7247\\u6846\\u67b6\"}}, {\"added\": {\"name\": \"\\u5c0f\\u5206\\u7c7b\", \"object\": \"\\u56fe\\u8868\\u6846\\u67b6\"}}, {\"added\": {\"name\": \"\\u5c0f\\u5206\\u7c7b\", \"object\": \"\\u6570\\u636e\\u5e93\"}}, {\"added\": {\"name\": \"\\u5c0f\\u5206\\u7c7b\", \"object\": \"H5\\u6846\\u67b6\"}}, {\"added\": {\"name\": \"\\u5c0f\\u5206\\u7c7b\", \"object\": \"\\u54cd\\u5e94\\u5f0f\"}}, {\"added\": {\"name\": \"\\u5c0f\\u5206\\u7c7b\", \"object\": \"\\u6d4b\\u8bd5\\u8c03\\u8bd5\"}}, {\"added\": {\"name\": \"\\u5c0f\\u5206\\u7c7b\", \"object\": \"UI\\u6846\\u67b6\"}}]',7,1),(34,'2018-07-14 10:53:36','12','JavaWeb',2,'[{\"added\": {\"name\": \"\\u5c0f\\u5206\\u7c7b\", \"object\": \"\\u5b98\\u7f51\"}}, {\"added\": {\"name\": \"\\u5c0f\\u5206\\u7c7b\", \"object\": \"\\u793e\\u533a\"}}, {\"added\": {\"name\": \"\\u5c0f\\u5206\\u7c7b\", \"object\": \"\\u6846\\u67b6\"}}, {\"added\": {\"name\": \"\\u5c0f\\u5206\\u7c7b\", \"object\": \"\\u8f6f\\u4ef6\"}}, {\"added\": {\"name\": \"\\u5c0f\\u5206\\u7c7b\", \"object\": \"\\u8bba\\u575b\"}}, {\"added\": {\"name\": \"\\u5c0f\\u5206\\u7c7b\", \"object\": \"\\u6e90\\u7801\"}}, {\"added\": {\"name\": \"\\u5c0f\\u5206\\u7c7b\", \"object\": \"\\u6559\\u7a0b\"}}, {\"added\": {\"name\": \"\\u5c0f\\u5206\\u7c7b\", \"object\": \"\\u5728\\u7ebf\\u5de5\\u5177\"}}, {\"added\": {\"name\": \"\\u5c0f\\u5206\\u7c7b\", \"object\": \"\\u6570\\u636e\\u5e93\"}}, {\"added\": {\"name\": \"\\u5c0f\\u5206\\u7c7b\", \"object\": \"\\u670d\\u52a1\\u5668\"}}]',7,1),(35,'2018-07-14 10:55:56','14','常用',1,'[{\"added\": {}}, {\"added\": {\"name\": \"\\u5c0f\\u5206\\u7c7b\", \"object\": \"\\u70ed\\u95e8\"}}, {\"added\": {\"name\": \"\\u5c0f\\u5206\\u7c7b\", \"object\": \"\\u793e\\u533a\"}}, {\"added\": {\"name\": \"\\u5c0f\\u5206\\u7c7b\", \"object\": \"\\u5f71\\u97f3\"}}, {\"added\": {\"name\": \"\\u5c0f\\u5206\\u7c7b\", \"object\": \"\\u90ae\\u7bb1\"}}, {\"added\": {\"name\": \"\\u5c0f\\u5206\\u7c7b\", \"object\": \"\\u65b0\\u95fb\"}}, {\"added\": {\"name\": \"\\u5c0f\\u5206\\u7c7b\", \"object\": \"\\u7535\\u5546\"}}, {\"added\": {\"name\": \"\\u5c0f\\u5206\\u7c7b\", \"object\": \"\\u6570\\u7801\"}}, {\"added\": {\"name\": \"\\u5c0f\\u5206\\u7c7b\", \"object\": \"\\u8d44\\u6e90\"}}, {\"added\": {\"name\": \"\\u5c0f\\u5206\\u7c7b\", \"object\": \"Google\"}}, {\"added\": {\"name\": \"\\u5c0f\\u5206\\u7c7b\", \"object\": \"\\u7efc\\u5408\"}}]',7,1),(36,'2018-07-14 10:56:40','15','知识',1,'[{\"added\": {}}, {\"added\": {\"name\": \"\\u5c0f\\u5206\\u7c7b\", \"object\": \"\\u516c\\u5f00\\u8bfe\"}}, {\"added\": {\"name\": \"\\u5c0f\\u5206\\u7c7b\", \"object\": \"\\u5728\\u7ebf\\u95ee\\u7b54\"}}, {\"added\": {\"name\": \"\\u5c0f\\u5206\\u7c7b\", \"object\": \"\\u5b66\\u672f\"}}, {\"added\": {\"name\": \"\\u5c0f\\u5206\\u7c7b\", \"object\": \"\\u56fe\\u4e66\\u8d44\\u6e90\"}}, {\"added\": {\"name\": \"\\u5c0f\\u5206\\u7c7b\", \"object\": \"\\u62a5\\u7eb8\"}}, {\"added\": {\"name\": \"\\u5c0f\\u5206\\u7c7b\", \"object\": \"\\u6742\\u5fd7\"}}, {\"added\": {\"name\": \"\\u5c0f\\u5206\\u7c7b\", \"object\": \"\\u7efc\\u5408\"}}]',7,1),(37,'2018-07-14 10:57:29','16','商业',1,'[{\"added\": {}}, {\"added\": {\"name\": \"\\u5c0f\\u5206\\u7c7b\", \"object\": \"\\u6742\\u5fd7\"}}, {\"added\": {\"name\": \"\\u5c0f\\u5206\\u7c7b\", \"object\": \"\\u4e13\\u5229\\u67e5\\u8be2\"}}, {\"added\": {\"name\": \"\\u5c0f\\u5206\\u7c7b\", \"object\": \"\\u4f17\\u7b79\"}}, {\"added\": {\"name\": \"\\u5c0f\\u5206\\u7c7b\", \"object\": \"\\u4e3b\\u673a\"}}, {\"added\": {\"name\": \"\\u5c0f\\u5206\\u7c7b\", \"object\": \"\\u98ce\\u6295\"}}, {\"added\": {\"name\": \"\\u5c0f\\u5206\\u7c7b\", \"object\": \"\\u6295\\u884c\"}}, {\"added\": {\"name\": \"\\u5c0f\\u5206\\u7c7b\", \"object\": \"\\u4ea4\\u6613\\u6240\"}}]',7,1),(38,'2018-07-14 10:57:57','17','科技',1,'[{\"added\": {}}, {\"added\": {\"name\": \"\\u5c0f\\u5206\\u7c7b\", \"object\": \"\\u4eba\\u5de5\\u667a\\u80fd\"}}, {\"added\": {\"name\": \"\\u5c0f\\u5206\\u7c7b\", \"object\": \"\\u865a\\u62df\\u73b0\\u5b9e\"}}, {\"added\": {\"name\": \"\\u5c0f\\u5206\\u7c7b\", \"object\": \"\\u751f\\u7269\"}}, {\"added\": {\"name\": \"\\u5c0f\\u5206\\u7c7b\", \"object\": \"\\u80fd\\u6e90\"}}, {\"added\": {\"name\": \"\\u5c0f\\u5206\\u7c7b\", \"object\": \"\\u7a7a\\u95f4\"}}, {\"added\": {\"name\": \"\\u5c0f\\u5206\\u7c7b\", \"object\": \"\\u673a\\u5668\\u4eba\"}}]',7,1),(39,'2018-07-14 10:58:58','18','港台',1,'[{\"added\": {}}, {\"added\": {\"name\": \"\\u5c0f\\u5206\\u7c7b\", \"object\": \"\\u9999\\u6e2f\\u62a5\\u7eb8\"}}, {\"added\": {\"name\": \"\\u5c0f\\u5206\\u7c7b\", \"object\": \"\\u9999\\u6e2f\\u5927\\u5b66\"}}, {\"added\": {\"name\": \"\\u5c0f\\u5206\\u7c7b\", \"object\": \"\\u9999\\u6e2f\\u793e\\u533a\"}}, {\"added\": {\"name\": \"\\u5c0f\\u5206\\u7c7b\", \"object\": \"\\u9999\\u6e2f\\u653f\\u5e9c\"}}, {\"added\": {\"name\": \"\\u5c0f\\u5206\\u7c7b\", \"object\": \"\\u53f0\\u6e7e\\u62a5\\u7eb8\"}}, {\"added\": {\"name\": \"\\u5c0f\\u5206\\u7c7b\", \"object\": \"\\u53f0\\u6e7e\\u793e\\u533a\"}}, {\"added\": {\"name\": \"\\u5c0f\\u5206\\u7c7b\", \"object\": \"\\u53f0\\u6e7e\\u65b0\\u95fb\"}}, {\"added\": {\"name\": \"\\u5c0f\\u5206\\u7c7b\", \"object\": \"\\u53f0\\u6e7e\\u673a\\u6784\"}}, {\"added\": {\"name\": \"\\u5c0f\\u5206\\u7c7b\", \"object\": \"\\u53f0\\u6e7e\\u5b66\\u6821\"}}]',7,1),(40,'2018-07-14 10:59:35','19','名品',1,'[{\"added\": {}}, {\"added\": {\"name\": \"\\u5c0f\\u5206\\u7c7b\", \"object\": \"\\u6c7d\\u8f66\"}}, {\"added\": {\"name\": \"\\u5c0f\\u5206\\u7c7b\", \"object\": \"\\u670d\\u88c5\"}}, {\"added\": {\"name\": \"\\u5c0f\\u5206\\u7c7b\", \"object\": \"\\u624b\\u8868\"}}, {\"added\": {\"name\": \"\\u5c0f\\u5206\\u7c7b\", \"object\": \"\\u5316\\u5986\\u54c1\"}}, {\"added\": {\"name\": \"\\u5c0f\\u5206\\u7c7b\", \"object\": \"\\u6e38\\u8247\"}}, {\"added\": {\"name\": \"\\u5c0f\\u5206\\u7c7b\", \"object\": \"\\u73e0\\u5b9d\"}}, {\"added\": {\"name\": \"\\u5c0f\\u5206\\u7c7b\", \"object\": \"\\u79c1\\u4eba\\u98de\\u673a\"}}, {\"added\": {\"name\": \"\\u5c0f\\u5206\\u7c7b\", \"object\": \"\\u7535\\u5b50\"}}]',7,1),(41,'2018-07-14 11:00:26','20','机构',1,'[{\"added\": {}}, {\"added\": {\"name\": \"\\u5c0f\\u5206\\u7c7b\", \"object\": \"\\u8054\\u5408\\u56fd\"}}, {\"added\": {\"name\": \"\\u5c0f\\u5206\\u7c7b\", \"object\": \"\\u7f8e\\u56fd\\u653f\\u5e9c\"}}, {\"added\": {\"name\": \"\\u5c0f\\u5206\\u7c7b\", \"object\": \"NGO\"}}, {\"added\": {\"name\": \"\\u5c0f\\u5206\\u7c7b\", \"object\": \"\\u79d1\\u7814\"}}, {\"added\": {\"name\": \"\\u5c0f\\u5206\\u7c7b\", \"object\": \"\\u91d1\\u878d\"}}, {\"added\": {\"name\": \"\\u5c0f\\u5206\\u7c7b\", \"object\": \"\\u8db3\\u7403\"}}, {\"added\": {\"name\": \"\\u5c0f\\u5206\\u7c7b\", \"object\": \"\\u7bee\\u7403\"}}, {\"added\": {\"name\": \"\\u5c0f\\u5206\\u7c7b\", \"object\": \"\\u7efc\\u5408\"}}]',7,1),(42,'2018-07-14 11:01:02','21','大学',1,'[{\"added\": {}}, {\"added\": {\"name\": \"\\u5c0f\\u5206\\u7c7b\", \"object\": \"\\u7f8e\\u56fd\"}}, {\"added\": {\"name\": \"\\u5c0f\\u5206\\u7c7b\", \"object\": \"\\u82f1\\u56fd\"}}, {\"added\": {\"name\": \"\\u5c0f\\u5206\\u7c7b\", \"object\": \"\\u52a0\\u62ff\\u5927\"}}, {\"added\": {\"name\": \"\\u5c0f\\u5206\\u7c7b\", \"object\": \"\\u6fb3\\u5927\\u5229\\u4e9a\"}}, {\"added\": {\"name\": \"\\u5c0f\\u5206\\u7c7b\", \"object\": \"\\u65b0\\u897f\\u5170\"}}, {\"added\": {\"name\": \"\\u5c0f\\u5206\\u7c7b\", \"object\": \"\\u5fb7\\u56fd\"}}, {\"added\": {\"name\": \"\\u5c0f\\u5206\\u7c7b\", \"object\": \"\\u6cd5\\u56fd\"}}, {\"added\": {\"name\": \"\\u5c0f\\u5206\\u7c7b\", \"object\": \"\\u65e5\\u672c\"}}]',7,1),(43,'2018-07-14 11:01:51','22','军事',1,'[{\"added\": {}}, {\"added\": {\"name\": \"\\u5c0f\\u5206\\u7c7b\", \"object\": \"\\u7f8e\\u56fd\"}}, {\"added\": {\"name\": \"\\u5c0f\\u5206\\u7c7b\", \"object\": \"\\u4fc4\\u7f57\\u65af\"}}, {\"added\": {\"name\": \"\\u5c0f\\u5206\\u7c7b\", \"object\": \"\\u65e5\\u672c\"}}, {\"added\": {\"name\": \"\\u5c0f\\u5206\\u7c7b\", \"object\": \"\\u5fb7\\u56fd\"}}, {\"added\": {\"name\": \"\\u5c0f\\u5206\\u7c7b\", \"object\": \"\\u82f1\\u56fd\"}}, {\"added\": {\"name\": \"\\u5c0f\\u5206\\u7c7b\", \"object\": \"\\u6cd5\\u56fd\"}}, {\"added\": {\"name\": \"\\u5c0f\\u5206\\u7c7b\", \"object\": \"\\u5370\\u5ea6\"}}, {\"added\": {\"name\": \"\\u5c0f\\u5206\\u7c7b\", \"object\": \"\\u4ee5\\u8272\\u5217\"}}, {\"added\": {\"name\": \"\\u5c0f\\u5206\\u7c7b\", \"object\": \"\\u8bba\\u575b\"}}, {\"added\": {\"name\": \"\\u5c0f\\u5206\\u7c7b\", \"object\": \"\\u519b\\u5de5\\u5382\"}}]',7,1),(44,'2018-07-14 11:02:38','23','趣味',1,'[{\"added\": {}}, {\"added\": {\"name\": \"\\u5c0f\\u5206\\u7c7b\", \"object\": \"\\u7a7a\\u95f4\"}}, {\"added\": {\"name\": \"\\u5c0f\\u5206\\u7c7b\", \"object\": \"\\u5947\\u8469\"}}, {\"added\": {\"name\": \"\\u5c0f\\u5206\\u7c7b\", \"object\": \"\\u521b\\u610f\"}}, {\"added\": {\"name\": \"\\u5c0f\\u5206\\u7c7b\", \"object\": \"\\u89c6\\u9891\"}}, {\"added\": {\"name\": \"\\u5c0f\\u5206\\u7c7b\", \"object\": \"\\u5730\\u56fe\"}}, {\"added\": {\"name\": \"\\u5c0f\\u5206\\u7c7b\", \"object\": \"\\u6570\\u636e\"}}, {\"added\": {\"name\": \"\\u5c0f\\u5206\\u7c7b\", \"object\": \"3D\"}}, {\"added\": {\"name\": \"\\u5c0f\\u5206\\u7c7b\", \"object\": \"\\u65e0\\u804a\"}}, {\"added\": {\"name\": \"\\u5c0f\\u5206\\u7c7b\", \"object\": \"\\u6280\\u672f\"}}, {\"added\": {\"name\": \"\\u5c0f\\u5206\\u7c7b\", \"object\": \"\\u5176\\u4ed6\"}}]',7,1),(45,'2018-07-14 11:02:45','16','商业',2,'[{\"changed\": {\"fields\": [\"guonei\"]}}]',7,1),(46,'2018-07-14 11:02:49','17','科技',2,'[{\"changed\": {\"fields\": [\"guonei\"]}}]',7,1),(47,'2018-07-14 11:02:54','18','港台',2,'[{\"changed\": {\"fields\": [\"guonei\"]}}]',7,1),(48,'2018-07-14 11:03:00','19','名品',2,'[{\"changed\": {\"fields\": [\"guonei\"]}}]',7,1),(49,'2018-07-14 11:03:05','20','机构',2,'[{\"changed\": {\"fields\": [\"guonei\"]}}]',7,1),(50,'2018-07-14 11:03:10','21','大学',2,'[{\"changed\": {\"fields\": [\"guonei\"]}}]',7,1),(51,'2018-07-14 11:03:15','22','军事',2,'[{\"changed\": {\"fields\": [\"guonei\"]}}]',7,1),(52,'2018-07-14 11:03:21','23','趣味',2,'[{\"changed\": {\"fields\": [\"guonei\"]}}]',7,1),(53,'2018-07-14 19:11:43','111','热门',2,'[{\"added\": {\"name\": \"\\u7ad9\\u70b9\", \"object\": \"\\u5fae\\u535a\"}}, {\"added\": {\"name\": \"\\u7ad9\\u70b9\", \"object\": \"\\u5fae\\u4fe1\"}}, {\"added\": {\"name\": \"\\u7ad9\\u70b9\", \"object\": \"\\u6dd8\\u5b9d\"}}, {\"added\": {\"name\": \"\\u7ad9\\u70b9\", \"object\": \"\\u4eac\\u4e1c\"}}, {\"added\": {\"name\": \"\\u7ad9\\u70b9\", \"object\": \"\\u767e\\u5ea6\\u4e91\\u76d8\"}}, {\"added\": {\"name\": \"\\u7ad9\\u70b9\", \"object\": \"\\u964c\\u964c\"}}]',10,1),(54,'2018-07-14 19:13:01','111','热门',2,'[{\"changed\": {\"name\": \"\\u7ad9\\u70b9\", \"object\": \"\\u5fae\\u535a\", \"fields\": [\"true_url\"]}}, {\"changed\": {\"name\": \"\\u7ad9\\u70b9\", \"object\": \"\\u5fae\\u4fe1\", \"fields\": [\"true_url\"]}}, {\"changed\": {\"name\": \"\\u7ad9\\u70b9\", \"object\": \"\\u6dd8\\u5b9d\", \"fields\": [\"true_url\"]}}, {\"changed\": {\"name\": \"\\u7ad9\\u70b9\", \"object\": \"\\u4eac\\u4e1c\", \"fields\": [\"true_url\"]}}, {\"changed\": {\"name\": \"\\u7ad9\\u70b9\", \"object\": \"\\u767e\\u5ea6\\u4e91\\u76d8\", \"fields\": [\"true_url\"]}}, {\"changed\": {\"name\": \"\\u7ad9\\u70b9\", \"object\": \"\\u964c\\u964c\", \"fields\": [\"true_url\"]}}]',10,1),(55,'2018-07-14 19:13:16','111','热门',2,'[{\"changed\": {\"name\": \"\\u7ad9\\u70b9\", \"object\": \"\\u964c\\u964c\", \"fields\": [\"true_url\"]}}]',10,1),(56,'2018-07-16 16:40:12','2','资讯',2,'[{\"added\": {\"name\": \"\\u7ad9\\u70b9\", \"object\": \"\\u4eca\\u65e5\\u5934\\u6761\"}}, {\"added\": {\"name\": \"\\u7ad9\\u70b9\", \"object\": \"\\u51e4\\u51f0\\u65b0\\u95fb\"}}, {\"added\": {\"name\": \"\\u7ad9\\u70b9\", \"object\": \"\\u7f51\\u6613\\u65b0\\u95fb\"}}, {\"added\": {\"name\": \"\\u7ad9\\u70b9\", \"object\": \"\\u817e\\u8baf\\u65b0\\u95fb\"}}, {\"added\": {\"name\": \"\\u7ad9\\u70b9\", \"object\": \"\\u597d\\u5947\\u5fc3\\u65e5\\u62a5\"}}, {\"added\": {\"name\": \"\\u7ad9\\u70b9\", \"object\": \"\\u864e\\u55c5\"}}]',10,1),(57,'2018-07-16 16:42:29','3','影音',2,'[{\"added\": {\"name\": \"\\u7ad9\\u70b9\", \"object\": \"\\u4f18\\u9177\"}}, {\"added\": {\"name\": \"\\u7ad9\\u70b9\", \"object\": \"\\u7231\\u5947\\u827a\"}}, {\"added\": {\"name\": \"\\u7ad9\\u70b9\", \"object\": \"\\u641c\\u72d0\\u89c6\\u9891\"}}, {\"added\": {\"name\": \"\\u7ad9\\u70b9\", \"object\": \"\\u817e\\u8baf\\u89c6\\u9891\"}}, {\"added\": {\"name\": \"\\u7ad9\\u70b9\", \"object\": \"\\u7f51\\u6613\\u4e91\\u97f3\\u4e50\"}}, {\"added\": {\"name\": \"\\u7ad9\\u70b9\", \"object\": \"\\u867e\\u7c73\\u97f3\\u4e50\"}}]',10,1),(58,'2018-07-16 16:44:33','4','邮箱',2,'[{\"added\": {\"name\": \"\\u7ad9\\u70b9\", \"object\": \"163\\u90ae\\u7bb1\"}}, {\"added\": {\"name\": \"\\u7ad9\\u70b9\", \"object\": \"126\\u90ae\\u7bb1\"}}, {\"added\": {\"name\": \"\\u7ad9\\u70b9\", \"object\": \"QQ\\u90ae\\u7bb1\"}}, {\"added\": {\"name\": \"\\u7ad9\\u70b9\", \"object\": \"\\u65b0\\u6d6a\\u90ae\\u7bb1\"}}, {\"added\": {\"name\": \"\\u7ad9\\u70b9\", \"object\": \"\\u817e\\u8baf\\u4f01\\u4e1a\\u90ae\\u7bb1\"}}, {\"added\": {\"name\": \"\\u7ad9\\u70b9\", \"object\": \"\\u641c\\u72d0\\u90ae\\u7bb1\"}}]',10,1),(59,'2018-07-16 16:45:00','2','资讯',2,'[{\"changed\": {\"name\": \"\\u7ad9\\u70b9\", \"object\": \"\\u4eca\\u65e5\\u5934\\u6761\", \"fields\": [\"true_url\"]}}, {\"changed\": {\"name\": \"\\u7ad9\\u70b9\", \"object\": \"\\u51e4\\u51f0\\u65b0\\u95fb\", \"fields\": [\"true_url\"]}}, {\"changed\": {\"name\": \"\\u7ad9\\u70b9\", \"object\": \"\\u7f51\\u6613\\u65b0\\u95fb\", \"fields\": [\"true_url\"]}}, {\"changed\": {\"name\": \"\\u7ad9\\u70b9\", \"object\": \"\\u817e\\u8baf\\u65b0\\u95fb\", \"fields\": [\"true_url\"]}}, {\"changed\": {\"name\": \"\\u7ad9\\u70b9\", \"object\": \"\\u597d\\u5947\\u5fc3\\u65e5\\u62a5\", \"fields\": [\"true_url\"]}}, {\"changed\": {\"name\": \"\\u7ad9\\u70b9\", \"object\": \"\\u864e\\u55c5\", \"fields\": [\"true_url\"]}}]',10,1),(60,'2018-07-16 16:45:24','3','影音',2,'[{\"changed\": {\"name\": \"\\u7ad9\\u70b9\", \"object\": \"\\u4f18\\u9177\", \"fields\": [\"true_url\"]}}, {\"changed\": {\"name\": \"\\u7ad9\\u70b9\", \"object\": \"\\u7231\\u5947\\u827a\", \"fields\": [\"true_url\"]}}, {\"changed\": {\"name\": \"\\u7ad9\\u70b9\", \"object\": \"\\u641c\\u72d0\\u89c6\\u9891\", \"fields\": [\"true_url\"]}}, {\"changed\": {\"name\": \"\\u7ad9\\u70b9\", \"object\": \"\\u817e\\u8baf\\u89c6\\u9891\", \"fields\": [\"true_url\"]}}, {\"changed\": {\"name\": \"\\u7ad9\\u70b9\", \"object\": \"\\u7f51\\u6613\\u4e91\\u97f3\\u4e50\", \"fields\": [\"true_url\"]}}, {\"changed\": {\"name\": \"\\u7ad9\\u70b9\", \"object\": \"\\u867e\\u7c73\\u97f3\\u4e50\", \"fields\": [\"true_url\"]}}]',10,1),(61,'2018-07-16 16:45:50','4','邮箱',2,'[{\"changed\": {\"name\": \"\\u7ad9\\u70b9\", \"object\": \"163\\u90ae\\u7bb1\", \"fields\": [\"true_url\"]}}, {\"changed\": {\"name\": \"\\u7ad9\\u70b9\", \"object\": \"126\\u90ae\\u7bb1\", \"fields\": [\"true_url\"]}}, {\"changed\": {\"name\": \"\\u7ad9\\u70b9\", \"object\": \"QQ\\u90ae\\u7bb1\", \"fields\": [\"true_url\"]}}, {\"changed\": {\"name\": \"\\u7ad9\\u70b9\", \"object\": \"\\u65b0\\u6d6a\\u90ae\\u7bb1\", \"fields\": [\"true_url\"]}}, {\"changed\": {\"name\": \"\\u7ad9\\u70b9\", \"object\": \"\\u817e\\u8baf\\u4f01\\u4e1a\\u90ae\\u7bb1\", \"fields\": [\"true_url\"]}}, {\"changed\": {\"name\": \"\\u7ad9\\u70b9\", \"object\": \"\\u641c\\u72d0\\u90ae\\u7bb1\", \"fields\": [\"true_url\"]}}]',10,1),(62,'2018-07-16 16:48:17','5','社区',2,'[{\"added\": {\"name\": \"\\u7ad9\\u70b9\", \"object\": \"\\u8c46\\u74e3\"}}, {\"added\": {\"name\": \"\\u7ad9\\u70b9\", \"object\": \"\\u5929\\u6daf\"}}, {\"added\": {\"name\": \"\\u7ad9\\u70b9\", \"object\": \"\\u767e\\u5ea6\\u8d34\\u5427\"}}, {\"added\": {\"name\": \"\\u7ad9\\u70b9\", \"object\": \"QQ\\u7a7a\\u95f4\"}}, {\"added\": {\"name\": \"\\u7ad9\\u70b9\", \"object\": \"\\u732b\\u6251\\u793e\\u533a\"}}, {\"added\": {\"name\": \"\\u7ad9\\u70b9\", \"object\": \"\\u4eba\\u4eba\\u7f51\"}}]',10,1),(63,'2018-07-16 16:54:29','6','办公',2,'[{\"added\": {\"name\": \"\\u7ad9\\u70b9\", \"object\": \"\\u8c37\\u6b4c\\u7ffb\\u8bd1\"}}, {\"added\": {\"name\": \"\\u7ad9\\u70b9\", \"object\": \"\\u6709\\u9053\\u8bcd\\u5178\"}}, {\"added\": {\"name\": \"\\u7ad9\\u70b9\", \"object\": \"\\u767e\\u5ea6\\u8f6f\\u4ef6\\u4e2d\\u5fc3\"}}, {\"added\": {\"name\": \"\\u7ad9\\u70b9\", \"object\": \"\\u817e\\u8baf\\u8f6f\\u4ef6\\u4e2d\\u5fc3\"}}, {\"added\": {\"name\": \"\\u7ad9\\u70b9\", \"object\": \"\\u5370\\u8c61\\u7b14\\u8bb0\"}}, {\"added\": {\"name\": \"\\u7ad9\\u70b9\", \"object\": \"\\u6709\\u9053\\u4e91\\u7b14\\u8bb0\"}}]',10,1),(64,'2018-07-16 16:57:06','7','学习',2,'[{\"added\": {\"name\": \"\\u7ad9\\u70b9\", \"object\": \"\\u7f51\\u6613\\u516c\\u5f00\\u8bfe\"}}, {\"added\": {\"name\": \"\\u7ad9\\u70b9\", \"object\": \"\\u7f51\\u6613\\u4e91\\u8bfe\\u5802\"}}, {\"added\": {\"name\": \"\\u7ad9\\u70b9\", \"object\": \"\\u591a\\u8d1d\\u516c\\u5f00\\u8bfe\"}}, {\"added\": {\"name\": \"\\u7ad9\\u70b9\", \"object\": \"\\u817e\\u8baf\\u8bfe\\u5802\"}}, {\"added\": {\"name\": \"\\u7ad9\\u70b9\", \"object\": \"\\u6781\\u5ba2\\u5b66\\u9662\"}}, {\"added\": {\"name\": \"\\u7ad9\\u70b9\", \"object\": \"\\u767e\\u5ea6\\u4f20\\u8bfe\"}}]',10,1),(65,'2018-07-16 17:00:07','8','资源',2,'[{\"added\": {\"name\": \"\\u7ad9\\u70b9\", \"object\": \"\\u8d44\\u6e90\\u732b\"}}, {\"added\": {\"name\": \"\\u7ad9\\u70b9\", \"object\": \"\\u7535\\u9a74\"}}, {\"added\": {\"name\": \"\\u7ad9\\u70b9\", \"object\": \"\\u641c\\u767e\\u5ea6\\u76d8\"}}, {\"added\": {\"name\": \"\\u7ad9\\u70b9\", \"object\": \"BT\\u8682\\u8681\"}}, {\"added\": {\"name\": \"\\u7ad9\\u70b9\", \"object\": \"\\u7231\\u95ee\\u5171\\u4eab\\u8d44\\u6599\"}}, {\"added\": {\"name\": \"\\u7ad9\\u70b9\", \"object\": \"\\u767e\\u5ea6\\u6587\\u5e93\"}}]',10,1),(66,'2018-07-16 17:02:49','9','百科',2,'[{\"added\": {\"name\": \"\\u7ad9\\u70b9\", \"object\": \"\\u7ef4\\u57fa\\u767e\\u79d1\"}}, {\"added\": {\"name\": \"\\u7ad9\\u70b9\", \"object\": \"\\u767e\\u5ea6\\u767e\\u79d1\"}}, {\"added\": {\"name\": \"\\u7ad9\\u70b9\", \"object\": \"\\u4e92\\u52a8\\u767e\\u79d1\"}}, {\"added\": {\"name\": \"\\u7ad9\\u70b9\", \"object\": \"MBA\\u667a\\u5e93\"}}, {\"added\": {\"name\": \"\\u7ad9\\u70b9\", \"object\": \"360\\u767e\\u79d1\"}}, {\"added\": {\"name\": \"\\u7ad9\\u70b9\", \"object\": \"\\u641c\\u72d7\\u767e\\u79d1\"}}]',10,1),(67,'2018-07-16 17:04:54','10','问答',2,'[{\"added\": {\"name\": \"\\u7ad9\\u70b9\", \"object\": \"\\u77e5\\u4e4e\"}}, {\"added\": {\"name\": \"\\u7ad9\\u70b9\", \"object\": \"\\u679c\\u58f3\"}}, {\"added\": {\"name\": \"\\u7ad9\\u70b9\", \"object\": \"\\u767e\\u5ea6\\u77e5\\u9053\"}}, {\"added\": {\"name\": \"\\u7ad9\\u70b9\", \"object\": \"\\u5929\\u6daf\\u77e5\\u9053\"}}, {\"added\": {\"name\": \"\\u7ad9\\u70b9\", \"object\": \"\\u65b0\\u6d6a\\u7231\\u95ee\"}}, {\"added\": {\"name\": \"\\u7ad9\\u70b9\", \"object\": \"360\\u95ee\\u7b54\"}}]',10,1),(68,'2018-07-16 17:07:31','11','足球',2,'[{\"added\": {\"name\": \"\\u7ad9\\u70b9\", \"object\": \"\\u864e\\u6251\\u8db3\\u7403\"}}, {\"added\": {\"name\": \"\\u7ad9\\u70b9\", \"object\": \"\\u4e50\\u89c6\\u8db3\\u7403\\u76f4\\u64ad\"}}, {\"added\": {\"name\": \"\\u7ad9\\u70b9\", \"object\": \"\\u65b0\\u6d6a\\u8db3\\u7403\"}}, {\"added\": {\"name\": \"\\u7ad9\\u70b9\", \"object\": \"\\u7f51\\u6613\\u8db3\\u7403\"}}, {\"added\": {\"name\": \"\\u7ad9\\u70b9\", \"object\": \"\\u8db3\\u534f\"}}, {\"added\": {\"name\": \"\\u7ad9\\u70b9\", \"object\": \"CCTV\"}}]',10,1),(69,'2018-07-16 17:11:37','12','篮球',2,'[{\"added\": {\"name\": \"\\u7ad9\\u70b9\", \"object\": \"\\u864e\\u6251NBA\"}}, {\"added\": {\"name\": \"\\u7ad9\\u70b9\", \"object\": \"\\u4e50\\u89c6\\u7bee\\u7403\\u76f4\\u64ad\"}}, {\"added\": {\"name\": \"\\u7ad9\\u70b9\", \"object\": \"\\u817e\\u8bafNBA\"}}, {\"added\": {\"name\": \"\\u7ad9\\u70b9\", \"object\": \"\\u65b0\\u6d6aNBA\"}}, {\"added\": {\"name\": \"\\u7ad9\\u70b9\", \"object\": \"NBA\\u5b98\\u7f51\"}}, {\"added\": {\"name\": \"\\u7ad9\\u70b9\", \"object\": \"CBA\\u5b98\\u7f51\"}}]',10,1),(70,'2018-07-16 17:14:36','13','军事',2,'[{\"added\": {\"name\": \"\\u7ad9\\u70b9\", \"object\": \"\\u51e4\\u51f0\\u519b\\u4e8b\"}}, {\"added\": {\"name\": \"\\u7ad9\\u70b9\", \"object\": \"\\u7a7a\\u519b\\u4e4b\\u7ffc\"}}, {\"added\": {\"name\": \"\\u7ad9\\u70b9\", \"object\": \"\\u8d85\\u7ea7\\u5927\\u672c\\u8425\"}}, {\"added\": {\"name\": \"\\u7ad9\\u70b9\", \"object\": \"\\u94c1\\u8840\\u7f51\"}}, {\"added\": {\"name\": \"\\u7ad9\\u70b9\", \"object\": \"\\u897f\\u9646\\u7f51\"}}, {\"added\": {\"name\": \"\\u7ad9\\u70b9\", \"object\": \"\\u7c73\\u5c14\\u519b\\u4e8b\"}}]',10,1),(71,'2018-07-16 17:17:22','16','汽车',2,'[{\"added\": {\"name\": \"\\u7ad9\\u70b9\", \"object\": \"\\u6c7d\\u8f66\\u4e4b\\u5bb6\"}}, {\"added\": {\"name\": \"\\u7ad9\\u70b9\", \"object\": \"\\u592a\\u5e73\\u6d0b\\u6c7d\\u8f66\"}}, {\"added\": {\"name\": \"\\u7ad9\\u70b9\", \"object\": \"\\u6613\\u8f66\"}}, {\"added\": {\"name\": \"\\u7ad9\\u70b9\", \"object\": \"\\u7231\\u5361\\u6c7d\\u8f66\"}}, {\"added\": {\"name\": \"\\u7ad9\\u70b9\", \"object\": \"\\u65b0\\u6d6a\\u6c7d\\u8f66\"}}, {\"added\": {\"name\": \"\\u7ad9\\u70b9\", \"object\": \"\\u641c\\u72d0\\u6c7d\\u8f66\"}}]',10,1),(72,'2018-07-16 17:19:27','15','游戏',2,'[{\"added\": {\"name\": \"\\u7ad9\\u70b9\", \"object\": \"\\u82f1\\u96c4\\u8054\\u76df\"}}, {\"added\": {\"name\": \"\\u7ad9\\u70b9\", \"object\": \"\\u9f99\\u4e4b\\u8c37\"}}, {\"added\": {\"name\": \"\\u7ad9\\u70b9\", \"object\": \"\\u9b54\\u517d\\u4e16\\u754c\"}}, {\"added\": {\"name\": \"\\u7ad9\\u70b9\", \"object\": \"\\u5766\\u514b\\u4e16\\u754c\"}}, {\"added\": {\"name\": \"\\u7ad9\\u70b9\", \"object\": \"\\u7a7f\\u8d8a\\u706b\\u7ebf\"}}, {\"added\": {\"name\": \"\\u7ad9\\u70b9\", \"object\": \"\\u5730\\u4e0b\\u57ce\\u4e0e\\u52c7\\u58eb\"}}]',10,1),(73,'2018-07-16 17:21:59','14','数码',2,'[{\"added\": {\"name\": \"\\u7ad9\\u70b9\", \"object\": \"\\u763e\\u79d1\\u6280\"}}, {\"added\": {\"name\": \"\\u7ad9\\u70b9\", \"object\": \"Zealer\"}}, {\"added\": {\"name\": \"\\u7ad9\\u70b9\", \"object\": \"\\u6570\\u5b57\\u5c3e\\u5df4\"}}, {\"added\": {\"name\": \"\\u7ad9\\u70b9\", \"object\": \"\\u4e2d\\u5173\\u6751\\u5728\\u7ebf\"}}, {\"added\": {\"name\": \"\\u7ad9\\u70b9\", \"object\": \"\\u592a\\u5e73\\u6d0b\\u7535\\u8111\"}}, {\"added\": {\"name\": \"\\u7ad9\\u70b9\", \"object\": \"\\u5927\\u7c73\\u8bc4\\u6d4b\"}}]',10,1),(74,'2018-07-16 17:24:18','18','美女',2,'[{\"added\": {\"name\": \"\\u7ad9\\u70b9\", \"object\": \"\\u5c24\\u679c\"}}, {\"added\": {\"name\": \"\\u7ad9\\u70b9\", \"object\": \"\\u82b1\\u74e3\"}}, {\"added\": {\"name\": \"\\u7ad9\\u70b9\", \"object\": \"\\u65e5\\u97e9\\u7f8e\\u5973\"}}, {\"added\": {\"name\": \"\\u7ad9\\u70b9\", \"object\": \"\\u65b0\\u6d6a\\u7f8e\\u5973\"}}, {\"added\": {\"name\": \"\\u7ad9\\u70b9\", \"object\": \"\\u591a\\u73a9\\u7f8e\\u5973\"}}, {\"added\": {\"name\": \"\\u7ad9\\u70b9\", \"object\": \"\\u7f8e\\u59738\"}}]',10,1),(75,'2018-07-16 17:27:19','17','财经',2,'[{\"added\": {\"name\": \"\\u7ad9\\u70b9\", \"object\": \"\\u4e1c\\u65b9\\u8d22\\u5bcc\"}}, {\"added\": {\"name\": \"\\u7ad9\\u70b9\", \"object\": \"\\u7b2c\\u4e00\\u8d22\\u7ecf\"}}, {\"added\": {\"name\": \"\\u7ad9\\u70b9\", \"object\": \"\\u548c\\u8baf\\u8d22\\u7ecf\"}}, {\"added\": {\"name\": \"\\u7ad9\\u70b9\", \"object\": \"\\u80a1\\u5427\"}}, {\"added\": {\"name\": \"\\u7ad9\\u70b9\", \"object\": \"\\u96ea\\u7403\"}}, {\"added\": {\"name\": \"\\u7ad9\\u70b9\", \"object\": \"\\u51e4\\u51f0\\u8d22\\u7ecf\"}}]',10,1),(76,'2018-07-16 17:30:12','19','科技',2,'[{\"added\": {\"name\": \"\\u7ad9\\u70b9\", \"object\": \"\\u96f7\\u950b\\u7f51\"}}, {\"added\": {\"name\": \"\\u7ad9\\u70b9\", \"object\": \"\\u6bd4\\u7279\\u7f51\"}}, {\"added\": {\"name\": \"\\u7ad9\\u70b9\", \"object\": \"\\u6781\\u5ba2\\u516c\\u56ed\"}}, {\"added\": {\"name\": \"\\u7ad9\\u70b9\", \"object\": \"\\u7231\\u8303\\u513f\"}}, {\"added\": {\"name\": \"\\u7ad9\\u70b9\", \"object\": \"\\u949b\\u5a92\\u4f53\"}}, {\"added\": {\"name\": \"\\u7ad9\\u70b9\", \"object\": \"\\u82b1\\u706b\"}}]',10,1),(77,'2018-07-16 17:32:40','20','减肥',2,'[{\"added\": {\"name\": \"\\u7ad9\\u70b9\", \"object\": \"39\\u5065\\u5eb7\\u51cf\\u80a5\"}}, {\"added\": {\"name\": \"\\u7ad9\\u70b9\", \"object\": \"\\u51cf\\u80a5\\u7626\\u8eab\"}}, {\"added\": {\"name\": \"\\u7ad9\\u70b9\", \"object\": \"6631\"}}, {\"added\": {\"name\": \"\\u7ad9\\u70b9\", \"object\": \"\\u51cf\\u80a5\\u7f51\"}}, {\"added\": {\"name\": \"\\u7ad9\\u70b9\", \"object\": \"\\u8584\\u8377\"}}, {\"added\": {\"name\": \"\\u7ad9\\u70b9\", \"object\": \"\\u7231\\u7f8e\\u7626\\u8eab\"}}]',10,1),(78,'2018-07-16 17:34:56','21','美容',2,'[{\"added\": {\"name\": \"\\u7ad9\\u70b9\", \"object\": \"\\u641c\\u72d0\\u5973\\u4eba\"}}, {\"added\": {\"name\": \"\\u7ad9\\u70b9\", \"object\": \"YOKA\\u7f8e\\u5bb9\"}}, {\"added\": {\"name\": \"\\u7ad9\\u70b9\", \"object\": \"onlyLady\"}}, {\"added\": {\"name\": \"\\u7ad9\\u70b9\", \"object\": \"pcLady\"}}, {\"added\": {\"name\": \"\\u7ad9\\u70b9\", \"object\": \"\\u817e\\u8baf\\u5973\\u6027\"}}, {\"added\": {\"name\": \"\\u7ad9\\u70b9\", \"object\": \"\\u7f51\\u6613\\u7f8e\\u5bb9\"}}]',10,1),(79,'2018-07-16 17:37:11','22','星座',2,'[{\"added\": {\"name\": \"\\u7ad9\\u70b9\", \"object\": \"\\u661f\\u5ea7\\u5c4b\"}}, {\"added\": {\"name\": \"\\u7ad9\\u70b9\", \"object\": \"\\u7b2c\\u4e00\\u661f\\u5ea7\"}}, {\"added\": {\"name\": \"\\u7ad9\\u70b9\", \"object\": \"\\u817e\\u8baf\\u661f\\u5ea7\"}}, {\"added\": {\"name\": \"\\u7ad9\\u70b9\", \"object\": \"\\u7f51\\u6613\\u661f\\u5ea7\"}}, {\"added\": {\"name\": \"\\u7ad9\\u70b9\", \"object\": \"\\u641c\\u72d0\\u661f\\u5ea7\"}}, {\"added\": {\"name\": \"\\u7ad9\\u70b9\", \"object\": \"\\u65b0\\u6d6a\\u661f\\u5ea7\"}}]',10,1),(80,'2018-07-16 17:39:30','24','母婴',2,'[{\"added\": {\"name\": \"\\u7ad9\\u70b9\", \"object\": \"\\u592a\\u5e73\\u6d0b\\u4eb2\\u5b50\"}}, {\"added\": {\"name\": \"\\u7ad9\\u70b9\", \"object\": \"\\u5988\\u5988\\u7f51\"}}, {\"added\": {\"name\": \"\\u7ad9\\u70b9\", \"object\": \"\\u871c\\u82bd\\u7f51\"}}, {\"added\": {\"name\": \"\\u7ad9\\u70b9\", \"object\": \"\\u4eb2\\u4eb2\\u5b9d\\u8d1d\"}}, {\"added\": {\"name\": \"\\u7ad9\\u70b9\", \"object\": \"\\u65b0\\u6d6a\\u80b2\\u513f\"}}, {\"added\": {\"name\": \"\\u7ad9\\u70b9\", \"object\": \"\\u641c\\u72d0\\u6bcd\\u5a74\"}}]',10,1),(81,'2018-07-16 17:42:15','23','奢侈品',2,'[{\"added\": {\"name\": \"\\u7ad9\\u70b9\", \"object\": \"net-a-porter\"}}, {\"added\": {\"name\": \"\\u7ad9\\u70b9\", \"object\": \"yoox\"}}, {\"added\": {\"name\": \"\\u7ad9\\u70b9\", \"object\": \"\\u7b2c\\u4e94\\u5927\\u9053\"}}, {\"added\": {\"name\": \"\\u7ad9\\u70b9\", \"object\": \"\\u4f18\\u4f17\"}}, {\"added\": {\"name\": \"\\u7ad9\\u70b9\", \"object\": \"\\u5bfa\\u5e93\"}}, {\"added\": {\"name\": \"\\u7ad9\\u70b9\", \"object\": \"farfetch\"}}]',10,1),(82,'2018-07-16 17:45:29','111','热门',2,'[{\"added\": {\"name\": \"\\u7ad9\\u70b9\", \"object\": \"\\u8138\\u4e66\"}}, {\"added\": {\"name\": \"\\u7ad9\\u70b9\", \"object\": \"\\u6cb9\\u7ba1\"}}, {\"added\": {\"name\": \"\\u7ad9\\u70b9\", \"object\": \"\\u7167\\u7247\\u5899\"}}, {\"added\": {\"name\": \"\\u7ad9\\u70b9\", \"object\": \"\\u63a8\\u7279\"}}, {\"added\": {\"name\": \"\\u7ad9\\u70b9\", \"object\": \"\\u6c64\\u4e0d\\u70ed\"}}, {\"added\": {\"name\": \"\\u7ad9\\u70b9\", \"object\": \"\\u8c37\\u6b4c+\"}}]',10,1),(83,'2018-07-16 17:55:41','113','影音',2,'[{\"added\": {\"name\": \"\\u7ad9\\u70b9\", \"object\": \"Hulu\"}}, {\"added\": {\"name\": \"\\u7ad9\\u70b9\", \"object\": \"\\u70c2\\u756a\\u8304\"}}, {\"added\": {\"name\": \"\\u7ad9\\u70b9\", \"object\": \"Vimeo\"}}, {\"added\": {\"name\": \"\\u7ad9\\u70b9\", \"object\": \"Spotify\"}}, {\"added\": {\"name\": \"\\u7ad9\\u70b9\", \"object\": \"IMDb\"}}, {\"added\": {\"name\": \"\\u7ad9\\u70b9\", \"object\": \"\\u6f58\\u591a\\u62c9\"}}]',10,1),(84,'2018-07-16 17:58:16','112','社区',2,'[{\"added\": {\"name\": \"\\u7ad9\\u70b9\", \"object\": \"Reddit\"}}, {\"added\": {\"name\": \"\\u7ad9\\u70b9\", \"object\": \"\\u9886\\u82f1\"}}, {\"added\": {\"name\": \"\\u7ad9\\u70b9\", \"object\": \"\\u96c5\\u864e\"}}, {\"added\": {\"name\": \"\\u7ad9\\u70b9\", \"object\": \"\\u62fc\\u8da3\"}}, {\"added\": {\"name\": \"\\u7ad9\\u70b9\", \"object\": \"\\u7ef4\\u57fa\\u767e\\u79d1\"}}, {\"added\": {\"name\": \"\\u7ad9\\u70b9\", \"object\": \"Quora\"}}]',10,1),(85,'2018-07-16 18:00:43','115','新闻',2,'[{\"added\": {\"name\": \"\\u7ad9\\u70b9\", \"object\": \"CNN\"}}, {\"added\": {\"name\": \"\\u7ad9\\u70b9\", \"object\": \"BBC\"}}, {\"added\": {\"name\": \"\\u7ad9\\u70b9\", \"object\": \"\\u8c37\\u6b4c\\u65b0\\u95fb\"}}, {\"added\": {\"name\": \"\\u7ad9\\u70b9\", \"object\": \"\\u798f\\u514b\\u65af\\u65b0\\u95fb\"}}, {\"added\": {\"name\": \"\\u7ad9\\u70b9\", \"object\": \"\\u96c5\\u864e\\u65b0\\u95fb\"}}, {\"added\": {\"name\": \"\\u7ad9\\u70b9\", \"object\": \"SalonNews\"}}]',10,1),(86,'2018-07-16 18:03:08','114','邮箱',2,'[{\"added\": {\"name\": \"\\u7ad9\\u70b9\", \"object\": \"Gmail\"}}, {\"added\": {\"name\": \"\\u7ad9\\u70b9\", \"object\": \"YahooMail\"}}, {\"added\": {\"name\": \"\\u7ad9\\u70b9\", \"object\": \"OutlookMail\"}}, {\"added\": {\"name\": \"\\u7ad9\\u70b9\", \"object\": \"AOLMail\"}}, {\"added\": {\"name\": \"\\u7ad9\\u70b9\", \"object\": \"zohoMail\"}}, {\"added\": {\"name\": \"\\u7ad9\\u70b9\", \"object\": \"Mail\"}}]',10,1),(87,'2018-07-16 18:05:53','117','数码',2,'[{\"added\": {\"name\": \"\\u7ad9\\u70b9\", \"object\": \"\\u763e\\u79d1\\u6280\"}}, {\"added\": {\"name\": \"\\u7ad9\\u70b9\", \"object\": \"TheVerge\"}}, {\"added\": {\"name\": \"\\u7ad9\\u70b9\", \"object\": \"DigitalTrends\"}}, {\"added\": {\"name\": \"\\u7ad9\\u70b9\", \"object\": \"CM\\u56e2\\u961f\"}}, {\"added\": {\"name\": \"\\u7ad9\\u70b9\", \"object\": \"Anandtech\"}}, {\"added\": {\"name\": \"\\u7ad9\\u70b9\", \"object\": \"NotebookCheck\"}}]',10,1),(88,'2018-07-16 18:08:42','116','电商',2,'[{\"added\": {\"name\": \"\\u7ad9\\u70b9\", \"object\": \"\\u4e9a\\u9a6c\\u900a\"}}, {\"added\": {\"name\": \"\\u7ad9\\u70b9\", \"object\": \"Ebay\"}}, {\"added\": {\"name\": \"\\u7ad9\\u70b9\", \"object\": \"NewEgg\"}}, {\"added\": {\"name\": \"\\u7ad9\\u70b9\", \"object\": \"GroupOn\"}}, {\"added\": {\"name\": \"\\u7ad9\\u70b9\", \"object\": \"Esty\"}}, {\"added\": {\"name\": \"\\u7ad9\\u70b9\", \"object\": \"Target\"}}]',10,1),(89,'2018-07-16 18:10:55','120','综合',2,'[{\"added\": {\"name\": \"\\u7ad9\\u70b9\", \"object\": \"\\u7f8e\\u56fd\\u5728\\u7ebf\"}}, {\"added\": {\"name\": \"\\u7ad9\\u70b9\", \"object\": \"TED\"}}, {\"added\": {\"name\": \"\\u7ad9\\u70b9\", \"object\": \"\\u7f8e\\u56fd\\u4e4b\\u58f0\"}}, {\"added\": {\"name\": \"\\u7ad9\\u70b9\", \"object\": \"500PX\"}}, {\"added\": {\"name\": \"\\u7ad9\\u70b9\", \"object\": \"\\u683c\\u83b1\\u7f8e\"}}, {\"added\": {\"name\": \"\\u7ad9\\u70b9\", \"object\": \"\\u5965\\u65af\\u5361\"}}]',10,1),(90,'2018-07-16 18:13:16','119','Google',2,'[{\"added\": {\"name\": \"\\u7ad9\\u70b9\", \"object\": \"\\u8c37\\u6b4c\\u5730\\u7403\"}}, {\"added\": {\"name\": \"\\u7ad9\\u70b9\", \"object\": \"\\u8c37\\u6b4c\\u5730\\u56fe\"}}, {\"added\": {\"name\": \"\\u7ad9\\u70b9\", \"object\": \"\\u8c37\\u6b4c\\u5b66\\u672f\"}}, {\"added\": {\"name\": \"\\u7ad9\\u70b9\", \"object\": \"\\u8c37\\u6b4c+\"}}, {\"added\": {\"name\": \"\\u7ad9\\u70b9\", \"object\": \"\\u8c37\\u6b4c\\u56fe\\u4e66\"}}, {\"added\": {\"name\": \"\\u7ad9\\u70b9\", \"object\": \"GooglePlay\"}}]',10,1),(91,'2018-07-16 18:15:28','118','资源',2,'[{\"added\": {\"name\": \"\\u7ad9\\u70b9\", \"object\": \"\\u6d77\\u76d7\\u6e7e\"}}, {\"added\": {\"name\": \"\\u7ad9\\u70b9\", \"object\": \"kickasstorrentsan\"}}, {\"added\": {\"name\": \"\\u7ad9\\u70b9\", \"object\": \"btsynckeys\"}}, {\"added\": {\"name\": \"\\u7ad9\\u70b9\", \"object\": \"mininova\"}}, {\"added\": {\"name\": \"\\u7ad9\\u70b9\", \"object\": \"btmeet\"}}, {\"added\": {\"name\": \"\\u7ad9\\u70b9\", \"object\": \"btdigg\"}}]',10,1),(92,'2018-07-16 21:23:04','1','admin',2,'[{\"changed\": {\"fields\": [\"password\"]}}]',4,1);
/*!40000 ALTER TABLE `django_admin_log` ENABLE KEYS */;
UNLOCK TABLES;

--
-- Table structure for table `django_content_type`
--

DROP TABLE IF EXISTS `django_content_type`;
/*!40101 SET @saved_cs_client     = @@character_set_client */;
/*!40101 SET character_set_client = utf8 */;
CREATE TABLE `django_content_type` (
  `id` int(11) NOT NULL AUTO_INCREMENT,
  `app_label` varchar(100) NOT NULL,
  `model` varchar(100) NOT NULL,
  PRIMARY KEY (`id`),
  UNIQUE KEY `django_content_type_app_label_model_76bd3d3b_uniq` (`app_label`,`model`)
) ENGINE=InnoDB AUTO_INCREMENT=10 DEFAULT CHARSET=utf8;
/*!40101 SET character_set_client = @saved_cs_client */;

--
-- Dumping data for table `django_content_type`
--

LOCK TABLES `django_content_type` WRITE;
/*!40000 ALTER TABLE `django_content_type` DISABLE KEYS */;
INSERT INTO `django_content_type` VALUES (1,'admin','logentry'),(3,'auth','group'),(2,'auth','permission'),(4,'auth','user'),(5,'contenttypes','contenttype'),(6,'sessions','session'),(7,'web','category'),(9,'web','site'),(8,'web','smallcategory');
/*!40000 ALTER TABLE `django_content_type` ENABLE KEYS */;
UNLOCK TABLES;

--
-- Table structure for table `django_migrations`
--

DROP TABLE IF EXISTS `django_migrations`;
/*!40101 SET @saved_cs_client     = @@character_set_client */;
/*!40101 SET character_set_client = utf8 */;
CREATE TABLE `django_migrations` (
  `id` int(11) NOT NULL AUTO_INCREMENT,
  `app` varchar(255) NOT NULL,
  `name` varchar(255) NOT NULL,
  `applied` datetime NOT NULL,
  PRIMARY KEY (`id`)
) ENGINE=InnoDB AUTO_INCREMENT=19 DEFAULT CHARSET=utf8;
/*!40101 SET character_set_client = @saved_cs_client */;

--
-- Dumping data for table `django_migrations`
--

LOCK TABLES `django_migrations` WRITE;
/*!40000 ALTER TABLE `django_migrations` DISABLE KEYS */;
INSERT INTO `django_migrations` VALUES (1,'contenttypes','0001_initial','2018-07-16 19:39:41'),(2,'auth','0001_initial','2018-07-16 19:39:41'),(3,'admin','0001_initial','2018-07-16 19:39:41'),(4,'admin','0002_logentry_remove_auto_add','2018-07-16 19:39:41'),(5,'contenttypes','0002_remove_content_type_name','2018-07-16 19:39:42'),(6,'auth','0002_alter_permission_name_max_length','2018-07-16 19:39:42'),(7,'auth','0003_alter_user_email_max_length','2018-07-16 19:39:42'),(8,'auth','0004_alter_user_username_opts','2018-07-16 19:39:42'),(9,'auth','0005_alter_user_last_login_null','2018-07-16 19:39:42'),(10,'auth','0006_require_contenttypes_0002','2018-07-16 19:39:42'),(11,'auth','0007_alter_validators_add_error_messages','2018-07-16 19:39:42'),(12,'auth','0008_alter_user_username_max_length','2018-07-16 19:39:42'),(13,'auth','0009_alter_user_last_name_max_length','2018-07-16 19:39:42'),(14,'sessions','0001_initial','2018-07-16 19:39:42'),(15,'web','0001_initial','2018-07-16 19:39:43'),(16,'web','0002_auto_20180714_1043','2018-07-16 19:39:43'),(17,'web','0003_auto_20180714_1902','2018-07-16 19:39:43'),(18,'web','0004_auto_20180716_1938','2018-07-16 19:39:43');
/*!40000 ALTER TABLE `django_migrations` ENABLE KEYS */;
UNLOCK TABLES;

--
-- Table structure for table `django_session`
--

DROP TABLE IF EXISTS `django_session`;
/*!40101 SET @saved_cs_client     = @@character_set_client */;
/*!40101 SET character_set_client = utf8 */;
CREATE TABLE `django_session` (
  `session_key` varchar(40) NOT NULL,
  `session_data` longtext NOT NULL,
  `expire_date` datetime NOT NULL,
  PRIMARY KEY (`session_key`),
  KEY `django_session_expire_date_a5c62663` (`expire_date`)
) ENGINE=InnoDB DEFAULT CHARSET=utf8;
/*!40101 SET character_set_client = @saved_cs_client */;

--
-- Dumping data for table `django_session`
--

LOCK TABLES `django_session` WRITE;
/*!40000 ALTER TABLE `django_session` DISABLE KEYS */;
INSERT INTO `django_session` VALUES ('dcueodetckl0i88qf06idgrub71hekl5','ZmRhZGRjNmIyMmU2NGZhNmEzZGE2NWY4ZjlhNmI5MjhiMzE5ZjJkMjp7Il9hdXRoX3VzZXJfaWQiOiIxIiwiX2F1dGhfdXNlcl9iYWNrZW5kIjoiZGphbmdvLmNvbnRyaWIuYXV0aC5iYWNrZW5kcy5Nb2RlbEJhY2tlbmQiLCJfYXV0aF91c2VyX2hhc2giOiI4NTAyMjUzYjMwZGIwODZkZjViYzlkMjkwNDE5MTBhMzU3NThjMWZmIn0=','2018-07-30 21:23:04'),('f3sabrnq764v7qza7fxup02xeoltfnqt','NGU2NzRlOTgxN2M5YjFlY2UzZGM1MDhkYWRmMmVlMTQ3ZTI2OGFiMDp7Il9hdXRoX3VzZXJfaWQiOiIxIiwiX2F1dGhfdXNlcl9iYWNrZW5kIjoiZGphbmdvLmNvbnRyaWIuYXV0aC5iYWNrZW5kcy5Nb2RlbEJhY2tlbmQiLCJfYXV0aF91c2VyX2hhc2giOiIzYmE1ZDAzYjVhYmNmZGU2NjNkNjU4MzMxNTAyZGFhYmFmODRkZTE1In0=','2018-07-30 19:43:21'),('lo6qxb7xgkvhw07o6o226v6wliqado56','NGU2NzRlOTgxN2M5YjFlY2UzZGM1MDhkYWRmMmVlMTQ3ZTI2OGFiMDp7Il9hdXRoX3VzZXJfaWQiOiIxIiwiX2F1dGhfdXNlcl9iYWNrZW5kIjoiZGphbmdvLmNvbnRyaWIuYXV0aC5iYWNrZW5kcy5Nb2RlbEJhY2tlbmQiLCJfYXV0aF91c2VyX2hhc2giOiIzYmE1ZDAzYjVhYmNmZGU2NjNkNjU4MzMxNTAyZGFhYmFmODRkZTE1In0=','2018-07-30 16:31:21'),('plxo7u2vrde83dndtds8q7dw3rkw0hcx','NGU2NzRlOTgxN2M5YjFlY2UzZGM1MDhkYWRmMmVlMTQ3ZTI2OGFiMDp7Il9hdXRoX3VzZXJfaWQiOiIxIiwiX2F1dGhfdXNlcl9iYWNrZW5kIjoiZGphbmdvLmNvbnRyaWIuYXV0aC5iYWNrZW5kcy5Nb2RlbEJhY2tlbmQiLCJfYXV0aF91c2VyX2hhc2giOiIzYmE1ZDAzYjVhYmNmZGU2NjNkNjU4MzMxNTAyZGFhYmFmODRkZTE1In0=','2018-07-28 10:20:44');
/*!40000 ALTER TABLE `django_session` ENABLE KEYS */;
UNLOCK TABLES;

--
-- Table structure for table `web_category`
--

DROP TABLE IF EXISTS `web_category`;
/*!40101 SET @saved_cs_client     = @@character_set_client */;
/*!40101 SET character_set_client = utf8 */;
CREATE TABLE `web_category` (
  `id` int(11) NOT NULL AUTO_INCREMENT,
  `name` varchar(100) NOT NULL,
  `created_time` datetime NOT NULL,
  `guonei` tinyint(1) NOT NULL,
  PRIMARY KEY (`id`)
) ENGINE=InnoDB AUTO_INCREMENT=24 DEFAULT CHARSET=utf8;
/*!40101 SET character_set_client = @saved_cs_client */;

--
-- Dumping data for table `web_category`
--

LOCK TABLES `web_category` WRITE;
/*!40000 ALTER TABLE `web_category` DISABLE KEYS */;
INSERT INTO `web_category` VALUES (1,'常用','2018-07-14 10:21:12',1),(2,'男生','2018-07-14 10:21:16',1),(3,'女生','2018-07-14 10:21:20',1),(4,'生活','2018-07-14 10:21:26',1),(5,'设计','2018-07-14 10:21:28',1),(6,'产品','2018-07-14 10:21:32',1),(7,'职能','2018-07-14 10:21:43',1),(8,'运营','2018-07-14 10:21:47',1),(9,'创业','2018-07-14 10:21:50',1),(10,'Android','2018-07-14 10:21:54',1),(11,'IOS','2018-07-14 10:22:02',1),(12,'JavaWeb','2018-07-14 10:22:11',1),(13,'趣味','2018-07-14 10:22:18',1),(14,'常用','2018-07-14 10:55:56',0),(15,'知识','2018-07-14 10:56:40',0),(16,'商业','2018-07-14 10:57:29',0),(17,'科技','2018-07-14 10:57:57',0),(18,'港台','2018-07-14 10:58:58',0),(19,'名品','2018-07-14 10:59:35',0),(20,'机构','2018-07-14 11:00:26',0),(21,'大学','2018-07-14 11:01:02',0),(22,'军事','2018-07-14 11:01:51',0),(23,'趣味','2018-07-14 11:02:38',0);
/*!40000 ALTER TABLE `web_category` ENABLE KEYS */;
UNLOCK TABLES;

--
-- Table structure for table `web_site`
--

DROP TABLE IF EXISTS `web_site`;
/*!40101 SET @saved_cs_client     = @@character_set_client */;
/*!40101 SET character_set_client = utf8 */;
CREATE TABLE `web_site` (
  `id` int(11) NOT NULL AUTO_INCREMENT,
  `name` varchar(20) NOT NULL,
  `desc` varchar(100) NOT NULL,
  `image_url` varchar(100) NOT NULL,
  `true_url` varchar(100) NOT NULL,
  `created_time` datetime NOT NULL,
  `smallcategory_id` int(11) NOT NULL,
  PRIMARY KEY (`id`),
  KEY `web_site_smallcategory_id_c2102be7_fk_web_smallcategory_id` (`smallcategory_id`),
  CONSTRAINT `web_site_smallcategory_id_c2102be7_fk_web_smallcategory_id` FOREIGN KEY (`smallcategory_id`) REFERENCES `web_smallcategory` (`id`)
) ENGINE=InnoDB AUTO_INCREMENT=205 DEFAULT CHARSET=utf8;
/*!40101 SET character_set_client = @saved_cs_client */;

--
-- Dumping data for table `web_site`
--

LOCK TABLES `web_site` WRITE;
/*!40000 ALTER TABLE `web_site` DISABLE KEYS */;
INSERT INTO `web_site` VALUES (1,'微博','微博','images/Site/2018/07/14/e4715cc1ea054d64a7d92b3bf58c698e.png','http://weibo.com/','2018-07-14 19:11:43',1),(2,'微信','微信','images/Site/2018/07/14/7ef1d97987414f8aa30f823d46d5a219.png','https://wx.qq.com/','2018-07-14 19:11:43',1),(3,'淘宝','淘宝','images/Site/2018/07/14/f1e2417e79034e9ea0dc547e7f7c954f.png','https://www.taobao.com/','2018-07-14 19:11:43',1),(4,'京东','京东','images/Site/2018/07/14/01c7a3a797024c2ba55dd8151df02449.png','https://www.jd.com/','2018-07-14 19:11:43',1),(5,'百度云盘','百度云盘','images/Site/2018/07/14/9fb25b422ce34a1c8f8148582b314928.png','http://pan.baidu.com/','2018-07-14 19:11:43',1),(6,'陌陌','陌陌','images/Site/2018/07/14/c930fe68d5a04e23bdc6e5b05fbb443e.png','https://web.immomo.com/','2018-07-14 19:11:43',1),(7,'今日头条','今日头条','images/Site/2018/07/16/de9f02e977874602a09059212a3bd626.png','http://www.toutiao.com/','2018-07-16 16:40:12',2),(8,'凤凰新闻','凤凰新闻','images/Site/2018/07/16/1140fa83c982413f8fa80fe79f576ad6.png','http://news.ifeng.com/','2018-07-16 16:40:12',2),(9,'网易新闻','网易新闻','images/Site/2018/07/16/a36a30473672472c85ce38566a8bf7f5.png','http://news.163.com/','2018-07-16 16:40:12',2),(10,'腾讯新闻','腾讯新闻','images/Site/2018/07/16/7378ebdbe9264f668eda1aab562a8ead.png','http://news.qq.com/','2018-07-16 16:40:12',2),(11,'好奇心日报','好奇心日报','images/Site/2018/07/16/7c0a2719716b46819eab2fb93a11eadf.png','http://www.qdaily.com/','2018-07-16 16:40:12',2),(12,'虎嗅','虎嗅','images/Site/2018/07/16/f35611bc17aa4ef398ddbb84f9688d27.png','https://www.huxiu.com/','2018-07-16 16:40:12',2),(13,'优酷','优酷','images/Site/2018/07/16/e82e76ece853406091597e590b186485.png','http://www.youku.com/','2018-07-16 16:42:29',3),(14,'爱奇艺','爱奇艺','images/Site/2018/07/16/e295e3d45c034c568323402fc1320b68.png','http://www.iqiyi.com/','2018-07-16 16:42:29',3),(15,'搜狐视频','搜狐视频','images/Site/2018/07/16/5d4f157c71654a3b8948722c1e5e068e.png','http://tv.sohu.com/','2018-07-16 16:42:29',3),(16,'腾讯视频','腾讯视频','images/Site/2018/07/16/41ea83871f7c41b680325c10e6402866.png','https://v.qq.com/','2018-07-16 16:42:29',3),(17,'网易云音乐','网易云音乐','images/Site/2018/07/16/d49bc6e42f404203abe1b79629d4cfa2.png','http://music.163.com/','2018-07-16 16:42:29',3),(18,'虾米音乐','虾米音乐','images/Site/2018/07/16/ba19c82c0ef64d8ebf10c9af59609685.png','http://www.xiami.com/','2018-07-16 16:42:29',3),(19,'163邮箱','163邮箱','images/Site/2018/07/16/97568b4e8a6f46008c1492f0c88e10cb.png','http://mail.163.com/','2018-07-16 16:44:33',4),(20,'126邮箱','126邮箱','images/Site/2018/07/16/240653df0d8c4fe6bb1cffc6a748cc5c.png','http://mail.126.com/','2018-07-16 16:44:33',4),(21,'QQ邮箱','QQ邮箱','images/Site/2018/07/16/e1f0b59ca5fc48b5b04d2abc7fec0551.png','https://mail.qq.com/','2018-07-16 16:44:33',4),(22,'新浪邮箱','新浪邮箱','images/Site/2018/07/16/a9b094b180644980afd331abdddf88a2.png','http://mail.sina.com.cn/','2018-07-16 16:44:33',4),(23,'腾讯企业邮箱','腾讯企业邮箱','images/Site/2018/07/16/46c7725eba954f2597edce80d7672031.png','https://exmail.qq.com/','2018-07-16 16:44:33',4),(24,'搜狐邮箱','搜狐邮箱','images/Site/2018/07/16/29de53ca378143169a612fcb15e651a6.png','http://mail.sohu.com/','2018-07-16 16:44:33',4),(25,'豆瓣','豆瓣','images/Site/2018/07/16/1804af59e2cd4226bbbe726366457a8a.png','https://www.douban.com/','2018-07-16 16:48:17',5),(26,'天涯','天涯','images/Site/2018/07/16/4df3b6c581b4434d98799ab82ba032d6.png','http://www.tianya.cn/','2018-07-16 16:48:17',5),(27,'百度贴吧','百度贴吧','images/Site/2018/07/16/cd7ce70a64804e0dacd510a149da990a.png','https://tieba.baidu.com/index.html','2018-07-16 16:48:17',5),(28,'QQ空间','QQ空间','images/Site/2018/07/16/e0d87e701d2a4d1ea5c9a0299cf0d208.png','http://qzone.qq.com/','2018-07-16 16:48:17',5),(29,'猫扑社区','猫扑社区','images/Site/2018/07/16/a57d227de2414b5996a71942b4fa81a6.png','http://www.mop.com/','2018-07-16 16:48:17',5),(30,'人人网','人人网','images/Site/2018/07/16/ed4f30ad6f524eb48c74dff1b15e58fd.png','http://www.renren.com/','2018-07-16 16:48:17',5),(31,'谷歌翻译','谷歌翻译','images/Site/2018/07/16/26dfa50a9d474ccc83ab4817496765f5.png','http://translate.google.cn/','2018-07-16 16:54:29',6),(32,'有道词典','有道词典','images/Site/2018/07/16/65b1fe41994a4105b316cabd72eba492.png','http://dict.youdao.com/','2018-07-16 16:54:29',6),(33,'百度软件中心','百度软件中心','images/Site/2018/07/16/87ba850466924964bfcf2bddcc6725a4.png','http://rj.baidu.com/','2018-07-16 16:54:29',6),(34,'腾讯软件中心','腾讯软件中心','images/Site/2018/07/16/f0fcb034a19047fa9ca6d0d7802c1b6b.png','http://pc.qq.com/','2018-07-16 16:54:29',6),(35,'印象笔记','印象笔记','images/Site/2018/07/16/fd04ccc97fb9459caa8868ea19f5af5c.png','https://www.yinxiang.com/','2018-07-16 16:54:29',6),(36,'有道云笔记','有道云笔记','images/Site/2018/07/16/98e3264c5c4049fb96ef9e2e9d9550bd.png','http://note.youdao.com/','2018-07-16 16:54:29',6),(37,'网易公开课','网易公开课','images/Site/2018/07/16/7c8e83eab8ae4b8eb483e89f99bb85a5.png','http://open.163.com/','2018-07-16 16:57:05',7),(38,'网易云课堂','网易云课堂','images/Site/2018/07/16/1d7acb27ae634cd7b7ae7f645f589394.png','http://study.163.com/','2018-07-16 16:57:05',7),(39,'多贝公开课','多贝公开课','images/Site/2018/07/16/43536a185298445b9c90972078b4774e.png','http://www.duobei.com/','2018-07-16 16:57:06',7),(40,'腾讯课堂','腾讯课堂','images/Site/2018/07/16/58119e4a3c9e4eb185ed562f38dd0439.png','https://ke.qq.com/','2018-07-16 16:57:06',7),(41,'极客学院','极客学院','images/Site/2018/07/16/1cff3274377241378d59d5e403291375.png','http://www.jikexueyuan.com/','2018-07-16 16:57:06',7),(42,'百度传课','百度传课','images/Site/2018/07/16/32c9d21109ea4d218099fac287d3f55a.png','http://www.chuanke.com/','2018-07-16 16:57:06',7),(43,'资源猫','资源猫','images/Site/2018/07/16/4741c728a8884bc7b500ac4eb708f56d.png','http://www.ziyuanmao.com/','2018-07-16 17:00:07',8),(44,'电驴','电驴','images/Site/2018/07/16/ff95511409e24e3c911438b537a0f670.png','http://www.verycd.com/','2018-07-16 17:00:07',8),(45,'搜百度盘','搜百度盘','images/Site/2018/07/16/c5f440bc0e154d7fb2b82a95b35fcd93.png','http://www.sobaidupan.com/','2018-07-16 17:00:07',8),(46,'BT蚂蚁','BT蚂蚁','images/Site/2018/07/16/6e0f09c8fad84042a41c86a744d90327.png','http://www.btann.com/','2018-07-16 17:00:07',8),(47,'爱问共享资料','爱问共享资料','images/Site/2018/07/16/54fd0a5eea20435cbc1f45fb8c63227f.png','http://ishare.iask.sina.com.cn/','2018-07-16 17:00:07',8),(48,'百度文库','百度文库','images/Site/2018/07/16/6c74ec6766be4362bea846791accb27a.png','http://wenku.baidu.com/','2018-07-16 17:00:07',8),(49,'维基百科','维基百科','images/Site/2018/07/16/750435c6fcfd4e81870e88ffadb99531.png','https://zh.wikipedia.org/','2018-07-16 17:02:49',9),(50,'百度百科','百度百科','images/Site/2018/07/16/86713a3859034eb3b3bc1096fa9e761e.png','https://baike.baidu.com/','2018-07-16 17:02:49',9),(51,'互动百科','互动百科','images/Site/2018/07/16/d405e3b9371a462cbd4aac812bfa1026.png','http://www.baike.com/','2018-07-16 17:02:49',9),(52,'MBA智库','MBA智库','images/Site/2018/07/16/ed9f7f4c31e3493bb7423bcab246cd7f.png','http://wiki.mbalib.com/','2018-07-16 17:02:49',9),(53,'360百科','360百科','images/Site/2018/07/16/45eaa79d81c44b39ae668d60d6a1bc12.png','http://baike.so.com/','2018-07-16 17:02:49',9),(54,'搜狗百科','搜狗百科','images/Site/2018/07/16/3d8bd69fc9604ffe99c851071603130a.png','http://baike.sogou.com/','2018-07-16 17:02:49',9),(55,'知乎','知乎','images/Site/2018/07/16/93786044c214460f98529de47494a90e.png','https://www.zhihu.com/explore','2018-07-16 17:04:54',10),(56,'果壳','果壳','images/Site/2018/07/16/4f62a0d9705d492f9b244982e279df94.png','http://www.guokr.com/ask/','2018-07-16 17:04:54',10),(57,'百度知道','百度知道','images/Site/2018/07/16/2f785b16c2bb4e918115b8f9a941e94f.png','https://zhidao.baidu.com/','2018-07-16 17:04:54',10),(58,'天涯知道','天涯知道','images/Site/2018/07/16/4df3b6c581b4434d98799ab82ba032d6_S7Ebb34.png','http://wenda.tianya.cn/','2018-07-16 17:04:54',10),(59,'新浪爱问','新浪爱问','images/Site/2018/07/16/4a02de890fb647b58c90af3a7b2bf3dd.png','http://iask.sina.com.cn/','2018-07-16 17:04:54',10),(60,'360问答','360问答','images/Site/2018/07/16/17cb373b0aff4622a3f6dbf31def3af1.png','http://wenda.so.com/','2018-07-16 17:04:54',10),(61,'虎扑足球','虎扑足球','images/Site/2018/07/16/320dabf39b274283acee77785e5a9618.png','http://soccer.hupu.com/','2018-07-16 17:07:31',11),(62,'乐视足球直播','乐视足球直播','images/Site/2018/07/16/fb6c2e83a73c4ba69ade2b07c2bff0cf.png','http://www.lesports.com/','2018-07-16 17:07:31',11),(63,'新浪足球','新浪足球','images/Site/2018/07/16/2ca0c11cf95a42389408330dca42ba13.png','http://sports.sina.com.cn/global/','2018-07-16 17:07:31',11),(64,'网易足球','网易足球','images/Site/2018/07/16/4b558a4cfc924505a092a35c778f0ede.png','http://sports.163.com/world/','2018-07-16 17:07:31',11),(65,'足协','足协','images/Site/2018/07/16/dd0c7c6ba43e427993e8303d8aa96740.png','http://www.fa.org.cn/','2018-07-16 17:07:31',11),(66,'CCTV','CCTV','images/Site/2018/07/16/8b3d01d337b247a891770e6c9f5b82c8.png','http://sports.cctv.com/football/index.shtml','2018-07-16 17:07:31',11),(67,'虎扑NBA','虎扑NBA','images/Site/2018/07/16/320dabf39b274283acee77785e5a9618_H0eJs4m.png','http://nba.hupu.com/','2018-07-16 17:11:37',12),(68,'乐视篮球直播','乐视篮球直播','images/Site/2018/07/16/c580795cbd954bef9e50efd89ce0b719.png','http://nba.lesports.com/','2018-07-16 17:11:37',12),(69,'腾讯NBA','腾讯NBA','images/Site/2018/07/16/396045d8b6064cf0b387d5b2f33956a0.png','http://sports.qq.com/nba/','2018-07-16 17:11:37',12),(70,'新浪NBA','新浪NBA','images/Site/2018/07/16/2ca0c11cf95a42389408330dca42ba13_QmjsvOG.png','http://sports.sina.com.cn/nba/','2018-07-16 17:11:37',12),(71,'NBA官网','NBA官网','images/Site/2018/07/16/7574cf7e09054ce8830b6385ae9b2b57.png','http://china.nba.com/','2018-07-16 17:11:37',12),(72,'CBA官网','CBA官网','images/Site/2018/07/16/569a73960c50423fab22295c85944eef.png','http://www.cba.gov.cn/','2018-07-16 17:11:37',12),(73,'凤凰军事','凤凰军事','images/Site/2018/07/16/0a76e7996b26486bb2faa92ba265a0fd.png','http://news.ifeng.com/mil/','2018-07-16 17:14:36',13),(74,'空军之翼','空军之翼','images/Site/2018/07/16/0b410bca2045445e85d71d4d21585c35.png','http://www.afwing.com/','2018-07-16 17:14:36',13),(75,'超级大本营','超级大本营','images/Site/2018/07/16/4af0bd3b117b4591b49417dda3b177b0.png','http://lt.cjdby.net/','2018-07-16 17:14:36',13),(76,'铁血网','铁血网','images/Site/2018/07/16/fc42234f880741ca9792eef176fd2153.png','http://www.tiexue.net/','2018-07-16 17:14:36',13),(77,'西陆网','西陆网','images/Site/2018/07/16/2d584acf7dda4210977814f92504b049.png','http://junshi.xilu.com/','2018-07-16 17:14:36',13),(78,'米尔军事','米尔军事','images/Site/2018/07/16/8082b5b4fca54dc7a97e0e8f37342fd4.png','http://www.miercn.com/','2018-07-16 17:14:36',13),(79,'汽车之家','汽车之家','images/Site/2018/07/16/b46327352f8b4f9f82269ed6f655c4e6.png','http://www.autohome.com.cn/','2018-07-16 17:17:22',16),(80,'太平洋汽车','太平洋汽车','images/Site/2018/07/16/fd67f9bcfd354804a2fd7d75da6f5681.png','http://www.pcauto.com.cn/','2018-07-16 17:17:22',16),(81,'易车','易车','images/Site/2018/07/16/8e723cb4c2d749869e5b93e26f4ea2aa.png','http://www.bitauto.com/','2018-07-16 17:17:22',16),(82,'爱卡汽车','爱卡汽车','images/Site/2018/07/16/c1355581c9654e8e9c0006634bc6a04e.png','http://www.xcar.com.cn/','2018-07-16 17:17:22',16),(83,'新浪汽车','新浪汽车','images/Site/2018/07/16/873faff4c39e4df790547c09a912cfd6.png','http://auto.sina.com.cn/','2018-07-16 17:17:22',16),(84,'搜狐汽车','搜狐汽车','images/Site/2018/07/16/c9f1cfb443544d56acf8f17f7125d4b2.png','http://auto.sohu.com/','2018-07-16 17:17:22',16),(85,'英雄联盟','英雄联盟','images/Site/2018/07/16/56a2c95539a9438daea4c12be4dd5a8b.png','http://lol.qq.com/','2018-07-16 17:19:27',15),(86,'龙之谷','龙之谷','images/Site/2018/07/16/d6dec467235f436994465318d21d1c07.png','http://dn.qq.com/','2018-07-16 17:19:27',15),(87,'魔兽世界','魔兽世界','images/Site/2018/07/16/86931c7ab8e440408a4f4f0db08ee27e.png','https://www.wowchina.com/','2018-07-16 17:19:27',15),(88,'坦克世界','坦克世界','images/Site/2018/07/16/eadd2e225abe48b1802a88cb60c32c28.png','http://wot.kongzhong.com/','2018-07-16 17:19:27',15),(89,'穿越火线','穿越火线','images/Site/2018/07/16/cd72b5533c70432898d055e30ce4bf2b.png','http://cf.qq.com/','2018-07-16 17:19:27',15),(90,'地下城与勇士','地下城与勇士','images/Site/2018/07/16/e35c9d711b834185a34ebe3598972f85.png','http://dnf.qq.com/','2018-07-16 17:19:27',15),(91,'瘾科技','瘾科技','images/Site/2018/07/16/aeff7cbbc25646a7afcb3f4124da17c9.png','http://cn.engadget.com/','2018-07-16 17:21:59',14),(92,'Zealer','Zealer','images/Site/2018/07/16/693670ee03c34d42831efd1a796dc4de.png','http://www.zealer.com/','2018-07-16 17:21:59',14),(93,'数字尾巴','数字尾巴','images/Site/2018/07/16/523faebf794641a88511e3d22dc143de.png','http://www.dgtle.com/','2018-07-16 17:21:59',14),(94,'中关村在线','中关村在线','images/Site/2018/07/16/8f4fc4ef4789427e9abdce4275209ec3.png','http://www.zol.com.cn/','2018-07-16 17:21:59',14),(95,'太平洋电脑','太平洋电脑','images/Site/2018/07/16/930cd985641645a8aa88b31d4c173397.png','http://www.pconline.com.cn/','2018-07-16 17:21:59',14),(96,'大米评测','大米评测','images/Site/2018/07/16/b0eaae78693940a496d816006bc7dc28.png','http://www.pingce.net/','2018-07-16 17:21:59',14),(97,'尤果','尤果','images/Site/2018/07/16/9595a0cb5f7d448992e424a2b06b5e59.png','http://www.ugirls.com/','2018-07-16 17:24:18',18),(98,'花瓣','花瓣','images/Site/2018/07/16/485ba9134d6b48eb834410bbb63e5846.png','http://huaban.com/favorite/beauty/','2018-07-16 17:24:18',18),(99,'日韩美女','日韩美女','images/Site/2018/07/16/c7e6092bc2794118959f0ece16b62fea.png','http://www.84420.com/','2018-07-16 17:24:18',18),(100,'新浪美女','新浪美女','images/Site/2018/07/16/2ca0c11cf95a42389408330dca42ba13_t9PG7IC.png','http://eladies.sina.com.cn/photo/','2018-07-16 17:24:18',18),(101,'多玩美女','多玩美女','images/Site/2018/07/16/963b13f07875488d980c3127bbb8862a.png','http://tu.duowan.com/m/meinv/','2018-07-16 17:24:18',18),(102,'美女8','美女8','images/Site/2018/07/16/47a5d17975bb495081973a336de9617f.png','http://www.84233.com/','2018-07-16 17:24:18',18),(103,'东方财富','东方财富','images/Site/2018/07/16/038d5f83cba247a5948bac5eb8370c47.png','http://www.eastmoney.com/','2018-07-16 17:27:18',17),(104,'第一财经','第一财经','images/Site/2018/07/16/eae9c567c8c948dc852ff46029a6f957.png','http://www.yicai.com/','2018-07-16 17:27:18',17),(105,'和讯财经','和讯财经','images/Site/2018/07/16/36947644014648dabdb2a87b1953a9c2.png','http://www.hexun.com/','2018-07-16 17:27:18',17),(106,'股吧','股吧','images/Site/2018/07/16/3159c19081b243a6aaa0df19a72e931a.png','http://guba.eastmoney.com/','2018-07-16 17:27:18',17),(107,'雪球','雪球','images/Site/2018/07/16/9a027e5fa44749118defefeed1a2b68c.png','https://xueqiu.com/','2018-07-16 17:27:18',17),(108,'凤凰财经','凤凰财经','images/Site/2018/07/16/19e0d31846494845a0d3f5d351a6600c.png','http://finance.ifeng.com/','2018-07-16 17:27:19',17),(109,'雷锋网','雷锋网','images/Site/2018/07/16/d9ce6c77ff33432d979865065eba7e46.png','http://www.leiphone.com/','2018-07-16 17:30:12',19),(110,'比特网','比特网','images/Site/2018/07/16/8d566098ea0a45c19faee110b55df5c8.png','http://www.chinabyte.com/','2018-07-16 17:30:12',19),(111,'极客公园','极客公园','images/Site/2018/07/16/c9608d72f67e484986773c548bf9ab1a.png','http://www.geekpark.net/','2018-07-16 17:30:12',19),(112,'爱范儿','爱范儿','images/Site/2018/07/16/dc353231930b4ea29c4780f5286a958a.png','http://www.ifanr.com/','2018-07-16 17:30:12',19),(113,'钛媒体','钛媒体','images/Site/2018/07/16/560019291622491bb37495b01a18ca63.png','http://www.tmtpost.com/','2018-07-16 17:30:12',19),(114,'花火','花火','images/Site/2018/07/16/d86ad7955381494c913f60a7d6583a9c.png','http://www.huahuo.com/','2018-07-16 17:30:12',19),(115,'39健康减肥','39健康减肥','images/Site/2018/07/16/057567e6a0564093bce6f86491472ba4.png','http://fitness.39.net/','2018-07-16 17:32:40',20),(116,'减肥瘦身','减肥瘦身','images/Site/2018/07/16/8bfc34c3d1254c999a93636d6b75b123.png','http://www.jianfei.net/','2018-07-16 17:32:40',20),(117,'6631','6631','images/Site/2018/07/16/92a5ac53385a40ecb662d6475a53d75b.png','http://www.6631.com/','2018-07-16 17:32:40',20),(118,'减肥网','减肥网','images/Site/2018/07/16/7e076218d8414e73a5b781669859c986.png','http://www.jjff.com/','2018-07-16 17:32:40',20),(119,'薄荷','薄荷','images/Site/2018/07/16/0c32f2861b09416d995a72a6e09af2df.png','http://www.boohee.com/','2018-07-16 17:32:40',20),(120,'爱美瘦身','爱美瘦身','images/Site/2018/07/16/a48060a8db4f4b708a2c83208ae8567e.png','http://www.lady8844.com/shoushen/','2018-07-16 17:32:40',20),(121,'搜狐女人','搜狐女人','images/Site/2018/07/16/e409e76b2f4e47778e4e1b1a905aee32.png','http://beauty.sohu.com/','2018-07-16 17:34:56',21),(122,'YOKA美容','YOKA美容','images/Site/2018/07/16/d0a1fe8b6fb14fb39fdfb706789337de.png','http://www.yoka.com/beauty/','2018-07-16 17:34:56',21),(123,'onlyLady','onlyLady','images/Site/2018/07/16/63598c03801643dfad3d8e2ec325b310.png','http://beauty.onlylady.com/','2018-07-16 17:34:56',21),(124,'pcLady','pcLady','images/Site/2018/07/16/03d37262d2174816a863fb86d19d3f46.png','http://beauty.pclady.com.cn/','2018-07-16 17:34:56',21),(125,'腾讯女性','腾讯女性','images/Site/2018/07/16/02a4307bc7634e90b1d8bfe043e6b75e.png','http://lady.qq.com/beauty/beauty.shtml','2018-07-16 17:34:56',21),(126,'网易美容','网易美容','images/Site/2018/07/16/25fcb2f750d644299f4cc6b3b85beb2c.png','http://lady.163.com/beauty/','2018-07-16 17:34:56',21),(127,'星座屋','星座屋','images/Site/2018/07/16/de382c110fa240b8b6f81f02de3aab47.png','http://www.xzw.com/','2018-07-16 17:37:11',22),(128,'第一星座','第一星座','images/Site/2018/07/16/7b0478263a5841968dd6ef3c3ad1b669.png','http://www.d1xz.net/','2018-07-16 17:37:11',22),(129,'腾讯星座','腾讯星座','images/Site/2018/07/16/02a4307bc7634e90b1d8bfe043e6b75e_luc9MQs.png','http://astro.fashion.qq.com/','2018-07-16 17:37:11',22),(130,'网易星座','网易星座','images/Site/2018/07/16/25fcb2f750d644299f4cc6b3b85beb2c_B9Miv4k.png','http://lady.163.com/astro/','2018-07-16 17:37:11',22),(131,'搜狐星座','搜狐星座','images/Site/2018/07/16/66bfed515c544e01a51b3be42e4b7dc2.png','http://astro.women.sohu.com/','2018-07-16 17:37:11',22),(132,'新浪星座','新浪星座','images/Site/2018/07/16/1a234b7e97ca41e8898bc33811d9c1ce.png','http://astro.sina.com.cn/','2018-07-16 17:37:11',22),(133,'太平洋亲子','太平洋亲子','images/Site/2018/07/16/3556f56e02f4404c920cf4cc850cb29b.png','http://www.pcbaby.com.cn/','2018-07-16 17:39:30',24),(134,'妈妈网','妈妈网','images/Site/2018/07/16/d862e3f639d44c0f9f9d4d3e02e2aa3f.png','http://www.mama.cn/','2018-07-16 17:39:30',24),(135,'蜜芽网','蜜芽网','images/Site/2018/07/16/bcf920d0150f4df9b8777b15ad96c1bc.png','http://www.mia.com/','2018-07-16 17:39:30',24),(136,'亲亲宝贝','亲亲宝贝','images/Site/2018/07/16/592372540bad415c909a21018edfd98f.png','http://www.qbaobei.com/','2018-07-16 17:39:30',24),(137,'新浪育儿','新浪育儿','images/Site/2018/07/16/1a234b7e97ca41e8898bc33811d9c1ce_nlnarqc.png','http://baby.sina.com.cn/','2018-07-16 17:39:30',24),(138,'搜狐母婴','搜狐母婴','images/Site/2018/07/16/66bfed515c544e01a51b3be42e4b7dc2_GnkQJjL.png','http://baobao.sohu.com/','2018-07-16 17:39:30',24),(139,'net-a-porter','net-a-porter','images/Site/2018/07/16/fe2c02181c9f43febfeec91eefb701b8.png','https://www.net-a-porter.com/','2018-07-16 17:42:15',23),(140,'yoox','yoox','images/Site/2018/07/16/8d95b783c40e4c52bdd1ff3e0843addb.png','http://www.yoox.cn/cn','2018-07-16 17:42:15',23),(141,'第五大道','第五大道','images/Site/2018/07/16/4ee9d164d1c64f8c888f8f1672793cc0.png','http://www.5lux.com/','2018-07-16 17:42:15',23),(142,'优众','优众','images/Site/2018/07/16/9129b92430eb4e4d8c2c5a1ee301d6e0.png','http://www.ihaveu.com/','2018-07-16 17:42:15',23),(143,'寺库','寺库','images/Site/2018/07/16/ceb29e842b6f4706aaaf31af4020c694.png','http://www.secoo.com/','2018-07-16 17:42:15',23),(144,'farfetch','farfetch','images/Site/2018/07/16/48165a8a85044e618100cf9393886224.png','https://www.farfetch.com/cn/shopping/women/items.aspx','2018-07-16 17:42:15',23),(145,'脸书','脸书','images/Site/2018/07/16/aa4ac7b0c8904d07935eb7ae2dcd8028.png','http://www.facebook.com/','2018-07-16 17:45:29',111),(146,'油管','油管','images/Site/2018/07/16/bf17da1ca0cb447696903fd685d7ab98.png','http://www.youtube.com/','2018-07-16 17:45:29',111),(147,'照片墙','照片墙','images/Site/2018/07/16/0a3145f5db2f48d1bf752bc3549c5cf8.png','http://instagram.com/','2018-07-16 17:45:29',111),(148,'推特','推特','images/Site/2018/07/16/7647ff2d43b74701b0d12460fefb067d.png','https://twitter.com/','2018-07-16 17:45:29',111),(149,'汤不热','汤不热','images/Site/2018/07/16/4a05a23c991d46f1bb81771915771fe3.png','https://www.tumblr.com/','2018-07-16 17:45:29',111),(150,'谷歌+','谷歌+','images/Site/2018/07/16/cac7f6bed32c4349ac89b53f97161c57.png','http://plus.google.com/','2018-07-16 17:45:29',111),(151,'Hulu','Hulu','images/Site/2018/07/16/91e55fb5442b43348018f9bb94f49c49.png','https://www.hulu.com/','2018-07-16 17:55:41',113),(152,'烂番茄','烂番茄','images/Site/2018/07/16/808a05fc3e0d49bc8f78e493881c3c51.png','https://www.rottentomatoes.com/','2018-07-16 17:55:41',113),(153,'Vimeo','Vimeo','images/Site/2018/07/16/24f40c4df86043d8bfac49a08aad85fb.png','http://vimeo.com/','2018-07-16 17:55:41',113),(154,'Spotify','Spotify','images/Site/2018/07/16/13ab896f8cb74d10a2dc6c79e12c2445.png','https://www.spotify.com/','2018-07-16 17:55:41',113),(155,'IMDb','IMDb','images/Site/2018/07/16/a47111eaad2849ae9577ff14993ee232.png','http://www.imdb.com/','2018-07-16 17:55:41',113),(156,'潘多拉','潘多拉','images/Site/2018/07/16/e241466a96054eba8a33d8fade8b0f37.png','http://www.pandora.com/','2018-07-16 17:55:41',113),(157,'Reddit','Reddit','images/Site/2018/07/16/2ed454a28533485384b18d210f051d4d.png','https://www.reddit.com/','2018-07-16 17:58:16',112),(158,'领英','领英','images/Site/2018/07/16/f922f5528f9b42dcb2927335272d7a5a.png','https://www.linkedin.com/','2018-07-16 17:58:16',112),(159,'雅虎','雅虎','images/Site/2018/07/16/f65b0e559a6a4bba8168d8077fa1baaf.png','https://www.yahoo.com/','2018-07-16 17:58:16',112),(160,'拼趣','拼趣','images/Site/2018/07/16/0ddc118f60d94607868cedb6d0fd15b0.png','http://www.pinterest.com/','2018-07-16 17:58:16',112),(161,'维基百科','维基百科','images/Site/2018/07/16/2f577dac6ddd4d769975083f1125ba12.png','https://en.wikipedia.org/','2018-07-16 17:58:16',112),(162,'Quora','Quora','images/Site/2018/07/16/62b3854febdd44d784b67046b44e48f3.png','https://www.quora.com/','2018-07-16 17:58:16',112),(163,'CNN','CNN','images/Site/2018/07/16/bdc2067e1ab24711831ec4f56a1fb121.png','http://www.cnn.com/','2018-07-16 18:00:43',115),(164,'BBC','BBC','images/Site/2018/07/16/e8d34cf3772f4d229c0589dd06f71bfc.png','http://www.bbc.com/news','2018-07-16 18:00:43',115),(165,'谷歌新闻','谷歌新闻','images/Site/2018/07/16/92bb443cf02f4c46b2233963152070b4.png','https://news.google.com/','2018-07-16 18:00:43',115),(166,'福克斯新闻','福克斯新闻','images/Site/2018/07/16/87033b4319ac4075bdea16b83e7ebffe.png','http://www.foxnews.com/','2018-07-16 18:00:43',115),(167,'雅虎新闻','雅虎新闻','images/Site/2018/07/16/f2cbbaa76ea84c8fa0a4a3329540e276.png','https://www.yahoo.com/news','2018-07-16 18:00:43',115),(168,'SalonNews','SalonNews','images/Site/2018/07/16/adfa94640747400a96e7732c1e581714.png','http://www.salon.com/category/news','2018-07-16 18:00:43',115),(169,'Gmail','Gmail','images/Site/2018/07/16/6be758eb2ad5437fb22f2dc9471d5c36.png','https://www.gmail.com/','2018-07-16 18:03:08',114),(170,'YahooMail','YahooMail','images/Site/2018/07/16/e306f2d42a294dc081a17f5faa0b48e6.png','https://login.yahoo.com/','2018-07-16 18:03:08',114),(171,'OutlookMail','OutlookMail','images/Site/2018/07/16/d702ff9ad060487fbd32c729585a9545.png','https://outlook.live.com/','2018-07-16 18:03:08',114),(172,'AOLMail','AOLMail','images/Site/2018/07/16/b5a4066f5fcb4315aea66806d34eff5a.png','https://www.mail.aol.com/','2018-07-16 18:03:08',114),(173,'zohoMail','zohoMail','images/Site/2018/07/16/6ac88c18d1434685bd042e0ee1e4ab10.png','https://www.zoho.com/mail','2018-07-16 18:03:08',114),(174,'Mail','Mail','images/Site/2018/07/16/f0b11df597d14a6bb7747f0b7d6538be.png','https://www.mail.com/','2018-07-16 18:03:08',114),(175,'瘾科技','瘾科技','images/Site/2018/07/16/d578c76aac114e10a5e06685c1635577.png','https://www.engadget.com/','2018-07-16 18:05:53',117),(176,'TheVerge','TheVerge','images/Site/2018/07/16/6a5ad19908d24305bf6f0734644a6da6.png','http://www.theverge.com/','2018-07-16 18:05:53',117),(177,'DigitalTrends','DigitalTrends','images/Site/2018/07/16/a20ead8d25b845ecba02720edc6b257a.png','http://www.digitaltrends.com/','2018-07-16 18:05:53',117),(178,'CM团队','CM团队','images/Site/2018/07/16/9484767ca57d4014aadff84e9f5fc121.png','https://www.cyanogenmod.org/','2018-07-16 18:05:53',117),(179,'Anandtech','Anandtech','images/Site/2018/07/16/7ccd3a6a7a8c4f00ac0ee980c95ce8dd.png','http://www.anandtech.com/','2018-07-16 18:05:53',117),(180,'NotebookCheck','NotebookCheck','images/Site/2018/07/16/22c3b09cac794a169fc8d365c6e6f2b8.png','https://www.notebookcheck.net/','2018-07-16 18:05:53',117),(181,'亚马逊','亚马逊','images/Site/2018/07/16/5ae16a84504740ef89a8da13204e964c.png','https://www.amazon.com/','2018-07-16 18:08:42',116),(182,'Ebay','Ebay','images/Site/2018/07/16/b8e51e7a04bc4bff85f8fad42c8f494d.png','http://www.ebay.com/','2018-07-16 18:08:42',116),(183,'NewEgg','NewEgg','images/Site/2018/07/16/0bbd132de98948448a6cd381a3fff031.png','https://www.newegg.com/','2018-07-16 18:08:42',116),(184,'GroupOn','GroupOn','images/Site/2018/07/16/bd90716688ca4d59ae2dccadd7511d65.png','https://www.groupon.com/','2018-07-16 18:08:42',116),(185,'Esty','Esty','images/Site/2018/07/16/44e4942ca39c4f79a49751b37e49848f.png','https://www.etsy.com/','2018-07-16 18:08:42',116),(186,'Target','Target','images/Site/2018/07/16/7a78e494519846928fcdf674ed651532.png','http://intl.target.com/','2018-07-16 18:08:42',116),(187,'美国在线','美国在线','images/Site/2018/07/16/25b083e5f63f40e39aeb8701ceb552de.png','https://www.aol.com/','2018-07-16 18:10:55',120),(188,'TED','TED','images/Site/2018/07/16/c4b2c201a06345c4af4749fd1c037033.png','https://www.ted.com/','2018-07-16 18:10:55',120),(189,'美国之声','美国之声','images/Site/2018/07/16/f96ccad0c8a04138adab6c774880adc9.png','http://www.voanews.com/','2018-07-16 18:10:55',120),(190,'500PX','500PX','images/Site/2018/07/16/cf3155029cc44fe2b543a38a129750f0.png','http://500px.com/','2018-07-16 18:10:55',120),(191,'格莱美','格莱美','images/Site/2018/07/16/afab4d1306d149a4bfda17153a5ec24c.png','http://www.grammy.com/','2018-07-16 18:10:55',120),(192,'奥斯卡','奥斯卡','images/Site/2018/07/16/40e035a5167a4319b383e25b344f570e.png','http://www.oscars.org/','2018-07-16 18:10:55',120),(193,'谷歌地球','谷歌地球','images/Site/2018/07/16/8dd87aeeb8684c2f8e1291069889092c.png','https://www.google.com/earth','2018-07-16 18:13:16',119),(194,'谷歌地图','谷歌地图','images/Site/2018/07/16/4e73b5da86834e06ab2b0cb2c32638ff.png','https://www.google.com/maps','2018-07-16 18:13:16',119),(195,'谷歌学术','谷歌学术','images/Site/2018/07/16/c6df7928db394ddea6e434d4702d1b38.png','https://scholar.google.com/','2018-07-16 18:13:16',119),(196,'谷歌+','谷歌+','images/Site/2018/07/16/c3f3da31cbfa410cb74616e1225e8fc3.png','https://plus.google.com/','2018-07-16 18:13:16',119),(197,'谷歌图书','谷歌图书','images/Site/2018/07/16/7559701a4770430bbfde22d6559251dd.png','https://books.google.com/','2018-07-16 18:13:16',119),(198,'GooglePlay','GooglePlay','images/Site/2018/07/16/151a312bf824401fbab81c513427ba86.png','https://play.google.com/','2018-07-16 18:13:16',119),(199,'海盗湾','海盗湾','images/Site/2018/07/16/26731d459df5414e94cea61ac45410c4.png','https://thepiratebay.org/','2018-07-16 18:15:28',118),(200,'kickasstorrentsan','kickasstorrentsan','images/Site/2018/07/16/70db97d6a94542988a9f75ea13fca3b1.png','http://kickasstorrentsan.com/','2018-07-16 18:15:28',118),(201,'btsynckeys','btsynckeys','images/Site/2018/07/16/4ec17a38b2114ec2a9d4b1946e56194a.png','http://btsynckeys.com/','2018-07-16 18:15:28',118),(202,'mininova','mininova','images/Site/2018/07/16/ce0e0638f4124a9da425821d3a06d0a7.png','http://www.mininova.org/','2018-07-16 18:15:28',118),(203,'btmeet','btmeet','images/Site/2018/07/16/149c5453e3d44a22adcd993a63bb18b7.png','http://www.btmeet.org/','2018-07-16 18:15:28',118),(204,'btdigg','btdigg','images/Site/2018/07/16/13e3e17134294789866a952924253c11.png','http://www.btdigg.org/','2018-07-16 18:15:28',118);
/*!40000 ALTER TABLE `web_site` ENABLE KEYS */;
UNLOCK TABLES;

--
-- Table structure for table `web_smallcategory`
--

DROP TABLE IF EXISTS `web_smallcategory`;
/*!40101 SET @saved_cs_client     = @@character_set_client */;
/*!40101 SET character_set_client = utf8 */;
CREATE TABLE `web_smallcategory` (
  `id` int(11) NOT NULL AUTO_INCREMENT,
  `name` varchar(100) NOT NULL,
  `created_time` datetime NOT NULL,
  `category_id` int(11) NOT NULL,
  PRIMARY KEY (`id`),
  KEY `web_smallcategory_category_id_5860eb94_fk_web_category_id` (`category_id`),
  CONSTRAINT `web_smallcategory_category_id_5860eb94_fk_web_category_id` FOREIGN KEY (`category_id`) REFERENCES `web_category` (`id`)
) ENGINE=InnoDB AUTO_INCREMENT=194 DEFAULT CHARSET=utf8;
/*!40101 SET character_set_client = @saved_cs_client */;

--
-- Dumping data for table `web_smallcategory`
--

LOCK TABLES `web_smallcategory` WRITE;
/*!40000 ALTER TABLE `web_smallcategory` DISABLE KEYS */;
INSERT INTO `web_smallcategory` VALUES (1,'热门','2018-07-14 10:22:41',1),(2,'资讯','2018-07-14 10:22:48',1),(3,'影音','2018-07-14 10:22:55',1),(4,'邮箱','2018-07-14 10:23:03',1),(5,'社区','2018-07-14 10:23:13',1),(6,'办公','2018-07-14 10:23:19',1),(7,'学习','2018-07-14 10:23:25',1),(8,'资源','2018-07-14 10:23:30',1),(9,'百科','2018-07-14 10:23:38',1),(10,'问答','2018-07-14 10:23:43',1),(11,'足球','2018-07-14 10:45:19',2),(12,'篮球','2018-07-14 10:45:19',2),(13,'军事','2018-07-14 10:45:19',2),(14,'数码','2018-07-14 10:45:19',2),(15,'游戏','2018-07-14 10:45:19',2),(16,'汽车','2018-07-14 10:45:19',2),(17,'财经','2018-07-14 10:45:19',2),(18,'美女','2018-07-14 10:45:19',2),(19,'科技','2018-07-14 10:45:19',2),(20,'减肥','2018-07-14 10:46:09',3),(21,'美容','2018-07-14 10:46:09',3),(22,'星座','2018-07-14 10:46:09',3),(23,'奢侈品','2018-07-14 10:46:09',3),(24,'母婴','2018-07-14 10:46:09',3),(25,'时尚','2018-07-14 10:46:10',3),(26,'购物','2018-07-14 10:46:10',3),(27,'健康','2018-07-14 10:46:10',3),(28,'房产','2018-07-14 10:46:58',4),(29,'读书','2018-07-14 10:46:58',4),(30,'旅行','2018-07-14 10:46:58',4),(31,'娱乐','2018-07-14 10:46:58',4),(32,'美食','2018-07-14 10:46:58',4),(33,'宠物','2018-07-14 10:46:58',4),(34,'搞笑','2018-07-14 10:46:58',4),(35,'交友','2018-07-14 10:46:58',4),(36,'演出','2018-07-14 10:46:58',4),(37,'导航','2018-07-14 10:47:50',5),(38,'灵感','2018-07-14 10:47:50',5),(39,'图标','2018-07-14 10:47:50',5),(40,'图库','2018-07-14 10:47:50',5),(41,'社区','2018-07-14 10:47:50',5),(42,'工具','2018-07-14 10:47:50',5),(43,'团队','2018-07-14 10:47:50',5),(44,'字体','2018-07-14 10:47:50',5),(45,'漫画','2018-07-14 10:47:50',5),(46,'模板','2018-07-14 10:47:50',5),(47,'导航','2018-07-14 10:48:34',6),(48,'资讯','2018-07-14 10:48:34',6),(49,'数据','2018-07-14 10:48:34',6),(50,'设计','2018-07-14 10:48:34',6),(51,'运营','2018-07-14 10:48:34',6),(52,'服务','2018-07-14 10:48:34',6),(53,'工具','2018-07-14 10:48:34',6),(54,'体验','2018-07-14 10:48:34',6),(55,'社区','2018-07-14 10:48:34',6),(56,'活动','2018-07-14 10:48:34',6),(57,'人力','2018-07-14 10:49:17',7),(58,'财务','2018-07-14 10:49:17',7),(59,'法务','2018-07-14 10:49:17',7),(60,'公关','2018-07-14 10:49:17',7),(61,'税务','2018-07-14 10:49:17',7),(62,'审计','2018-07-14 10:49:17',7),(63,'调查','2018-07-14 10:49:17',7),(64,'数据分析','2018-07-14 10:50:13',8),(65,'营销推广','2018-07-14 10:50:13',8),(66,'广告平台','2018-07-14 10:50:13',8),(67,'开放平台','2018-07-14 10:50:13',8),(68,'论坛社区','2018-07-14 10:50:13',8),(69,'媒体资讯','2018-07-14 10:50:13',8),(70,'SEO','2018-07-14 10:50:13',8),(71,'在线工具','2018-07-14 10:50:13',8),(72,'创业服务','2018-07-14 10:51:03',9),(73,'营销推广','2018-07-14 10:51:03',9),(74,'线下活动','2018-07-14 10:51:03',9),(75,'孵化器','2018-07-14 10:51:03',9),(76,'融资','2018-07-14 10:51:03',9),(77,'资讯','2018-07-14 10:51:03',9),(78,'找人','2018-07-14 10:51:03',9),(79,'众筹','2018-07-14 10:51:03',9),(80,'外包','2018-07-14 10:51:03',9),(81,'官网','2018-07-14 10:51:57',10),(82,'社区','2018-07-14 10:51:57',10),(83,'软件','2018-07-14 10:51:57',10),(84,'网络框架','2018-07-14 10:51:57',10),(85,'图片框架','2018-07-14 10:51:57',10),(86,'数据库','2018-07-14 10:51:57',10),(87,'H5框架','2018-07-14 10:51:57',10),(88,'依赖注入','2018-07-14 10:51:57',10),(89,'图表框架','2018-07-14 10:51:57',10),(90,'综合','2018-07-14 10:51:57',10),(91,'官网','2018-07-14 10:52:46',11),(92,'社区','2018-07-14 10:52:46',11),(93,'网络框架','2018-07-14 10:52:46',11),(94,'图片框架','2018-07-14 10:52:46',11),(95,'图表框架','2018-07-14 10:52:46',11),(96,'数据库','2018-07-14 10:52:46',11),(97,'H5框架','2018-07-14 10:52:46',11),(98,'响应式','2018-07-14 10:52:46',11),(99,'测试调试','2018-07-14 10:52:46',11),(100,'UI框架','2018-07-14 10:52:46',11),(101,'官网','2018-07-14 10:53:35',12),(102,'社区','2018-07-14 10:53:36',12),(103,'框架','2018-07-14 10:53:36',12),(104,'软件','2018-07-14 10:53:36',12),(105,'论坛','2018-07-14 10:53:36',12),(106,'源码','2018-07-14 10:53:36',12),(107,'教程','2018-07-14 10:53:36',12),(108,'在线工具','2018-07-14 10:53:36',12),(109,'数据库','2018-07-14 10:53:36',12),(110,'服务器','2018-07-14 10:53:36',12),(111,'热门','2018-07-14 10:55:56',14),(112,'社区','2018-07-14 10:55:56',14),(113,'影音','2018-07-14 10:55:56',14),(114,'邮箱','2018-07-14 10:55:56',14),(115,'新闻','2018-07-14 10:55:56',14),(116,'电商','2018-07-14 10:55:56',14),(117,'数码','2018-07-14 10:55:56',14),(118,'资源','2018-07-14 10:55:56',14),(119,'Google','2018-07-14 10:55:56',14),(120,'综合','2018-07-14 10:55:56',14),(121,'公开课','2018-07-14 10:56:40',15),(122,'在线问答','2018-07-14 10:56:40',15),(123,'学术','2018-07-14 10:56:40',15),(124,'图书资源','2018-07-14 10:56:40',15),(125,'报纸','2018-07-14 10:56:40',15),(126,'杂志','2018-07-14 10:56:40',15),(127,'综合','2018-07-14 10:56:40',15),(128,'杂志','2018-07-14 10:57:29',16),(129,'专利查询','2018-07-14 10:57:29',16),(130,'众筹','2018-07-14 10:57:29',16),(131,'主机','2018-07-14 10:57:29',16),(132,'风投','2018-07-14 10:57:29',16),(133,'投行','2018-07-14 10:57:29',16),(134,'交易所','2018-07-14 10:57:29',16),(135,'人工智能','2018-07-14 10:57:57',17),(136,'虚拟现实','2018-07-14 10:57:57',17),(137,'生物','2018-07-14 10:57:57',17),(138,'能源','2018-07-14 10:57:57',17),(139,'空间','2018-07-14 10:57:57',17),(140,'机器人','2018-07-14 10:57:57',17),(141,'香港报纸','2018-07-14 10:58:58',18),(142,'香港大学','2018-07-14 10:58:58',18),(143,'香港社区','2018-07-14 10:58:58',18),(144,'香港政府','2018-07-14 10:58:58',18),(145,'台湾报纸','2018-07-14 10:58:58',18),(146,'台湾社区','2018-07-14 10:58:58',18),(147,'台湾新闻','2018-07-14 10:58:58',18),(148,'台湾机构','2018-07-14 10:58:58',18),(149,'台湾学校','2018-07-14 10:58:58',18),(150,'汽车','2018-07-14 10:59:35',19),(151,'服装','2018-07-14 10:59:35',19),(152,'手表','2018-07-14 10:59:35',19),(153,'化妆品','2018-07-14 10:59:35',19),(154,'游艇','2018-07-14 10:59:35',19),(155,'珠宝','2018-07-14 10:59:35',19),(156,'私人飞机','2018-07-14 10:59:35',19),(157,'电子','2018-07-14 10:59:35',19),(158,'联合国','2018-07-14 11:00:26',20),(159,'美国政府','2018-07-14 11:00:26',20),(160,'NGO','2018-07-14 11:00:26',20),(161,'科研','2018-07-14 11:00:26',20),(162,'金融','2018-07-14 11:00:26',20),(163,'足球','2018-07-14 11:00:26',20),(164,'篮球','2018-07-14 11:00:26',20),(165,'综合','2018-07-14 11:00:26',20),(166,'美国','2018-07-14 11:01:02',21),(167,'英国','2018-07-14 11:01:02',21),(168,'加拿大','2018-07-14 11:01:02',21),(169,'澳大利亚','2018-07-14 11:01:02',21),(170,'新西兰','2018-07-14 11:01:02',21),(171,'德国','2018-07-14 11:01:02',21),(172,'法国','2018-07-14 11:01:02',21),(173,'日本','2018-07-14 11:01:02',21),(174,'美国','2018-07-14 11:01:51',22),(175,'俄罗斯','2018-07-14 11:01:51',22),(176,'日本','2018-07-14 11:01:51',22),(177,'德国','2018-07-14 11:01:51',22),(178,'英国','2018-07-14 11:01:51',22),(179,'法国','2018-07-14 11:01:51',22),(180,'印度','2018-07-14 11:01:51',22),(181,'以色列','2018-07-14 11:01:51',22),(182,'论坛','2018-07-14 11:01:51',22),(183,'军工厂','2018-07-14 11:01:51',22),(184,'空间','2018-07-14 11:02:38',23),(185,'奇葩','2018-07-14 11:02:38',23),(186,'创意','2018-07-14 11:02:38',23),(187,'视频','2018-07-14 11:02:38',23),(188,'地图','2018-07-14 11:02:38',23),(189,'数据','2018-07-14 11:02:38',23),(190,'3D','2018-07-14 11:02:38',23),(191,'无聊','2018-07-14 11:02:38',23),(192,'技术','2018-07-14 11:02:38',23),(193,'其他','2018-07-14 11:02:38',23);
/*!40000 ALTER TABLE `web_smallcategory` ENABLE KEYS */;
UNLOCK TABLES;
/*!40103 SET TIME_ZONE=@OLD_TIME_ZONE */;

/*!40101 SET SQL_MODE=@OLD_SQL_MODE */;
/*!40014 SET FOREIGN_KEY_CHECKS=@OLD_FOREIGN_KEY_CHECKS */;
/*!40014 SET UNIQUE_CHECKS=@OLD_UNIQUE_CHECKS */;
/*!40101 SET CHARACTER_SET_CLIENT=@OLD_CHARACTER_SET_CLIENT */;
/*!40101 SET CHARACTER_SET_RESULTS=@OLD_CHARACTER_SET_RESULTS */;
/*!40101 SET COLLATION_CONNECTION=@OLD_COLLATION_CONNECTION */;
/*!40111 SET SQL_NOTES=@OLD_SQL_NOTES */;

-- Dump completed on 2018-07-16 21:27:24
